time,athome
5,1
5,1
5,1
15,1
20,1
25,1
25,1
30,1
45,1
50,1
55,1
55,1
60,1
65,1
70,1
70,1
75,1
85,1
90,1
90,1
95,1
105,1
110,1
110,1
115,1
115,1
125,1
130,1
135,1
140,1
145,1
160,1
165,1
180,1
185,1
185,1
185,1
190,1
195,1
195,1
200,1
200,1
205,1
205,1
225,1
250,1
250,1
255,1
255,1
270,1
275,1
275,1
280,1
285,1
290,1
295,1
300,1
305,1
310,1
310,1
315,1
320,1
340,1
340,1
345,1
350,2
360,2
365,2
365,2
370,2
390,2
390,2
410,2
410,2
415,2
420,2
430,2
430,2
435,2
450,2
455,2
460,2
470,2
475,2
480,2
495,2
500,2
500,2
500,2
520,2
520,2
525,2
535,2
540,2
550,2
570,2
570,2
575,2
580,6
590,6
590,6
595,6
595,6
615,6
620,6
640,6
645,6
645,6
650,6
665,6
670,6
675,6
685,6
695,6
700,6
705,6
720,6
725,6
725,6
735,6
740,6
750,6
755,6
765,6
770,6
775,6
780,6
820,6
825,6
830,6
835,6
840,6
850,6
850,3
855,3
860,3
865,3
870,3
890,3
895,3
900,3
920,3
920,3
940,3
945,3
950,3
960,3
965,3
970,3
975,3
975,3
980,3
990,3
995,3
1025,3
1030,3
1035,3
1045,3
1045,3
1050,3
1065,3
1070,3
1080,1
1085,3
1085,3
1090,3
1100,3
1105,3
1110,6
1110,6
1115,6
1120,6
1125,6
1135,6
1140,6
1160,6
1165,6
1175,6
1180,6
1200,6
1215,6
1220,6
1220,6
1240,6
1245,6
1265,6
1270,6
1275,6
1285,6
1305,6
1310,6
1320,6
1325,6
1325,6
1330,6
1335,6
1340,6
1350,6
1370,6
1390,6
1390,6
1395,6
1395,6
1405,6
1410,6
1445,6
1450,6
1460,6
1465,6
1500,6
1505,6
1515,6
1520,6
1555,6
1560,6
1570,6
1575,6
1585,6
1585,2
1590,2
1590,2
1595,2
1610,1
1610,1
1615,1
1615,1
1620,1
1640,1
1645,1
1645,1
1650,1
1665,1
1670,1
1670,1
1675,1
1695,1
1700,1
1700,1
1710,1
1715,1
1720,1
1720,1
1725,1
1725,1
1735,1
1740,1
1745,1
1745,1
1760,1
1765,1
1765,1
1765,1
1770,1
1770,1
1790,1
1790,1
1810,1
1810,1
1815,1
1815,1
1820,1
1820,1
1825,5
1830,5
1830,5
1840,5
1850,5
1860,5
1880,5
1880,5
1885,5
1885,5
1890,5
1895,5
1900,5
1905,5
1910,5
1915,5
1935,5
1940,5
1945,5
1960,5
1965,5
1965,5
1980,5
1985,5
2000,5
2005,5
2010,5
2015,5
2020,5
2020,5
2030,5
2040,5
2045,5
2050,5
2055,5
2060,5
2070,5
2075,5
2100,5
2110,5
2115,5
2120,5
2125,5
2130,5
2135,5
2140,5
2140,5
2145,5
2155,5
2160,5
2165,5
2170,5
2170,5
2175,5
2190,5
2190,5
2195,5
2210,5
2225,5
2230,5
2245,5
2250,5
2260,5
2265,5
2270,5
2275,5
2280,8
2280,8
2285,8
2300,8
2305,8
2305,8
2310,8
2325,3
2330,3
2330,3
2335,3
2335,3
2355,3
2360,3
2385,3
2385,3
2390,3
2405,3
2410,3
2415,3
2440,3
2445,3
2455,3
2465,3
2470,3
2475,3
2495,3
2495,3
2500,3
2500,3
2520,3
2520,3
2525,3
2540,3
2550,3
2555,3
2575,3
2580,3
2590,3
2600,3
2605,3
2610,3
2610,3
2620,3
2660,3
2660,3
2665,3
2665,3
2670,3
2675,3
2680,10
2715,10
2715,10
2720,10
2720,10
2730,10
2735,10
2770,10
2780,4
2785,4
2785,4
2790,4
2790,4
2790,4
2840,4
2840,4
2840,4
2845,4
2845,4
2850,11
2860,11
2865,11
2870,11
2890,11
2910,11
2910,11
2915,11
2920,15
2960,15
2980,15
3000,15
3005,15
3025,15
3030,15
3050,15
3070,15
3120,15
3125,15
3130,15
3135,15
3180,8
3185,8
3185,8
3190,8
3205,8
3225,8
3240,8
3245,8
3245,8
3295,8
3295,8
3300,8
3315,8
3350,3
3350,3
3355,8
3365,8
3370,8
3385,8
3420,8
3420,5
3425,8
3435,8
3440,8
3455,8
3490,8
3505,8
3510,8
3525,8
3545,8
3560,8
3565,8
3580,8
3585,8
3600,8
3605,8
3605,8
3655,8
3655,8
3660,8
3660,8
3665,12
3670,12
3675,12
3725,12
3730,12
3780,12
3785,12
3835,12
3840,12
3855,6
3860,12
3890,12
3895,12
3925,7
3930,12
3945,12
3950,12
3960,12
3965,12
4015,12
4020,12
4070,12
4075,12
4095,12
4100,12
4120,12
4125,12
4145,12
4150,12
4160,12
4165,12
4165,8
4170,8
4175,8
4215,8
4220,8
4225,8
4230,8
4270,8
4275,8
4280,8
4285,8
4325,8
4330,8
4335,8
4350,8
4355,8
4355,8
4360,3
4365,8
4375,8
4380,8
4400,8
4405,8
4405,8
4410,8
4430,5
4435,8
4455,8
4460,8
4460,8
4480,8
4480,8
4485,8
4500,8
4520,8
4535,8
4540,8
4570,8
4590,8
4590,8
4595,8
4610,8
4615,8
4615,8
4635,8
4655,8
4665,8
4670,8
4675,8
4680,8
4685,8
4695,8
4700,8
4725,8
4730,8
4735,15
4750,15
4755,15
4805,15
4810,15
4860,15
4865,15
4865,10
4870,10
4875,10
4880,15
4915,15
4920,15
4935,11
4940,15
4970,15
4975,15
4995,15
5000,15
5010,15
5015,15
5065,15
5070,15
5120,15
5125,15
5175,15
5180,15
5230,15
5235,15
5235,8
5240,15
5285,15
5290,15
5340,15
5345,15
5365,15
5370,15
5380,10
5380,10
5385,10
5385,10
5390,10
5395,15
5435,15
5440,15
5440,11
5445,15
5490,15
5495,15
5545,15
5550,15
5600,15
5605,15
5625,15
5630,15
5650,15
5655,15
5705,15
5710,15
5730,15
5740,8
5745,8
5750,8
5750,8
5770,8
5775,8
5800,8
5820,8
5825,8
5830,8
5840,8
5840,8
5845,8
5845,8
5865,8
5865,8
5870,8
5885,8
5895,3
5900,8
5920,8
5925,8
5935,8
5945,5
5950,5
5955,5
5955,5
5975,5
5980,5
6005,5
6005,5
6025,5
6025,5
6030,5
6035,5
6075,5
6075,5
6080,5
6080,5
6085,5
6085,5
6090,5
6090,5
6095,8
6130,8
6135,8
6140,8
6145,8
6185,8
6195,8
6200,8
6205,8
6220,8
6225,8
6230,8
6240,8
6240,8
6245,8
6255,8
6260,8
6290,8
6295,8
6310,8
6315,8
6335,8
6340,8
6345,8
6350,8
6355,8
6360,8
6390,8
6395,8
6400,3
6405,3
6410,3
6410,3
6430,3
6445,3
6450,3
6450,3
6455,3
6460,3
6480,3
6500,3
6505,3
6505,3
6510,3
6530,3
6535,3
6555,3
6560,3
6560,3
6565,3
6585,3
6590,3
6595,1
6600,1
6605,1
6610,1
6610,1
6615,1
6615,1
6615,1
6620,3
6620,3
6640,3
6660,3
6665,3
6670,3
6670,3
6675,3
6690,3
6695,3
6695,3
6710,3
6715,3
6730,3
6745,3
6750,3
6750,3
6755,3
6765,3
6775,3
6780,3
6785,3
6800,3
6805,3
6830,3
6835,3
6835,3
6840,3
6845,3
6850,3
6855,3
6860,3
6880,3
6885,3
6890,3
6900,3
6900,3
6905,3
6910,6
6920,6
6925,6
6940,6
6945,6
6945,6
6950,6
6955,6
6960,6
6970,6
6975,6
6980,6
6985,6
7005,6
7010,6
7025,6
7030,6
7030,6
7035,6
7080,6
7085,6
7085,6
7090,6
7120,2
7125,6
7135,6
7140,6
7140,6
7145,6
7150,6
7155,6
7155,6
7160,6
7205,6
7210,6
7210,6
7215,6
7220,6
7225,6
7245,6
7250,6
7265,6
7270,6
7270,6
7275,6
7320,6
7325,6
7325,6
7330,6
7375,6
7380,6
7380,6
7385,6
7410,3
7415,3
7420,3
7425,3
7430,3
7430,3
7435,3
7435,3
7435,3
7440,3
7440,3
7485,3
7490,3
7490,3
7490,3
7495,3
7510,3
7510,3
7530,3
7530,3
7535,3
7545,3
7550,3
7560,3
7565,3
7580,3
7585,3
7585,3
7590,3
7615,3
7620,3
7625,1
7630,1
7630,1
7635,1
7635,1
7635,1
7640,3
7640,3
7645,3
7655,3
7685,3
7690,3
7695,3
7700,3
7705,3
7720,3
7725,3
7725,3
7740,3
7745,3
7745,3
7745,3
7750,3
7750,3
7755,3
7760,3
7770,3
7780,3
7785,3
7790,3
7800,3
7805,3
7805,3
7810,3
7810,3
7815,3
7815,3
7820,3
7830,3
7835,3
7840,3
7845,3
7855,3
7860,3
7865,3
7870,3
7880,3
7895,3
7900,3
7900,3
7920,3
7925,3
7935,3
7940,3
7950,3
7950,3
7950,3
7955,3
7955,3
7965,3
7970,3
7970,3
7980,3
7985,3
7990,3
7995,3
7995,3
8000,3
8005,3
8010,3
8045,3
8050,3
8050,3
8055,3
8060,3
8065,3
8070,3
8075,3
8095,3
8105,3
8110,3
8115,3
8115,3
8120,3
8140,1
8145,1
8150,1
8155,1
8160,1
8160,1
8165,1
8165,1
8170,1
8175,1
8185,1
8205,1
8210,1
8215,1
8215,1
8220,1
8220,1
8225,1
8225,1
8225,1
8230,1
8270,1
8275,1
8275,1
8275,1
8280,1
8280,1
8280,1
8285,1
8285,3
8325,3
8330,3
8330,3
8335,3
8335,3
8340,3
8340,3
8345,3
8350,3
8355,3
8380,3
8385,3
8390,3
8395,3
8405,3
8405,3
8410,3
8425,3
8445,3
8445,3
8450,3
8450,3
8460,3
8465,3
8470,3
8470,3
8475,3
8475,3
8485,3
8490,3
8495,3
8495,3
8500,3
8510,3
8515,3
8530,3
8535,3
8540,3
8550,3
8550,3
8555,3
8555,3
8565,3
8570,3
8575,3
8580,3
8590,3
8595,3
8600,3
8620,3
8620,3
8625,3
8640,3
8645,3
8645,3
8650,3
8675,3
8680,3
8690,3
8695,3
8695,3
8700,3
8700,3
8705,3
8720,3
8740,3
8745,3
8750,3
8755,3
8760,3
8760,3
8765,3
8785,1
8790,1
8790,3
8810,3
8810,3
8815,3
8815,3
8820,3
8825,3
8830,3
8830,3
8835,3
8850,3
8855,3
8855,3
8860,3
8860,3
8865,3
8865,3
8870,3
8870,3
8875,3
8880,3
8885,3
8890,3
8895,3
8905,3
8910,3
8910,3
8915,3
8930,3
8935,3
8935,3
8955,3
8955,3
8965,3
8970,3
8975,3
8980,3
8985,3
9005,3
9025,3
9025,3
9035,3
9040,3
9045,3
9045,3
9065,3
9065,3
9085,3
9085,3
9090,3
9090,3
9095,3
9105,3
9110,3
9120,3
9125,3
9135,3
9140,3
9145,3
9155,3
9175,3
9175,3
9180,3
9180,3
9195,3
9200,3
9220,3
9225,3
9230,3
9230,3
9235,3
9235,3
9245,3
9245,3
9250,3
9250,3
9255,3
9260,3
9260,3
9265,3
9270,3
9285,3
9290,3
9290,3
9290,1
9295,3
9310,3
9310,3
9315,3
9315,3
9335,3
9340,3
9340,3
9345,3
9350,3
9355,3
9360,8
9365,8
9370,8
9380,8
9385,8
9390,8
9395,8
9405,8
9410,8
9435,8
9440,8
9460,8
9465,8
9490,8
9495,8
9515,8
9515,8
9520,8
9535,8
9540,8
9545,8
9565,8
9570,8
9585,8
9605,8
9620,8
9625,8
9655,8
9660,8
9675,8
9680,8
9710,8
9730,8
9730,8
9735,8
9745,8
9750,8
9750,8
9770,8
9790,8
9795,5
9800,8
9800,8
9805,8
9810,8
9830,8
9835,8
9855,8
9855,8
9860,8
9860,3
9865,3
9870,3
9870,3
9875,3
9875,3
9875,3
9880,3
9885,3
9890,3
9895,3
9895,3
9895,8
9900,8
9900,8
9920,8
9920,8
9940,8
9940,8
9960,8
9980,8
9990,8
9995,8
10000,12
10030,12
10035,12
10085,12
10090,12
10140,12
10160,12
10210,12
10230,12
10250,12
10270,12
10300,7
10305,12
10320,12
10325,12
10375,12
10395,12
10395,6
10400,12
10445,12
10450,12
10455,12
10460,12
10500,8
10505,8
10510,8
10510,8
10515,8
10520,15
10560,15
10565,15
10615,15
10635,15
10655,15
10660,15
10680,15
10685,15
10695,15
10700,15
10750,15
10755,15
10775,15
10780,15
10800,15
10805,15
10805,11
10810,15
10855,15
10860,15
10900,10
10905,10
10910,10
10910,10
10915,10
10915,15
10925,15
10930,15
10980,15
10985,15
11005,15
11010,15
11020,8
11025,15
11030,15
11035,15
11055,15
11060,15
11110,15
11115,15
11165,15
11170,15
11190,15
11195,15
11215,15
11220,15
11240,15
11245,15
11265,15
11270,15
11290,15
11295,15
11310,11
11315,11
11315,15
11320,15
11330,15
11335,15
11385,15
11390,15
11415,10
11420,10
11425,10
11440,10
11445,10
11455,10
11460,10
11475,10
11480,10
11485,15
11510,15
11515,15
11525,8
11530,15
11565,15
11570,15
11620,15
11625,15
11645,15
11665,15
11715,15
11720,15
11770,15
11790,15
11815,11
11820,15
11840,15
11845,15
11850,15
11855,15
11860,16
11985,13
11990,13
11995,13
12000,13
12005,13
12030,6
12035,6
12040,6
12055,6
12060,6
12065,6
12070,6
12090,6
12095,6
12120,6
12125,6
12130,6
12135,6
12145,6
12165,6
12185,6
12205,6
12215,6
12235,6
12255,6
12255,6
12260,6
12260,6
12265,12
12310,12
12315,12
12320,7
12325,12
12360,8
12365,12
12365,12
12370,12
12420,12
12425,12
12435,12
12440,12
12450,12
12455,12
12505,12
12510,12
12560,12
12565,12
12575,12
12580,12
12630,12
12635,12
12685,12
12690,12
12740,12
12745,12
12765,12
12765,6
12770,6
12770,12
12790,12
12810,12
12825,7
12830,7
12830,7
12835,7
12850,7
12865,5
12870,7
12885,7
12900,7
12905,7
12920,7
12955,7
12970,7
12975,7
12990,7
13025,7
13040,7
13045,7
13060,7
13065,7
13070,7
13080,7
13085,7
13090,7
13105,7
13110,7
13125,7
13130,7
13135,7
13145,7
13145,7
13150,7
13150,7
13200,7
13200,7
13205,7
13205,7
13225,7
13230,7
13250,7
13255,7
13255,7
13260,7
13270,2
13275,7
13280,7
13285,7
13305,7
13305,7
13310,7
13310,7
13330,7
13350,7
13360,7
13365,7
13370,7
13370,5
13375,5
13375,5
13380,5
13385,5
13390,5
13395,5
13415,5
13415,5
13420,5
13430,5
13435,5
13440,5
13445,5
13455,5
13465,5
13475,5
13485,5
13495,5
13500,5
13525,5
13535,5
13545,5
13550,5
13555,5
13555,5
13560,7
13565,7
13570,7
13605,7
13610,7
13615,7
13620,7
13620,7
13625,7
13625,7
13630,7
13635,7
13640,7
13675,7
13680,7
13690,7
13695,7
13730,7
13735,7
13745,7
13750,7
13755,7
13760,7
13775,2
13780,2
13780,7
13785,7
13800,7
13805,7
13810,7
13820,7
13860,7
13865,7
13870,7
13875,7
13915,7
13920,7
13925,7
13930,7
13935,12
13970,12
13975,12
14025,12
14030,12
14060,8
14065,8
14070,8
14075,12
14080,12
14085,12
14095,12
14100,12
14110,12
14115,12
14165,12
14170,12
14220,12
14225,12
14245,12
14250,12
14270,12
14275,12
14280,6
14285,6
14290,6
14295,6
14295,6
14300,6
14300,6
14305,12
14320,12
14325,12
14375,12
14380,12
14430,12
14435,12
14435,7
14440,12
14455,12
14460,12
14480,12
14485,12
14505,12
14510,12
14530,12
14550,12
14575,8
14580,8
14585,8
14590,8
14595,8
14600,8
14605,8
14610,8
14615,8
14645,8
14650,8
14655,12
14665,12
14670,12
14675,12
14680,12
14730,12
14735,12
14740,12
14745,12
14750,16
14805,13
14810,13
14815,13
14820,13
14825,13
14875,13
14880,13
14930,13
14935,13
14940,13
14940,9
14945,9
14945,9
14950,9
14950,14
15000,14
15020,14
15040,14
15045,14
15065,14
15070,14
15090,14
15095,14
15115,14
15120,14
15140,14
15145,14
15155,11
15160,14
15165,14
15170,14
15190,14
15195,14
15215,14
15220,14
15240,14
15250,7
15255,14
15260,14
15310,14
15330,14
15350,14
15355,14
15405,14
15410,14
15420,14
15425,14
15450,9
15455,9
15460,9
15465,14
15475,14
15480,14
15490,14
15495,14
15505,14
15510,14
15520,14
15525,14
15575,14
15580,14
15590,14
15595,14
15615,14
15635,14
15660,11
15665,11
15670,11
15685,11
15705,11
15720,11
15725,11
15725,11
15730,11
15730,11
15735,11
15740,11
15745,11
15750,11
15755,11
15755,5
15760,5
15765,5
15765,5
15770,5
15770,11
15795,11
15815,11
15820,11
15825,11
15835,11
15840,11
15845,11
15860,11
15865,11
15865,11
15885,11
15890,11
15910,11
15915,11
15930,11
15935,11
15965,4
15970,11
15980,11
15985,11
15990,11
16000,11
16020,11
16040,11
16040,11
16045,11
16090,11
16095,11
16110,11
16115,11
16130,11
16135,11
16135,11
16140,11
16155,11
16175,11
16190,11
16195,11
16225,11
16245,11
16245,11
16250,11
16265,11
16270,11
16270,5
16270,5
16275,11
16290,11
16290,11
16295,11
16315,11
16320,11
16340,11
16345,11
16350,15
16370,15
16375,15
16425,15
16430,15
16470,10
16475,15
16480,15
16485,15
16505,15
16510,15
16520,15
16525,15
16575,15
16580,15
16630,15
16635,15
16655,15
16660,15
16680,15
16700,15
16720,15
16725,15
16745,15
16750,15
16760,15
16765,15
16775,8
16780,8
16785,8
16815,8
16820,8
16830,8
16835,8
16835,8
16840,8
16850,5
16855,8
16885,8
16890,8
16890,8
16895,8
16900,8
16905,8
16910,8
16915,8
16940,8
16945,8
16965,8
16970,8
16975,15
16975,10
16980,15
16995,15
17000,15
17050,15
17055,15
17105,15
17110,15
17120,15
17125,15
17175,15
17180,15
17190,15
17195,15
17245,15
17250,15
17300,15
17305,15
17355,11
17355,11
17360,11
17360,15
17410,15
17415,15
17425,15
17430,15
17440,15
17445,15
17465,15
17470,15
17475,8
17480,8
17480,3
17485,3
17485,8
17490,8
17495,8
17535,8
17540,8
17545,8
17550,8
17590,8
17600,8
17605,8
17610,8
17615,8
17620,8
17630,8
17635,8
17660,8
17680,8
17685,8
17690,8
17700,8
17705,8
17725,8
17740,8
17745,8
17745,8
17765,8
17765,8
17770,8
17770,8
17790,8
17790,8
17795,8
17795,8
17815,8
17820,8
17845,8
17850,8
17860,5
17865,8
17870,8
17875,8
17900,8
17905,8
17915,8
17920,8
17925,8
17930,8
17950,8
17970,8
17970,8
17975,8
17985,8
17985,3
17990,3
17990,8
17990,8
17995,8
18015,8
18020,8
18040,8
18040,8
18045,8
18060,8
18065,8
18080,8
18085,8
18100,8
18120,8
18125,8
18135,8
18145,8
18155,8
18165,8
18175,8
18180,8
18200,8
18205,8
18215,8
18225,8
18230,8
18235,8
18250,8
18255,8
18260,8
18270,8
18280,8
18285,8
18290,8
18295,8
18315,8
18320,8
18335,8
18340,8
18340,8
18345,8
18350,8
18355,8
18365,8
18365,5
18370,8
18370,8
18405,8
18410,8
18420,8
18425,8
18460,8
18465,8
18475,8
18480,8
18490,3
18495,8
18515,8
18520,8
18530,8
18535,8
18570,8
18575,8
18585,8
18590,8
18595,8
18600,8
18600,8
18605,8
18650,8
18655,8
18655,8
18660,8
18705,8
18710,8
18710,8
18715,8
18720,8
18725,8
18735,8
18740,8
18760,8
18765,8
18775,8
18780,8
18815,8
18820,8
18830,8
18830,8
18835,8
18835,8
18870,5
18875,8
18885,8
18885,8
18890,8
18890,8
18940,8
18940,8
18945,8
18945,8
18965,8
18970,8
18990,8
18995,8
18995,8
18995,3
19000,3
19000,3
19005,3
19010,8
19010,8
19015,8
19015,8
19020,8
19025,8
19030,8
19070,8
19075,8
19080,8
19085,8
19105,8
19110,8
19125,8
19130,8
19130,8
19150,8
19180,8
19185,8
19200,8
19205,8
19235,8
19240,8
19250,8
19255,8
19255,8
19260,8
19305,8
19310,8
19310,8
19330,8
19350,8
19355,8
19360,8
19365,8
19375,5
19375,5
19380,8
19380,8
19385,8
19390,8
19400,8
19410,8
19415,8
19420,8
19435,8
19440,8
19440,8
19460,8
19460,8
19465,8
19485,8
19490,8
19500,8
19505,8
19510,8
19510,3
19515,3
19515,3
19520,3
19520,3
19530,3
19540,3
19550,3
19555,3
19560,3
19570,3
19575,3
19575,3
19580,3
19580,3
19585,3
19600,3
19620,3
19625,3
19635,3
19640,3
19640,3
19645,3
19645,3
19655,3
19660,3
19690,3
19695,3
19695,3
19700,3
19705,8
19710,8
19715,8
19735,8
19740,8
19745,8
19750,8
19790,8
19795,8
19800,8
19805,8
19845,8
19850,8
19855,8
19860,8
19880,5
19885,5
19890,5
19895,5
19900,5
19900,5
19905,5
19910,5
19915,5
19950,5
19955,5
19960,5
19965,5
19970,5
19970,5
19970,5
19975,5
19980,5
19985,5
20020,5
20025,5
20030,5
20035,5
20040,5
20040,5
20060,5
20065,5
20080,5
20085,5
20085,5
20090,5
20095,5
20105,5
20125,5
20130,5
20135,5
20140,5
20140,5
20145,5
20145,5
20150,5
20160,5
20165,5
20185,5
20190,5
20195,5
20200,5
20200,5
20205,5
20205,1
20210,1
20210,1
20215,1
20215,1
20235,1
20240,1
20250,1
20250,1
20255,1
20255,1
20255,1
20260,1
20265,1
20265,1
20270,1
20270,1
20275,1
20280,1
20280,1
20285,1
20305,1
20310,1
20310,1
20315,1
20320,1
20325,1
20330,1
20335,1
20340,1
20345,1
20350,1
20350,1
20365,1
20370,1
20370,1
20370,1
20375,1
20390,1
20390,1
20390,1
20395,1
20395,1
20395,1
20405,1
20410,1
20415,1
20440,1
20445,1
20445,1
20450,1
20460,1
20465,1
20465,1
20475,1
20480,1
20485,1
20495,1
20500,1
20500,1
20505,1
20505,1
20510,1
20530,1
20530,1
20535,1
20550,1
20550,1
20555,1
20555,1
20555,1
20560,1
20560,1
20560,3
20570,3
20575,3
20595,3
20600,3
20610,3
20610,3
20610,3
20615,3
20615,3
20615,3
20625,3
20630,3
20635,3
20640,3
20640,3
20645,3
20660,3
20665,3
20665,3
20670,3
20675,3
20680,3
20695,3
20700,3
20720,3
20720,3
20725,3
20730,3
20735,3
20740,3
20745,3
20750,3
20770,3
20775,3
20775,3
20780,3
20790,3
20795,3
20795,3
20800,3
20820,3
20830,3
20835,3
20840,3
20845,3
20850,3
20855,3
20860,3
20860,3
20880,3
20880,3
20885,3
20900,3
20905,3
20905,3
20910,3
20910,3
20915,3
20930,3
20950,3
20960,3
20965,3
20965,3
20970,3
21000,3
21015,3
21020,3
21020,3
21020,3
21040,3
21040,3
21040,3
21045,3
21060,3
21060,1
21065,1
21065,1
21070,1
21070,1
21075,3
21090,3
21095,3
21110,3
21120,3
21125,3
21130,3
21145,3
21150,3
21175,3
21180,3
21180,3
21185,3
21200,3
21205,3
21210,8
21230,8
21235,8
21235,8
21255,8
21285,8
21290,8
21305,8
21310,8
21315,15
21340,15
21345,15
21395,15
21400,15
21450,15
21455,15
21505,15
21510,15
21530,15
21550,15
21575,11
21580,15
21600,15
21620,15
21670,15
21675,15
21680,16
21710,13
21715,16
21815,12
21820,12
21825,12
21830,12
21835,12
21840,12
21845,12
21850,12
21855,12
21860,12
21865,12
21915,12
21920,12
21925,16
22080,14
22085,16
22180,15
22185,15
22190,15
22215,10
22220,10
22225,10
22240,10
22245,10
22250,13
22275,13
22280,13
22285,13
22290,13
22295,16
22425,12
22430,16
22585,14
22590,16
22750,15
22755,15
22760,15
22795,10
22800,10
22805,10
22810,10
22815,10
22855,10
22860,10
22865,10
22885,10
22910,10
22930,10
22930,3
22935,3
22935,10
22940,10
22945,13
22950,13
22970,13
22990,13
22995,13
23045,13
23050,13
23090,9
23095,9
23100,9
23100,9
23105,9
23125,9
23130,9
23150,9
23155,9
23180,9
23185,9
23205,9
23210,9
23215,9
23220,9
23235,9
23240,9
23270,9
23290,9
23290,9
23295,9
23305,9
23310,9
23310,9
23315,9
23335,9
23355,9
23360,9
23365,9
23405,9
23415,9
23420,9
23425,9
23435,2
23440,9
23445,4
23445,4
23450,9
23450,9
23470,9
23470,9
23475,9
23490,9
23495,9
23500,9
23510,9
23520,9
23525,9
23530,9
23545,9
23550,9
23550,9
23570,9
23600,9
23605,9
23620,9
23640,9
23655,9
23660,9
23680,9
23685,9
23690,9
23695,9
23735,9
23740,9
23745,9
23765,9
23785,9
23790,9
23790,9
23795,9
23840,9
23845,9
23845,9
23850,9
23860,9
23865,9
23875,9
23880,9
23895,9
23900,9
23900,9
23905,9
23910,9
23915,9
23915,9
23920,9
23935,9
23940,2
23945,9
23950,4
23955,4
23955,9
23970,9
23975,9
24005,9
24025,9
24025,9
24030,9
24045,9
24050,9
24070,9
24075,9
24080,9
24085,9
24095,9
24095,9
24100,9
24100,9
24120,9
24120,9
24125,9
24125,9
24145,9
24145,9
24150,9
24150,9
24170,9
24170,9
24175,9
24175,9
24195,9
24200,9
24220,9
24225,9
24230,9
24240,9
24260,9
24265,9
24280,9
24285,9
24295,9
24300,9
24315,9
24320,9
24350,9
24355,9
24370,9
24375,9
24405,9
24410,9
24425,9
24430,9
24445,2
24450,2
24450,9
24455,9
24455,4
24460,4
24460,9
24465,9
24505,9
24510,9
24515,9
24520,9
24520,9
24525,9
24570,9
24575,9
24575,9
24580,9
24585,9
24590,9
24590,9
24595,9
24615,9
24620,9
24640,9
24640,9
24645,9
24645,9
24665,9
24685,9
24695,9
24700,9
24705,9
24720,9
24725,9
24725,9
24745,9
24750,9
24770,9
24775,9
24775,9
24780,9
24795,9
24815,9
24830,9
24835,9
24835,9
24855,9
24875,9
24880,9
24885,9
24890,9
24900,9
24920,9
24940,9
24945,9
24950,2
24955,2
24960,1
24960,1
24965,2
24965,2
24970,2
24970,2
24975,2
24980,2
24985,2
24990,2
24990,2
24995,2
25000,7
25010,7
25010,7
25030,7
25060,7
25080,7
25080,7
25085,7
25130,7
25135,7
25140,7
25145,7
25150,7
25150,7
25155,14
25170,14
25175,14
25195,14
25215,14
25265,14
25285,14
25305,14
25310,14
25320,14
25325,14
25375,14
25380,14
25430,14
25435,14
25445,14
25450,14
25465,11
25470,11
25475,11
25480,14
25500,9
25500,9
25505,9
25505,9
25510,9
25515,9
25520,9
25560,9
25570,9
25575,9
25580,9
25595,9
25600,9
25620,9
25625,9
25630,9
25650,9
25655,2
25660,2
25665,2
25670,2
25675,2
25675,2
25680,2
25700,2
25700,2
25705,2
25720,2
25725,2
25730,2
25755,2
25760,2
25770,2
25780,2
25780,2
25785,2
25790,2
25800,2
25810,2
25815,2
25835,2
25840,2
25845,2
25850,2
25850,2
25855,2
25865,2
25870,2
25900,2
25905,2
25905,2
25910,2
25910,2
25915,2
25920,9
25920,9
25925,9
25960,9
25965,9
25975,9
25980,9
25980,4
25985,4
25990,4
25990,4
25995,4
26015,4
26020,4
26040,4
26045,4
26045,4
26050,4
26070,4
26075,4
26095,4
26100,4
26105,4
26115,4
26125,4
26135,4
26140,4
26145,4
26155,4
26160,4
26160,4
26165,4
26165,4
26180,4
26185,4
26185,4
26190,4
26200,4
26200,4
26205,4
26205,4
26220,4
26225,4
26225,4
26225,4
26245,4
26245,4
26250,4
26270,4
26275,4
26275,4
26280,4
26285,10
26295,10
26295,10
26300,10
26300,10
26305,13
26320,13
26325,13
26375,13
26380,13
26420,6
26425,13
26430,13
26435,13
26445,13
26450,13
26500,13
26505,13
26515,13
26520,13
26570,13
26575,13
26625,13
26630,13
26650,13
26655,13
26675,13
26680,13
26700,13
26720,13
26740,13
26745,13
26765,13
26785,9
26785,9
26790,13
26805,10
26810,10
26815,10
26835,10
26855,10
26865,10
26885,10
26905,10
26905,10
26910,10
26920,10
26925,10
26925,10
26925,3
26930,10
26945,10
26965,10
26975,10
26980,10
26985,10
26990,10
27000,10
27020,10
27040,10
27045,10
27055,10
27060,10
27070,10
27070,10
27075,10
27090,10
27095,10
27100,10
27110,10
27115,10
27120,10
27135,10
27140,10
27140,10
27190,10
27190,10
27195,10
27210,10
27245,10
27250,10
27260,10
27265,10
27270,10
27270,10
27275,10
27280,10
27285,10
27290,10
27290,4
27295,4
27300,4
27305,4
27310,4
27315,10
27335,10
27340,10
27340,10
27345,10
27390,10
27395,10
27410,10
27415,10
27430,3
27435,3
27440,3
27460,3
27465,3
27470,3
27480,3
27490,3
27500,3
27505,3
27510,3
27520,3
27540,3
27555,3
27560,3
27560,3
27565,3
27570,10
27590,10
27595,10
27600,10
27605,10
27610,10
27610,13
27615,13
27625,13
27630,13
27640,13
27645,13
27655,13
27660,13
27710,13
27715,13
27765,13
27770,13
27815,9
27820,9
27820,9
27825,9
27825,9
27875,9
27875,9
27880,9
27880,9
27900,9
27905,9
27925,9
27930,9
27935,9
27940,9
27945,9
27945,9
27950,13
27965,13
27970,13
28020,13
28025,13
28070,6
28075,6
28075,6
28080,6
28080,6
28085,6
28090,6
28090,6
28095,6
28095,13
28110,10
28115,10
28120,10
28125,10
28130,10
28135,10
28140,10
28145,10
28150,10
28190,10
28195,10
28200,10
28200,13
28205,13
28215,13
28220,13
28230,13
28235,13
28255,13
28260,13
28280,13
28285,13
28335,13
28340,13
28360,13
28365,13
28375,13
28380,13
28400,13
28405,13
28425,13
28430,13
28450,9
28455,9
28460,9
28465,13
28480,13
28485,13
28495,13
28500,13
28550,13
28555,13
28595,6
28600,6
28605,6
28605,6
28610,6
28610,13
28630,13
28635,13
28645,13
28650,13
28660,13
28665,13
28685,13
28690,13
28700,10
28705,10
28710,10
28710,10
28715,10
28720,10
28730,10
28750,10
28755,10
28770,10
28775,10
28790,10
28795,10
28815,10
28820,10
28840,10
28845,10
28870,10
28875,10
28895,10
28900,10
28905,10
28910,10
28925,10
28930,10
28960,10
28965,4
28965,4
28970,10
28980,10
28985,10
29015,10
29020,10
29025,10
29030,10
29035,10
29040,10
29080,10
29090,10
29095,10
29100,10
29110,3
29115,10
29120,10
29125,10
29145,10
29145,10
29150,10
29150,10
29170,10
29190,10
29200,10
29205,10
29240,10
29245,10
29250,13
29255,13
29260,13
29310,13
29315,13
29325,13
29330,13
29380,13
29385,13
29435,13
29440,13
29470,9
29475,9
29480,9
29490,9
29495,9
29530,9
29545,9
29550,9
29550,9
29600,9
29600,9
29605,9
29605,9
29610,9
29615,2
29615,2
29615,2
29620,2
29620,9
29630,9
29635,9
29645,9
29650,9
29665,9
29670,9
29670,9
29690,9
29710,9
29720,9
29730,9
29740,9
29750,4
29750,4
29755,4
29755,4
29760,4
29765,9
29790,9
29805,9
29810,9
29810,9
29830,9
29835,9
29855,9
29860,9
29860,9
29865,9
29875,9
29880,9
29880,9
29885,9
29905,9
29925,9
29930,9
29935,9
29975,9
29985,9
29990,9
29995,9
30015,9
30020,9
30040,9
30040,9
30045,9
30045,9
30065,9
30065,9
30085,9
30085,9
30105,9
30110,9
30120,2
30125,2
30130,2
30130,2
30135,9
30135,9
30140,9
30150,9
30170,9
30175,9
30190,9
30195,9
30195,9
30200,9
30200,13
30250,13
30255,13
30265,10
30270,10
30275,10
30305,10
30310,10
30325,10
30330,10
30330,10
30335,10
30335,10
30340,10
30385,10
30390,10
30390,10
30395,10
30400,10
30405,10
30410,10
30410,10
30415,10
30415,10
30420,10
30425,10
30425,10
30430,10
30475,10
30480,10
30485,10
30495,10
30535,10
30540,10
30545,10
30550,10
30590,10
30595,10
30600,10
30620,10
30635,3
30640,3
30640,10
30645,10
30650,10
30660,10
30660,10
30665,10
30700,4
30705,10
30710,10
30715,10
30720,10
30730,10
30750,10
30770,10
30770,10
30775,10
30785,10
30790,10
30790,10
30795,10
30805,10
30810,10
30830,10
30835,10
30840,10
30845,10
30885,10
30890,10
30895,10
30900,10
30920,10
30940,10
30940,10
30945,10
30990,10
30995,10
30995,10
31000,10
31000,10
31005,10
31050,10
31055,10
31055,10
31060,10
31065,10
31065,10
31070,10
31070,10
31075,10
31080,10
31085,10
31090,10
31095,10
31100,10
31120,10
31125,10
31140,3
31145,3
31150,3
31150,3
31155,3
31160,8
31175,8
31180,8
31200,8
31205,8
31205,5
31210,8
31210,15
31230,15
31235,15
31285,15
31290,15
31310,15
31315,15
31335,15
31355,15
31375,15
31380,15
31400,15
31405,15
31455,15
31460,15
31470,15
31475,15
31525,15
31530,15
31540,15
31545,15
31555,15
31560,15
31610,15
31615,15
31660,10
31665,10
31665,10
31670,10
31670,10
31675,10
31680,10
31685,10
31690,10
31710,3
31710,1
31715,1
31715,4
31720,4
31720,4
31725,4
31735,4
31740,4
31740,4
31760,4
31770,4
31775,4
31780,4
31785,4
31790,4
31795,4
31810,4
31815,4
31820,4
31825,4
31830,4
31835,4
31835,4
31840,4
31845,4
31850,4
31860,4
31865,4
31885,4
31885,4
31890,4
31890,4
31890,4
31895,4
31900,4
31905,4
31910,4
31910,4
31915,11
31930,11
31935,11
31940,11
31945,11
31955,11
31975,11
31995,11
32000,11
32020,11
32025,11
32025,11
32030,11
32035,15
32045,15
32065,15
32115,15
32135,15
32155,15
32160,15
32170,15
32175,15
32185,15
32190,15
32210,15
32215,8
32215,8
32220,8
32225,8
32230,15
32235,15
32240,15
32260,15
32265,15
32285,15
32305,15
32355,15
32375,15
32415,10
32420,10
32425,10
32425,10
32430,10
32435,10
32440,10
32475,10
32480,10
32490,10
32495,10
32500,13
32530,13
32535,9
32535,9
32540,9
32545,9
32550,9
32555,9
32585,9
32605,9
32605,9
32610,9
32615,9
32620,9
32625,13
32655,13
32660,13
32665,13
32670,13
32720,13
32725,13
32730,13
32730,6
32735,6
32735,6
32740,6
32745,13
32785,13
32790,13
32840,13
32845,13
32895,13
32900,13
32950,13
32955,13
32960,13
32965,13
32970,13
32975,13
33000,10
33005,13
33025,13
33030,13
33080,13
33100,13
33125,9
33130,13
33150,13
33170,13
33220,13
33225,13
33245,6
33250,6
33255,6
33260,13
33275,13
33280,13
33330,13
33350,13
33370,13
33375,13
33395,13
33415,13
33465,13
33470,13
33475,13
33480,13
33485,13
33490,13
33505,10
33510,10
33515,10
33540,10
33545,10
33565,10
33585,10
33595,10
33600,10
33605,10
33605,10
33610,10
33610,10
33630,4
33635,4
33640,4
33645,4
33650,4
33655,4
33660,4
33660,4
33660,4
33665,4
33665,4
33670,11
33675,11
33680,11
33710,11
33715,11
33720,11
33725,11
33730,11
33735,11
33760,5
33765,11
33775,11
33780,11
33785,11
33785,15
33790,15
33800,15
33805,15
33855,15
33860,15
33870,15
33875,15
33925,15
33930,15
33980,15
33985,15
33995,15
34000,15
34050,15
34055,15
34075,15
34080,15
34130,15
34135,15
34145,15
34150,15
34170,10
34175,10
34180,10
34200,10
34205,10
34230,10
34250,10
34255,10
34260,10
34265,3
34270,10
34285,4
34290,4
34295,4
34300,4
34300,4
34305,4
34310,10
34310,10
34315,10
34320,10
34340,10
34345,10
34365,10
34365,10
34370,10
34370,10
34420,10
34420,10
34425,10
34425,10
34435,10
34440,10
34460,10
34475,10
34480,10
34480,10
34530,10
34530,10
34535,10
34535,10
34540,15
34585,15
34590,15
34600,15
34605,15
34655,15
34660,15
34710,15
34715,15
34765,15
34770,8
34770,8
34775,15
34810,11
34815,15
34820,15
34825,15
34845,15
34850,15
34900,15
34905,15
34955,15
34960,15
35010,15
35015,15
35040,10
35045,15
35065,15
35070,15
35120,15
35125,15
35175,15
35180,15
35230,15
35235,15
35245,15
35250,15
35275,8
35280,15
35300,15
35305,15
35315,11
35320,11
35325,11
35355,11
35360,11
35375,11
35380,11
35385,11
35390,11
35395,15
35410,15
35415,15
35465,15
35470,15
35520,15
35525,15
35545,10
35550,15
35575,15
35580,15
35630,15
35635,15
35655,15
35660,15
35710,15
35715,15
35735,15
35740,15
35760,15
35765,15
35780,8
35785,8
35785,15
35790,15
35840,15
35845,15
35895,15
35895,11
35900,11
35900,11
35905,11
35950,11
35955,11
35955,11
35975,11
36005,11
36010,11
36025,11
36045,11
36050,4
36055,4
36060,4
36060,4
36065,11
36065,11
36065,11
36070,11
36115,11
36120,11
36120,11
36125,11
36140,11
36160,11
36175,11
36180,11
36200,11
36205,11
36210,11
36215,11
36225,11
36230,11
36250,11
36255,11
36265,11
36275,11
36285,11
36285,5
36290,5
36295,5
36295,5
36300,5
36305,5
36305,5
36310,5
36315,5
36320,5
36320,5
36325,5
36340,5
36345,5
36355,5
36375,5
36375,5
36380,5
36395,5
36400,5
36420,5
36425,5
36430,5
36430,5
36435,5
36435,5
36440,5
36440,5
36445,5
36450,5
36460,5
36465,5
36485,5
36490,5
36490,5
36500,5
36505,5
36510,5
36510,5
36530,5
36550,5
36555,5
36555,5
36560,5
36560,5
36565,1
36570,5
36575,5
36580,5
36580,5
36600,5
36605,5
36610,5
36615,5
36615,5
36620,5
36630,5
36635,5
36635,5
36640,5
36645,5
36655,5
36665,5
36670,5
36685,5
36690,5
36695,5
36705,5
36705,5
36710,5
36715,5
36725,5
36730,5
36735,5
36740,5
36745,5
36760,5
36780,5
36785,5
36795,5
36800,5
36805,5
36810,5
36815,5
36830,5
36835,5
36840,5
36845,5
36855,5
36860,5
36865,5
36865,5
36870,5
36870,5
36875,8
36895,8
36915,8
36920,8
36925,8
36965,8
36975,8
36980,8
36985,8
36990,8
36995,8
37035,8
37045,8
37050,8
37055,8
37070,8
37070,3
37075,8
37090,8
37105,8
37110,8
37115,12
37140,12
37160,12
37210,12
37230,12
37280,12
37285,12
37290,16
37375,14
37380,14
37385,14
37435,14
37455,14
37475,14
37480,14
37500,14
37505,14
37515,14
37520,14
37540,14
37560,14
37575,9
37580,14
37610,14
37615,14
37615,11
37620,11
37625,11
37630,14
37665,14
37685,14
37705,14
37710,14
37730,14
37750,14
37790,7
37795,7
37800,7
37800,7
37820,7
37840,7
37850,7
37860,7
37870,7
37890,7
37895,7
37905,7
37910,7
37910,7
37930,7
37950,7
37955,7
37960,7
37965,7
37965,7
37970,7
38015,7
38020,7
38020,7
38025,7
38070,7
38075,7
38075,7
38080,7
38080,2
38085,2
38090,2
38095,2
38115,2
38130,2
38130,1
38135,1
38135,1
38135,1
38140,1
38140,1
38145,1
38155,1
38185,1
38190,1
38190,1
38195,1
38205,1
38210,1
38215,1
38225,1
38230,1
38235,1
38235,1
38240,1
38240,1
38245,1
38245,1
38250,1
38255,1
38260,1
38260,1
38265,1
38270,1
38280,1
38280,1
38285,1
38290,1
38300,1
38305,1
38305,1
38310,1
38310,1
38330,1
38350,1
38355,1
38360,1
38360,1
38360,1
38365,1
38365,1
38370,1
38375,1
38375,1
38380,1
38380,3
38400,3
38405,3
38410,3
38415,3
38430,3
38435,3
38435,3
38455,3
38455,3
38475,3
38485,3
38490,3
38505,3
38510,3
38515,10
38525,10
38530,10
38540,10
38545,10
38555,10
38560,10
38580,10
38600,10
38610,10
38615,10
38625,10
38630,10
38650,10
38655,10
38680,10
38685,10
38705,10
38710,10
38715,10
38720,10
38735,10
38740,10
38750,10
38755,10
38770,10
38790,10
38805,10
38810,10
38830,10
38840,10
38845,10
38850,10
38850,10
38855,10
38870,10
38875,10
38880,4
38885,10
38895,10
38900,10
38905,10
38910,10
38920,10
38925,10
38945,10
38950,10
38960,10
38965,10
38970,15
39000,15
39005,15
39015,8
39015,8
39020,8
39020,8
39025,8
39030,8
39030,8
39035,8
39035,8
39045,8
39050,8
39070,8
39075,8
39085,8
39090,8
39095,15
39095,15
39100,15
39150,15
39155,15
39175,15
39180,15
39200,15
39205,15
39225,15
39245,15
39265,15
39270,15
39290,15
39295,15
39345,15
39350,15
39385,11
39390,15
39400,15
39405,15
39455,15
39460,15
39470,10
39475,10
39480,10
39485,10
39490,10
39510,10
39515,10
39525,10
39530,10
39540,10
39540,10
39545,10
39560,10
39595,10
39595,3
39600,3
39600,10
39610,10
39610,10
39615,10
39615,10
39625,10
39630,10
39650,10
39655,10
39665,10
39665,10
39670,10
39680,10
39685,10
39685,10
39705,10
39705,10
39710,10
39710,10
39720,10
39725,10
39730,10
39750,10
39775,10
39780,10
39800,10
39820,10
39830,10
39835,10
39870,10
39875,10
39885,10
39890,10
39890,4
39895,4
39900,4
39910,4
39915,4
39925,4
39935,4
39940,4
39945,4
39950,4
39960,4
39965,4
39970,4
39970,4
39980,4
39990,4
39995,4
40020,4
40025,4
40030,4
40030,4
40035,4
40035,4
40045,4
40050,4
40070,4
40075,4
40085,4
40085,4
40090,4
40090,4
40095,4
40095,9
40100,2
40100,2
40105,2
40110,2
40125,2
40130,2
40140,2
40145,2
40150,2
40155,2
40160,6
40160,6
40165,6
40195,6
40200,6
40215,6
40220,6
40250,6
40255,6
40270,6
40275,6
40275,6
40280,6
40300,6
40305,6
40325,6
40330,6
40335,13
40355,13
40360,13
40380,13
40385,13
40435,13
40440,13
40490,13
40495,13
40545,13
40550,13
40595,10
40600,10
40600,10
40605,10
40605,10
40625,10
40630,10
40655,10
40660,10
40660,4
40665,4
40665,4
40670,4
40670,4
40675,4
40680,4
40680,4
40685,4
40685,10
40720,10
40725,10
40730,10
40735,10
40735,10
40740,10
40785,10
40790,10
40795,10
40805,10
40815,10
40820,10
40825,10
40830,10
40835,3
40840,3
40840,10
40850,10
40855,10
40860,10
40875,10
40880,10
40885,10
40895,10
40895,10
40900,10
40910,10
40915,10
40935,10
40945,10
40950,10
40955,10
41000,10
41005,10
41005,10
41025,10
41045,10
41055,10
41060,10
41065,10
41110,10
41115,10
41115,10
41120,10
41165,10
41170,10
41175,10
41185,10
41185,4
41190,4
41195,4
41200,10
41225,10
41235,10
41240,10
41245,13
41245,13
41265,13
41270,13
41290,13
41295,13
41315,13
41320,13
41340,13
41340,6
41345,6
41350,6
41360,6
41400,6
41410,6
41420,6
41430,6
41470,6
41480,6
41490,6
41500,6
41510,6
41515,6
41535,6
41550,6
41555,6
41570,6
41575,6
41580,6
41590,6
41595,6
41620,6
41640,6
41645,6
41650,6
41660,6
41665,6
41675,6
41680,6
41700,6
41700,6
41700,2
41705,2
41705,6
41705,6
41715,6
41720,6
41745,3
41750,3
41755,3
41755,3
41760,3
41770,3
41775,3
41805,3
41810,3
41810,3
41815,3
41815,6
41825,6
41830,6
41840,6
41845,6
41865,6
41870,6
41890,6
41895,6
41900,6
41910,6
41910,6
41915,6
41925,6
41930,6
41950,6
41955,6
41960,6
41965,6
41970,6
41980,6
41990,6
41995,6
42000,6
42015,6
42020,6
42020,6
42040,6
42060,6
42070,6
42075,6
42110,6
42125,6
42130,6
42145,6
42180,6
42195,6
42200,6
42205,2
42210,2
42215,2
42215,2
42250,2
42265,2
42265,2
42270,2
42270,2
42275,2
42280,2
42285,2
42290,2
42295,2
42305,2
42310,2
42315,1
42320,2
42330,2
42335,2
42340,2
42345,2
42350,2
42350,2
42360,2
42365,2
42400,2
42400,2
42405,2
42415,2
42420,2
42420,2
42455,2
42470,2
42470,2
42475,2
42475,2
42490,2
42495,2
42500,2
42520,2
42525,2
42525,2
42540,2
42545,2
42545,2
42550,2
42560,2
42580,2
42585,2
42595,2
42600,2
42600,2
42605,2
42605,2
42605,2
42610,2
42610,2
42630,2
42635,2
42655,2
42655,2
42660,2
42660,2
42675,2
42680,2
42695,2
42700,2
42700,2
42705,2
42710,2
42715,2
42720,2
42725,2
42755,2
42760,2
42765,2
42770,2
42775,2
42780,2
42800,2
42805,2
42810,2
42815,2
42820,2
42820,1
42825,1
42825,1
42825,1
42830,1
42830,1
42835,2
42865,2
42870,2
42875,2
42880,2
42880,2
42880,2
42885,2
42885,2
42905,2
42910,2
42930,2
42935,2
42935,2
42940,2
42950,2
42955,2
42960,2
42965,2
42985,2
42990,2
43005,2
43010,2
43015,2
43020,2
43040,2
43045,2
43055,2
43060,2
43060,2
43065,2
43070,2
43075,2
43085,2
43090,2
43110,2
43115,2
43115,2
43120,2
43140,2
43145,2
43165,2
43170,2
43170,2
43175,2
43195,2
43200,2
43220,2
43225,2
43225,2
43230,2
43250,2
43250,2
43255,2
43255,2
43275,2
43275,2
43280,2
43295,2
43300,2
43305,2
43305,2
43310,2
43315,2
43320,2
43330,2
43335,2
43335,1
43340,2
43340,2
43345,2
43355,2
43360,2
43365,2
43370,2
43385,2
43390,2
43390,2
43395,2
43410,2
43415,2
43415,2
43420,2
43430,2
43435,2
43440,2
43445,2
43455,2
43460,2
43465,2
43470,2
43480,2
43480,2
43485,2
43495,2
43495,2
43500,2
43500,2
43500,2
43510,2
43515,2
43520,2
43540,2
43550,2
43555,2
43565,2
43565,2
43570,2
43570,2
43580,2
43585,2
43590,2
43595,2
43620,2
43625,2
43635,2
43640,2
43645,2
43650,2
43655,2
43660,2
43665,9
43675,9
43680,9
43690,9
43695,9
43700,9
43705,9
43705,9
43710,9
43725,9
43730,9
43730,9
43735,9
43750,9
43755,9
43755,9
43775,9
43775,9
43780,9
43795,9
43800,9
43800,9
43805,9
43820,9
43825,9
43825,9
43830,9
43840,4
43845,4
43845,9
43850,9
43855,9
43865,9
43875,9
43880,9
43900,9
43905,9
43915,9
43920,9
43925,9
43930,9
43950,9
43955,9
43970,9
43975,9
44005,9
44010,9
44025,9
44030,9
44035,13
44060,13
44065,13
44085,13
44105,13
44125,13
44145,13
44165,6
44165,6
44170,6
44170,13
44190,13
44195,13
44245,13
44250,13
44260,13
44265,13
44315,13
44320,13
44330,13
44335,13
44345,10
44350,13
44385,13
44390,13
44440,13
44445,13
44455,13
44460,13
44510,13
44515,13
44535,9
44540,9
44545,9
44550,9
44555,9
44560,13
44565,13
44570,13
44620,13
44625,13
44645,13
44650,13
44670,6
44675,13
44700,13
44705,13
44715,13
44720,13
44770,13
44775,13
44825,13
44830,13
44850,10
44855,13
44880,13
44885,13
44935,13
44940,13
44950,13
44955,13
45005,13
45010,13
45060,13
45060,9
45065,9
45065,9
45070,9
45075,9
45075,9
45080,9
45080,9
45130,9
45130,9
45135,9
45150,9
45155,9
45160,9
45175,2
45180,2
45180,9
45185,9
45200,9
45220,9
45235,9
45240,9
45240,9
45245,9
45290,9
45295,9
45295,9
45300,9
45305,9
45310,9
45310,9
45315,9
45330,9
45335,9
45355,9
45355,4
45360,4
45360,4
45365,4
45365,4
45370,4
45380,4
45400,4
45415,4
45420,4
45420,4
45420,4
45425,4
45425,4
45445,4
45450,4
45470,4
45470,4
45475,4
45475,4
45480,4
45490,4
45495,4
45500,4
45505,4
45515,4
45525,4
45530,4
45540,4
45545,4
45550,4
45555,4
45565,4
45570,4
45575,11
45595,11
45600,11
45605,11
45605,14
45610,14
45660,14
45665,14
45675,14
45680,7
45680,7
45685,7
45690,7
45730,7
45735,7
45740,7
45760,7
45785,7
45790,7
45810,7
45810,7
45815,7
45820,7
45825,7
45830,7
45850,7
45855,7
45875,7
45875,7
45880,7
45880,7
45890,7
45895,7
45930,7
45935,7
45940,7
45945,7
45945,7
45950,7
45950,14
46000,14
46005,14
46025,14
46045,14
46075,9
46080,14
46095,14
46100,14
46105,14
46105,11
46110,11
46110,14
46160,14
46180,14
46200,14
46205,14
46215,14
46220,14
46240,14
46245,14
46265,14
46270,14
46290,14
46295,14
46315,14
46335,14
46385,14
46405,14
46450,7
46455,7
46455,7
46460,7
46465,7
46470,7
46475,7
46475,7
46480,7
46485,14
46525,14
46545,14
46580,9
46585,14
46595,14
46610,11
46615,14
46615,14
46665,14
46670,14
46720,14
46725,14
46775,14
46795,14
46815,14
46835,14
46885,14
46890,14
46895,14
46900,14
46905,14
46910,14
46915,16
46985,12
46990,16
47085,13
47090,16
47115,15
47120,15
47125,15
47130,16
47415,14
47420,16
47490,12
47495,12
47500,12
47505,12
47510,12
47515,12
47520,12
47525,16
47590,13
47595,16
47630,15
47635,15
47640,15
47645,16
47920,14
47925,16
48025,12
48030,16
48095,13
48100,13
48105,13
48110,16
48145,15
48150,15
48155,15
48160,15
48165,15
48170,16
48425,14
48430,16
48530,12
48535,16
48610,13
48615,13
48620,13
48670,13
48670,10
48675,10
48680,10
48690,10
48710,10
48715,10
48730,10
48735,10
48735,10
48740,10
48760,10
48780,10
48785,10
48805,10
48830,10
48850,10
48855,10
48875,10
48895,10
48900,10
48900,10
48920,10
48920,10
48930,4
48935,4
48940,4
48940,4
48940,4
48960,4
48990,4
48990,4
49010,4
49010,4
49010,4
49015,4
49035,1
49040,1
49045,1
49060,1
49060,1
49065,1
49065,1
49070,1
49075,1
49080,1
49080,1
49085,1
49090,1
49095,1
49095,5
49100,5
49100,5
49105,5
49115,5
49125,5
49135,5
49145,5
49150,5
49165,5
49170,5
49185,5
49185,5
49190,5
49205,5
49210,5
49230,5
49235,5
49240,5
49245,5
49250,5
49250,5
49255,5
49255,7
49260,7
49265,12
49300,12
49320,12
49370,12
49375,12
49425,12
49445,12
49495,12
49500,12
49550,12
49570,12
49590,12
49595,6
49600,12
49610,12
49630,12
49635,12
49655,12
49675,12
49695,12
49700,12
49750,12
49755,12
49755,8
49760,12
49765,7
49770,12
49805,12
49810,12
49860,12
49865,12
49915,12
49920,12
49970,12
49975,12
50025,12
50030,12
50040,12
50045,12
50065,12
50070,12
50100,6
50105,12
50120,12
50125,12
50175,12
50180,12
50190,12
50195,12
50205,12
50210,12
50230,12
50235,12
50255,12
50260,8
50260,8
50265,12
50270,7
50275,12
50280,12
50285,12
50305,12
50310,12
50330,12
50335,12
50355,12
50375,12
50425,12
50430,12
50435,12
50440,12
50445,16
50605,13
50610,16
50765,15
50770,15
50775,15
50775,11
50780,15
50825,15
50845,15
50895,15
50900,15
50905,15
50910,15
50945,8
50950,8
50955,8
50960,8
50960,8
50965,8
50965,8
50970,15
51015,15
51035,15
51055,15
51075,15
51095,15
51100,15
51110,10
51115,15
51120,15
51125,15
51175,15
51180,15
51230,15
51235,15
51280,11
51285,11
51285,11
51290,11
51290,11
51295,15
51340,15
51345,15
51395,15
51400,15
51410,15
51415,15
51435,15
51440,15
51460,15
51470,8
51475,8
51480,8
51480,8
51500,8
51505,8
51525,8
51530,8
51530,8
51550,8
51580,8
51585,8
51600,8
51605,8
51610,15
51615,10
51620,10
51625,10
51630,15
51635,15
51640,15
51690,15
51695,15
51715,15
51735,15
51785,15
51795,11
51800,15
51805,15
51825,15
51845,15
51895,15
51915,15
51935,15
51940,15
51960,15
51980,15
52030,15
52050,15
52070,15
52075,15
52085,15
52090,15
52110,8
52115,15
52130,10
52135,10
52140,10
52140,10
52145,15
52145,15
52195,15
52200,15
52250,15
52255,15
52300,11
52305,11
52305,11
52310,11
52310,11
52360,11
52360,11
52365,11
52365,11
52370,11
52375,11
52375,11
52380,11
52380,11
52385,11
52430,11
52435,11
52435,11
52455,11
52475,11
52480,11
52485,11
52490,11
52510,11
52515,11
52530,11
52535,11
52535,11
52555,11
52585,11
52590,11
52605,11
52610,11
52615,5
52620,11
52640,11
52645,4
52645,4
52650,4
52655,4
52660,4
52665,4
52670,4
52680,4
52705,4
52710,4
52720,4
52725,4
52730,4
52735,4
52760,4
52775,4
52780,4
52780,4
52785,4
52805,4
52830,4
52830,4
52835,4
52835,4
52855,4
52860,4
52885,4
52885,4
52890,4
52890,4
52895,11
52910,11
52915,11
52940,11
52945,11
52965,11
52965,11
52970,11
52985,11
52990,11
53005,11
53010,11
53010,11
53030,11
53050,11
53060,11
53080,11
53100,11
53100,11
53105,11
53105,11
53120,5
53125,5
53125,5
53130,5
53130,5
53135,11
53150,11
53155,11
53160,11
53170,11
53190,11
53210,11
53210,11
53215,11
53230,11
53235,11
53265,11
53270,11
53275,11
53280,11
53285,11
53285,11
53290,11
53290,11
53300,11
53305,11
53340,11
53345,11
53355,11
53360,11
53395,4
53395,4
53400,4
53405,4
53410,4
53410,4
53415,4
53415,4
53415,4
53425,4
53430,4
53435,4
53440,4
53460,4
53465,4
53480,4
53480,4
53485,4
53485,4
53500,4
53505,4
53510,4
53520,4
53530,4
53535,4
53540,4
53550,4
53570,4
53570,4
53575,4
53590,4
53590,4
53595,4
53605,4
53610,4
53610,4
53615,4
53620,4
53625,4
53625,4
53630,4
53635,1
53640,4
53645,4
53650,4
53665,4
53670,4
53680,4
53685,4
53690,4
53695,4
53700,4
53705,4
53715,4
53715,4
53720,4
53720,4
53730,4
53735,4
53735,4
53740,4
53740,4
53760,4
53780,4
53785,4
53785,4
53790,4
53790,4
53795,4
53800,4
53805,4
53815,4
53820,4
53835,4
53840,4
53840,4
53845,4
53855,4
53860,4
53870,4
53875,4
53890,4
53895,4
53895,4
53895,4
53900,4
53915,4
53935,4
53940,4
53945,4
53950,4
53950,4
53955,4
53960,4
53975,4
53980,4
53995,4
54000,4
54005,4
54030,4
54045,4
54050,4
54055,4
54060,4
54065,4
54070,4
54075,4
54095,4
54100,4
54100,4
54110,4
54115,4
54115,4
54120,4
54120,4
54125,4
54130,4
54135,4
54135,4
54140,1
54140,1
54145,5
54145,5
54150,5
54155,5
54155,11
54170,11
54175,11
54175,11
54180,11
54225,11
54230,11
54230,11
54235,11
54235,15
54285,15
54290,15
54310,15
54315,15
54335,15
54340,15
54360,15
54365,15
54415,15
54420,15
54470,15
54475,15
54525,15
54530,15
54580,15
54585,15
54635,15
54640,15
54645,10
54650,15
54655,8
54660,15
54690,15
54695,15
54735,11
54740,11
54745,11
54745,11
54750,11
54760,11
54765,11
54795,11
54800,11
54815,11
54820,11
54840,11
54845,11
54850,11
54855,11
54860,11
54865,11
54865,11
54885,11
54915,11
54920,11
54925,11
54930,11
54935,11
54935,11
54940,11
54940,11
54945,11
54945,11
54950,11
54950,11
54955,14
54955,14
54960,14
55010,14
55015,14
55065,14
55085,14
55105,14
55110,14
55120,14
55125,14
55145,14
55150,9
55155,9
55160,9
55160,2
55165,2
55165,9
55185,9
55190,9
55200,9
55205,9
55210,9
55215,9
55220,9
55230,9
55230,9
55235,9
55250,9
55255,9
55275,9
55280,9
55285,9
55290,9
55300,9
55320,9
55340,9
55345,9
55370,9
55375,9
55380,14
55395,14
55400,14
55450,14
55455,11
55455,11
55460,11
55465,11
55505,11
55510,11
55515,11
55535,11
55555,11
55560,11
55560,11
55565,11
55580,11
55585,11
55605,11
55610,11
55615,11
55620,11
55630,11
55630,11
55635,11
55650,11
55665,5
55670,5
55670,11
55685,11
55690,11
55690,11
55740,11
55740,11
55745,11
55760,11
55780,11
55785,11
55795,11
55800,11
55805,11
55810,11
55815,11
55825,11
55845,11
55850,11
55865,11
55870,11
55880,4
55880,4
55885,4
55885,4
55890,4
55900,4
55905,4
55925,4
55935,4
55940,4
55940,4
55945,4
55960,4
55960,4
55980,4
55980,4
55985,4
55995,4
56000,4
56005,4
56005,4
56010,4
56015,4
56020,4
56025,4
56035,4
56035,4
56040,4
56040,4
56055,4
56060,4
56060,4
56060,4
56065,4
56080,4
56080,4
56085,4
56100,4
56105,4
56125,4
56130,4
56135,4
56145,4
56150,4
56165,4
56170,4
56170,1
56170,1
56175,1
56180,1
56185,1
56190,1
56195,1
56205,1
56220,1
56230,1
56235,1
56240,1
56245,1
56250,1
56255,1
56260,1
56260,1
56265,1
56270,1
56275,1
56280,1
56285,1
56290,1
56290,1
56310,1
56310,1
56315,1
56320,2
56330,2
56330,2
56335,2
56340,2
56345,2
56350,2
56360,2
56380,2
56380,2
56385,2
56400,2
56400,2
56405,2
56425,2
56430,2
56435,2
56440,2
56450,2
56450,2
56455,2
56455,2
56475,2
56480,2
56490,2
56495,2
56500,2
56505,2
56505,2
56510,2
56510,2
56520,2
56520,2
56525,2
56540,2
56560,2
56560,2
56565,2
56570,7
56575,7
56580,7
56590,7
56595,7
56610,7
56630,7
56645,7
56650,7
56650,7
56655,7
56675,7
56680,7
56700,7
56700,7
56705,7
56720,7
56755,7
56760,7
56770,7
56790,7
56810,7
56815,7
56820,5
56825,7
56840,7
56845,7
56865,7
56870,7
56880,7
56885,7
56895,7
56900,7
56905,12
56935,12
56940,12
56990,12
56995,12
57005,12
57010,12
57060,12
57065,12
57070,6
57075,6
57080,6
57115,6
57120,6
57130,6
57135,6
57170,6
57175,6
57185,6
57205,6
57225,6
57225,6
57230,6
57230,6
57240,6
57245,6
57265,6
57270,6
57280,6
57280,6
57285,6
57285,6
57325,3
57330,6
57335,6
57335,6
57340,6
57340,6
57360,6
57380,6
57390,6
57395,6
57405,2
57410,2
57415,2
57420,6
57430,6
57445,6
57450,6
57450,6
57470,6
57475,6
57500,6
57505,6
57510,12
57525,12
57530,12
57550,12
57555,12
57575,12
57595,12
57645,12
57650,12
57655,16
57830,15
57835,16
57920,14
57925,14
57930,14
57935,14
57940,14
57945,14
57950,14
57955,16
58010,13
58015,13
58020,13
58025,13
58030,13
58035,16
58155,12
58160,12
58165,12
58170,12
58175,12
58180,12
58185,12
58235,12
58255,12
58275,12
58280,12
58330,12
58335,12
58335,8
58340,12
58385,12
58390,12
58440,12
58445,12
58455,7
58460,7
58465,7
58470,12
58495,12
58500,12
58520,12
58525,12
58535,6
58540,12
58575,12
58580,12
58630,12
58635,12
58685,12
58690,12
58740,12
58745,12
58765,12
58770,12
58790,12
58810,12
58840,8
58845,8
58850,8
58860,8
58880,8
58900,8
58900,8
58905,8
58905,8
58910,8
58915,8
58920,8
58925,8
58925,8
58930,12
58945,12
58970,7
58975,7
58980,7
58995,7
59000,7
59005,7
59010,7
59030,7
59035,7
59040,2
59045,7
59060,7
59065,7
59070,14
59085,14
59105,14
59125,14
59145,14
59195,14
59200,14
59250,14
59270,14
59320,14
59340,14
59390,14
59410,14
59430,11
59435,11
59440,11
59445,14
59460,14
59465,14
59470,14
59475,14
59480,16
59545,13
59550,16
59570,12
59575,16
59945,15
59950,16
59980,14
59985,14
59990,14
59995,16
60050,13
60055,13
60060,13
60065,16
60075,12
60080,12
60085,12
60090,12
60095,12
60100,16
60450,15
60455,15
60460,15
60465,15
60470,15
60495,11
60500,15
60520,15
60540,15
60560,15
60565,15
60565,10
60570,15
60585,15
60590,15
60600,8
60605,15
60610,15
60615,15
60635,15
60640,15
60660,15
60665,15
60675,15
60680,15
60690,15
60695,15
60745,15
60750,15
60800,15
60805,15
60815,15
60820,15
60870,15
60875,15
60925,15
60930,15
60980,15
60985,15
61000,11
61005,15
61035,15
61040,15
61070,10
61075,10
61080,10
61085,10
61090,10
61090,10
61095,10
61105,3
61110,10
61140,10
61145,10
61145,10
61150,10
61160,10
61165,10
61175,10
61180,10
61195,10
61215,10
61230,10
61235,10
61255,10
61265,10
61270,10
61275,10
61275,10
61280,10
61295,10
61315,10
61330,10
61350,10
61365,10
61385,10
61400,10
61405,10
61410,10
61420,10
61430,10
61440,10
61445,10
61450,10
61495,10
61500,10
61500,10
61505,4
61505,4
61510,4
61515,4
61520,4
61520,10
61525,10
61545,10
61550,10
61555,10
61560,10
61570,10
61590,10
61610,10
61610,3
61615,3
61615,3
61620,3
61625,3
61630,3
61640,3
61645,3
61650,8
61665,8
61670,8
61675,12
61680,12
61700,12
61720,12
61725,12
61745,12
61765,12
61815,12
61820,12
61870,12
61875,12
61925,12
61945,12
61995,12
62015,12
62020,7
62025,12
62065,12
62085,12
62105,12
62125,12
62145,12
62150,12
62150,6
62155,6
62160,6
62160,6
62165,6
62165,6
62170,6
62175,6
62175,3
62180,6
62180,6
62215,6
62220,6
62230,6
62235,6
62240,12
62270,12
62275,12
62325,12
62330,12
62350,12
62355,12
62375,12
62395,12
62415,12
62420,12
62440,12
62445,12
62495,12
62500,12
62525,7
62530,7
62535,7
62550,7
62555,7
62585,7
62590,7
62595,12
62605,12
62610,12
62630,12
62635,12
62680,8
62685,12
62685,12
62690,12
62700,12
62705,12
62740,6
62745,12
62755,12
62760,12
62810,12
62815,12
62865,12
62870,12
62920,12
62925,12
62945,12
62950,12
63000,12
63005,12
63025,12
63030,12
63050,12
63055,12
63075,12
63080,12
63095,7
63100,7
63100,7
63105,7
63110,7
63115,7
63120,7
63120,7
63125,7
63130,12
63170,12
63175,12
63180,16
63185,15
63190,15
63195,15
63200,16
63245,13
63250,16
63630,14
63635,16
63680,12
63685,16
63700,15
63705,16
63750,13
63755,16
64135,14
64140,14
64145,14
64185,7
64190,7
64195,7
64195,7
64200,7
64205,5
64205,8
64210,12
64245,12
64250,12
64255,12
64255,6
64260,6
64260,6
64265,6
64310,6
64315,6
64330,6
64335,6
64380,6
64385,6
64400,6
64405,6
64425,6
64445,6
64450,6
64465,6
64470,6
64485,6
64490,6
64495,6
64515,6
64520,6
64535,6
64540,6
64540,6
64560,6
64590,6
64595,6
64600,6
64605,6
64610,6
64615,6
64620,6
64625,6
64655,6
64660,6
64665,6
64670,6
64675,6
64695,6
64705,2
64710,2
64710,1
64715,1
64715,1
64715,2
64720,2
64725,2
64735,2
64755,2
64760,2
64765,2
64770,2
64775,2
64775,2
64785,2
64795,2
64795,2
64800,2
64815,2
64835,2
64835,2
64840,2
64850,2
64855,2
64855,2
64875,2
64890,2
64895,2
64900,2
64905,2
64910,2
64910,2
64920,2
64925,2
64930,2
64945,2
64950,2
64950,2
64960,2
64970,2
64975,2
64980,2
65000,2
65020,2
65025,2
65030,2
65030,2
65035,2
65050,2
65055,2
65065,2
65070,2
65070,2
65075,2
65080,2
65080,9
65085,9
65085,9
65090,9
65135,9
65140,9
65140,9
65145,9
65150,13
65150,13
65155,13
65165,13
65170,13
65215,10
65220,10
65220,10
65225,10
65225,10
65235,10
65240,10
65275,10
65290,10
65295,10
65295,10
65305,10
65310,10
65345,10
65360,10
65365,10
65365,10
65415,10
65415,10
65420,10
65420,10
65430,10
65435,10
65470,10
65485,10
65490,10
65490,10
65510,10
65530,10
65540,10
65545,10
65580,10
65580,3
65585,3
65585,3
65590,3
65590,3
65595,10
65595,10
65595,10
65600,10
65600,10
65605,10
65650,10
65650,4
65655,4
65655,4
65655,4
65660,4
65675,4
65705,4
65710,4
65710,4
65725,4
65730,4
65745,4
65760,4
65765,4
65775,4
65780,4
65780,4
65790,4
65795,4
65795,4
65800,4
65815,4
65835,4
65845,4
65850,4
65850,4
65855,4
65870,4
65870,4
65875,4
65905,4
65910,4
65920,4
65925,4
65930,4
65940,4
65960,4
65960,4
65965,4
65965,4
65980,4
65985,4
65985,4
65990,4
66010,4
66015,4
66015,4
66020,4
66035,4
66040,4
66065,4
66070,4
66070,4
66090,4
66090,4
66095,4
66095,1
66100,4
66115,4
66120,4
66125,4
66135,4
66140,4
66145,4
66160,4
66165,4
66180,4
66185,4
66190,4
66195,11
66200,11
66215,11
66235,11
66250,11
66255,11
66260,11
66270,11
66290,11
66310,11
66310,11
66315,11
66360,11
66365,11
66365,11
66370,11
66370,11
66375,11
66380,11
66385,11
66405,11
66410,11
66425,11
66430,11
66435,11
66445,11
66485,11
66490,11
66495,11
66500,11
66505,11
66515,11
66525,11
66530,11
66550,11
66555,11
66565,11
66575,11
66585,11
66595,11
66600,5
66605,11
66635,11
66645,11
66650,11
66655,11
66695,4
66700,4
66700,4
66705,4
66705,4
66710,4
66710,4
66715,4
66720,4
66720,4
66725,4
66730,4
66735,4
66740,11
66760,11
66765,11
66770,11
66790,11
66810,11
66815,11
66820,11
66830,11
66870,11
66880,11
66885,11
66890,11
66890,11
66895,11
66900,15
66940,15
66960,15
66980,15
66985,15
67005,15
67025,15
67045,15
67050,15
67100,15
67105,15
67105,8
67110,15
67155,15
67160,15
67170,15
67175,15
67225,15
67230,15
67240,10
67245,15
67280,15
67285,15
67335,15
67340,15
67390,15
67395,15
67400,11
67405,15
67445,15
67450,15
67500,15
67505,15
67555,15
67560,15
67610,8
67610,8
67615,15
67615,15
67665,15
67670,15
67720,15
67725,15
67745,10
67750,10
67755,10
67760,15
67775,15
67780,15
67830,15
67835,15
67885,15
67890,15
67905,11
67910,15
67940,15
67945,15
67955,15
67960,15
68010,15
68015,15
68035,15
68040,15
68060,15
68080,15
68100,15
68115,8
68120,15
68120,15
68140,15
68145,15
68165,15
68170,15
68190,15
68210,15
68260,10
68260,10
68265,10
68265,10
68270,13
68270,13
68275,13
68280,13
68330,13
68350,13
68400,13
68410,9
68415,13
68420,13
68470,13
68475,13
68525,13
68545,13
68595,13
68600,13
68605,16
68620,12
68625,16
68770,15
68775,16
68915,14
68920,14
68925,14
68975,14
68980,14
68985,14
68990,14
69040,14
69045,14
69095,14
69105,9
69110,9
69115,9
69115,9
69125,2
69130,9
69135,9
69140,9
69160,9
69165,9
69165,9
69170,9
69175,9
69180,9
69185,9
69190,9
69210,9
69215,9
69230,9
69250,9
69265,9
69270,9
69275,4
69280,4
69285,4
69290,4
69290,9
69300,9
69305,9
69310,9
69355,9
69360,9
69360,9
69365,9
69370,9
69375,9
69380,9
69385,9
69410,9
69415,9
69435,9
69455,9
69465,9
69475,9
69480,9
69485,9
69500,9
69505,9
69535,9
69540,9
69555,9
69560,9
69590,9
69595,9
69610,9
69615,9
69630,2
69635,9
69635,9
69640,9
69645,9
69650,9
69655,9
69660,9
69660,9
69665,9
69685,9
69690,9
69710,9
69710,9
69715,9
69730,9
69735,9
69740,9
69780,9
69785,9
69790,9
69790,4
69795,4
69795,9
69835,9
69840,9
69845,9
69845,14
69850,14
69900,14
69905,14
69915,14
69920,14
69970,14
69975,14
69985,14
69990,14
70040,14
70045,14
70065,14
70070,14
70120,14
70125,14
70135,7
70140,14
70175,14
70180,14
70230,14
70235,14
70285,14
70290,14
70295,11
70300,11
70305,11
70310,14
70340,14
70345,9
70345,9
70350,9
70355,9
70360,9
70365,9
70370,14
70395,14
70400,14
70420,14
70425,14
70475,14
70480,14
70490,14
70495,14
70505,14
70510,14
70530,14
70535,14
70555,14
70560,14
70580,14
70585,14
70635,14
70640,14
70640,7
70645,14
70660,14
70665,14
70685,14
70690,14
70710,14
70715,14
70735,14
70740,14
70760,14
70780,14
70810,11
70815,11
70820,11
70825,11
70830,11
70830,11
70835,14
70850,14
70870,9
70875,14
70900,14
70920,14
70970,14
70975,14
70980,16
71145,12
71150,12
71155,12
71205,12
71225,12
71245,12
71265,12
71315,12
71335,12
71335,8
71340,8
71345,8
71350,12
71355,12
71360,12
71375,6
71380,6
71385,6
71410,6
71415,6
71435,6
71440,6
71465,6
71470,6
71480,2
71485,6
71490,6
71495,6
71520,6
71525,6
71545,6
71550,6
71575,6
71580,6
71600,6
71600,6
71620,6
71620,6
71640,6
71645,6
71665,6
71670,6
71670,6
71675,6
71720,6
71725,6
71725,6
71730,6
71745,6
71765,6
71780,6
71785,6
71800,6
71805,6
71820,6
71825,6
71825,6
71830,6
71850,3
71855,6
71875,6
71880,6
71880,6
71885,6
71930,6
71935,6
71935,6
71940,6
71955,6
71960,6
71975,6
71980,6
71985,2
71990,6
71995,6
72015,6
72030,6
72035,6
72050,6
72055,6
72100,6
72105,6
72110,6
72115,12
72120,12
72140,12
72160,12
72180,12
72185,12
72205,12
72210,12
72260,12
72265,12
72315,12
72320,12
72330,12
72335,12
72355,8
72360,8
72365,8
72370,8
72375,8
72380,12
72385,12
72390,12
72440,12
72445,12
72455,12
72460,12
72490,7
72495,7
72500,7
72510,7
72515,7
72525,7
72530,7
72540,7
72545,7
72550,7
72555,7
72555,7
72560,7
72570,7
72575,7
72585,7
72590,7
72605,7
72610,7
72615,7
72615,2
72620,2
72625,2
72625,2
72665,2
72670,2
72675,2
72675,2
72695,2
72695,2
72715,2
72720,2
72725,2
72735,2
72735,2
72740,2
72745,2
72755,2
72760,2
72760,2
72765,2
72780,2
72780,2
72785,2
72785,2
72805,2
72805,2
72810,2
72830,2
72830,2
72835,2
72835,2
72840,2
72845,2
72855,2
72860,2
72865,6
72880,3
72885,6
72885,6
72890,6
72895,6
72910,6
72915,6
72930,6
72965,6
72970,6
72980,6
72985,6
72990,6
72995,6
73000,12
73020,12
73040,12
73090,12
73110,12
73160,12
73180,12
73230,12
73250,12
73270,12
73275,12
73295,12
73300,12
73320,12
73340,12
73365,7
73370,12
73385,8
73390,12
73390,12
73395,12
73445,12
73450,12
73455,12
73460,12
73465,16
73500,13
73505,16
73870,14
73875,16
73890,15
73895,16
73965,12
73970,12
73975,12
73980,16
74005,13
74010,16
74375,14
74380,16
74395,15
74400,16
74480,12
74485,12
74490,12
74510,6
74515,6
74520,6
74540,6
74560,6
74570,6
74580,6
74585,6
74590,6
74605,6
74610,6
74610,6
74630,6
74630,6
74635,6
74680,6
74685,6
74690,6
74700,6
74710,6
74730,6
74750,6
74770,6
74780,6
74800,6
74820,6
74820,6
74840,6
74840,6
74860,6
74860,6
74865,6
74865,6
74880,2
74885,2
74885,2
74890,2
74890,2
74900,1
74905,1
74910,1
74910,1
74915,2
74915,2
74915,2
74920,2
74930,2
74935,2
74935,2
74940,2
74940,2
74960,2
74960,2
74965,2
74975,2
74980,2
74985,2
74990,2
75010,2
75015,2
75020,6
75030,6
75035,6
75040,6
75045,6
75055,6
75060,6
75085,6
75090,6
75110,6
75115,6
75140,6
75145,6
75165,6
75170,6
75195,6
75200,6
75220,6
75225,6
75235,6
75240,6
75250,6
75255,6
75290,6
75295,6
75305,6
75310,6
75345,6
75350,6
75360,6
75365,6
75375,6
75380,6
75400,6
75405,6
75415,3
75420,6
75425,6
75430,6
75435,6
75445,6
75445,6
75450,6
75460,6
75465,6
75465,6
75485,6
75505,6
75515,6
75520,2
75520,2
75525,2
75525,2
75530,2
75545,2
75550,2
75570,2
75570,2
75575,2
75575,2
75580,2
75585,2
75595,2
75600,2
75620,2
75625,2
75625,2
75630,2
75635,2
75645,2
75650,2
75650,2
75655,2
75655,2
75675,2
75695,2
75700,2
75705,2
75705,2
75710,2
75715,2
75720,2
75745,2
75750,2
75755,9
75760,9
75770,9
75775,9
75780,9
75800,9
75805,9
75825,9
75825,9
75830,9
75830,9
75850,9
75855,9
75880,9
75885,9
75905,9
75905,9
75910,9
75910,9
75920,4
75925,4
75930,4
75930,4
75935,4
75935,9
75955,9
75960,9
75965,9
75975,9
75995,9
76000,9
76015,9
76020,9
76030,9
76035,9
76050,9
76055,9
76065,9
76070,9
76085,9
76090,9
76120,9
76125,9
76140,9
76145,9
76165,9
76170,9
76175,9
76180,9
76190,9
76195,9
76205,9
76210,9
76230,9
76235,9
76245,9
76250,9
76255,2
76260,2
76260,9
76265,9
76270,9
76290,9
76310,9
76315,9
76315,9
76320,9
76335,9
76340,9
76360,9
76365,9
76370,9
76375,9
76385,9
76390,9
76425,9
76430,9
76435,4
76440,4
76440,4
76445,4
76445,4
76450,4
76455,4
76455,4
76460,4
76480,4
76485,4
76505,4
76510,4
76510,4
76515,4
76535,4
76540,4
76560,4
76565,4
76565,4
76570,4
76590,4
76595,4
76615,4
76620,4
76620,4
76625,4
76635,4
76640,4
76645,4
76650,4
76670,4
76670,4
76675,4
76690,4
76690,4
76695,4
76725,4
76730,4
76740,4
76745,4
76745,4
76750,4
76750,4
76755,4
76760,9
76760,2
76765,2
76770,2
76780,2
76785,2
76800,2
76805,2
76820,2
76825,2
76830,2
76835,2
76840,2
76840,2
76850,2
76855,2
76890,2
76890,2
76895,2
76905,2
76910,2
76910,2
76915,2
76930,2
76935,2
76950,2
76955,2
76960,2
76960,2
76965,2
76970,2
76975,2
76975,2
76980,2
76980,2
76985,2
76990,2
76995,2
76995,2
77000,2
77020,2
77025,2
77030,2
77040,2
77045,2
77050,2
77060,2
77065,2
77080,2
77085,2
77085,2
77090,2
77095,2
77100,2
77100,2
77100,2
77105,2
77105,2
77120,2
77125,2
77125,2
77130,2
77145,2
77150,2
77155,2
77155,2
77160,2
77165,2
77175,2
77180,2
77185,2
77190,2
77200,2
77210,2
77210,2
77215,2
77215,2
77220,2
77225,2
77230,2
77235,2
77240,2
77240,2
77245,2
77260,1
77260,1
77265,1
77265,1
77265,2
77270,2
77280,2
77285,2
77290,2
77295,2
77305,2
77310,2
77315,2
77315,2
77320,2
77330,2
77335,2
77335,2
77345,2
77350,2
77355,2
77360,2
77360,2
77365,2
77380,2
77400,2
77400,2
77405,2
77415,2
77420,2
77420,2
77440,2
77455,2
77460,2
77470,2
77475,2
77485,2
77490,2
77490,2
77510,2
77510,2
77515,2
77540,2
77545,2
77560,2
77565,2
77565,2
77565,2
77570,7
77570,7
77570,7
77590,7
77595,7
77620,7
77625,7
77635,7
77640,7
77645,7
77650,7
77690,7
77695,7
77700,7
77705,7
77705,7
77710,7
77730,7
77735,7
77755,7
77755,7
77760,7
77760,7
77765,5
77770,7
77780,7
77785,7
77805,7
77810,7
77815,7
77825,7
77835,7
77840,7
77845,7
77860,7
77865,7
77880,7
77915,7
77930,7
77935,7
77935,7
77940,14
77955,14
77960,14
78010,14
78015,14
78025,14
78030,14
78050,14
78055,14
78070,9
78075,9
78080,9
78085,9
78090,9
78095,9
78100,9
78105,9
78110,9
78150,9
78160,9
78165,9
78170,9
78190,9
78210,9
78215,9
78220,9
78230,9
78235,9
78255,9
78260,9
78270,9
78270,4
78275,4
78275,9
78295,9
78310,9
78315,9
78315,9
78335,9
78355,9
78365,9
78370,9
78375,9
78380,9
78390,9
78410,9
78430,9
78435,9
78440,2
78445,2
78450,2
78455,2
78460,2
78460,2
78465,2
78470,7
78485,7
78490,7
78510,7
78515,7
78520,14
78540,14
78545,14
78595,14
78600,14
78650,14
78655,14
78705,14
78710,14
78720,14
78725,14
78735,14
78740,14
78775,11
78780,14
78790,14
78795,14
78845,14
78850,14
78870,14
78875,14
78895,14
78900,14
78920,14
78925,14
78935,14
78940,14
78960,14
78965,14
78970,9
78975,14
79015,14
79020,14
79020,7
79025,14
79040,14
79060,14
79080,14
79100,14
79150,14
79170,14
79220,14
79240,14
79260,14
79265,14
79280,11
79285,11
79290,11
79295,14
79315,14
79320,14
79370,14
79375,14
79425,14
79430,14
79475,9
79480,9
79480,9
79485,9
79485,9
79490,9
79495,9
79495,9
79500,9
79510,9
79515,9
79525,2
79530,9
79535,9
79545,9
79550,9
79555,14
79555,14
79605,14
79610,14
79615,14
79620,14
79625,16
79795,15
79800,16
80030,12
80035,16
80055,13
80060,13
80065,13
80070,13
80075,13
80080,13
80085,13
80090,13
80095,13
80125,9
80130,13
80145,13
80165,13
80215,13
80220,13
80270,13
80275,13
80300,10
80305,13
80325,13
80345,13
80365,13
80370,13
80390,13
80395,13
80415,13
80435,13
80485,13
80490,13
80495,13
80500,13
80535,6
80540,6
80545,6
80550,6
80550,13
80555,13
80560,16
80630,14
80635,14
80640,14
80690,14
80710,14
80760,14
80780,14
80800,14
80805,11
80810,14
80820,14
80870,14
80875,14
80925,14
80930,14
80980,14
80985,14
80990,14
80995,14
81045,14
81050,14
81050,7
81055,14
81055,14
81060,14
81060,9
81065,14
81110,14
81115,14
81120,14
81125,14
81130,16
81310,15
81315,15
81320,15
81325,15
81330,15
81335,16
81555,12
81560,12
81565,12
81565,6
81570,13
81570,13
81575,13
81625,13
81630,9
81635,13
81645,13
81695,13
81700,13
81750,13
81770,13
81790,13
81795,13
81835,10
81840,10
81845,10
81845,10
81850,10
81850,10
81855,10
81860,10
81865,10
81870,10
81870,10
81875,10
81880,10
81885,10
81890,10
81935,10
81940,10
81945,10
81955,10
81975,10
81980,10
81995,10
82015,10
82030,10
82035,10
82065,10
82070,3
82075,10
82085,10
82085,10
82090,10
82135,4
82135,4
82140,4
82140,10
82140,10
82145,10
82145,15
82165,15
82170,15
82190,15
82195,15
82215,15
82220,15
82240,15
82245,15
82265,15
82285,15
82335,15
82340,15
82390,15
82395,15
82445,15
82450,15
82455,15
82460,15
82510,15
82515,15
82520,16
82575,12
82580,16
82640,14
82645,16
82645,13
82650,13
82655,13
82705,13
82710,13
82715,16
83020,15
83025,16
83080,12
83085,16
83145,14
83150,14
83155,14
83205,14
83215,9
83220,9
83225,9
83225,9
83230,9
83235,9
83245,9
83250,9
83270,9
83275,9
83285,9
83295,9
83300,9
83305,9
83350,9
83355,9
83355,9
83360,9
83365,14
83405,14
83410,14
83430,14
83435,14
83485,14
83490,14
83500,14
83505,14
83525,11
83530,11
83535,11
83540,14
83555,14
83560,14
83585,7
83590,7
83595,7
83600,7
83605,7
83610,7
83615,7
83655,7
83665,7
83670,7
83675,7
83695,7
83700,7
83720,7
83725,7
83745,7
83750,7
83750,7
83755,7
83765,7
83770,7
83770,7
83775,7
83780,7
83785,7
83825,7
83830,7
83835,7
83840,7
83860,7
83865,7
83865,2
83870,2
83875,2
83880,2
83885,2
83885,2
83890,2
83905,2
83925,2
83925,2
83940,2
83945,2
83945,2
83945,2
83950,2
83960,2
83965,2
83965,2
83970,2
83995,2
84000,2
84015,2
84020,2
84020,2
84020,2
84025,2
84035,2
84040,2
84040,1
84040,1
84045,2
84070,2
84075,2
84085,2
84090,2
84090,2
84090,2
84095,2
84110,2
84130,2
84140,2
84145,2
84145,2
84150,2
84150,2
84170,2
84170,2
84175,2
84190,2
84195,2
84195,2
84200,2
84200,2
84210,2
84215,2
84220,2
84220,2
84225,2
84225,2
84235,2
84255,2
84275,2
84275,2
84280,2
84280,2
84300,2
84300,2
84305,2
84310,2
84315,2
84320,2
84320,2
84320,2
84325,2
84330,2
84340,2
84360,2
84370,2
84375,2
84380,6
84380,6
84400,6
84410,6
84415,6
84420,6
84425,6
84445,6
84465,6
84465,6
84485,6
84505,6
84510,6
84515,6
84520,6
84530,6
84535,6
84545,3
84550,3
84555,3
84570,3
84585,3
84590,3
84590,3
84600,3
84605,3
84605,3
84610,3
84615,3
84625,3
84625,3
84630,3
84635,3
84640,3
84660,3
84675,3
84680,3
84680,3
84685,3
84695,3
84700,3
84705,3
84725,3
84735,3
84740,3
84745,3
84745,3
84765,3
84765,3
84770,3
84790,3
84795,3
84815,3
84820,3
84820,3
84825,3
84845,3
84845,3
84850,3
84850,3
84870,3
84880,1
84885,1
84890,1
84890,1
84900,1
84900,1
84905,1
84905,1
84925,1
84930,1
84940,1
84940,1
84945,1
84950,1
84950,2
84955,2
84960,2
84960,2
84970,2
84990,2
84995,2
85010,2
85010,2
85015,2
85030,2
85045,2
85050,2
85065,2
85070,2
85080,2
85085,2
85100,2
85105,2
85120,2
85125,2
85125,2
85130,2
85135,2
85140,2
85175,2
85180,2
85180,2
85185,2
85190,2
85190,2
85195,2
85205,2
85210,2
85215,2
85220,2
85225,2
85240,2
85245,2
85260,2
85265,2
85265,2
85270,2
85275,2
85280,2
85315,2
85320,2
85320,2
85325,2
85325,6
85330,6
85335,6
85340,13
85375,13
85380,13
85390,13
85395,13
85415,13
85435,13
85450,10
85455,10
85455,13
85475,13
85525,13
85545,13
85565,13
85570,13
85590,13
85595,13
85645,13
85650,13
85660,13
85665,13
85715,13
85720,13
85770,13
85775,13
85825,9
85825,9
85830,9
85830,9
85835,9
85840,9
85840,2
85845,9
85845,9
85885,9
85895,9
85900,9
85905,9
85920,9
85925,9
85955,9
85955,4
85960,9
85975,9
85975,9
85980,9
85990,9
85995,9
86025,9
86045,9
86045,9
86050,9
86065,9
86070,9
86070,9
86090,9
86090,9
86110,9
86130,9
86140,9
86150,9
86160,9
86200,9
86210,9
86220,9
86230,9
86250,9
86255,9
86270,9
86275,9
86305,9
86310,9
86325,9
86330,9
86330,9
86335,9
86345,2
86350,2
86355,2
86355,2
86360,2
86360,9
86380,9
86380,9
86385,9
86400,9
86420,9
86425,9
86435,9
86440,9
86445,9
86460,4
86465,4
86465,4
86470,4
86475,4
86480,4
86485,4
86485,4
86490,4
86490,4
86490,4
86495,4
86495,9
86510,9
86515,9
86535,9
86540,9
86545,9
86550,9
86590,9
86595,9
86600,9
86605,9
86605,9
86610,9
86615,9
86620,9
86640,9
86645,9
86660,9
86665,9
86665,9
86670,9
86685,9
86690,9
86695,9
86705,9
86715,9
86720,9
86725,9
86730,9
86740,9
86745,9
86780,9
86785,9
86795,9
86800,9
86805,9
86810,9
86820,9
86825,9
86835,9
86840,9
86850,9
86850,9
86855,9
86855,9
86860,2
86865,2
86865,2
86870,2
86870,2
86905,2
86910,2
86920,2
86920,2
86925,2
86925,2
86960,2
86965,2
86975,2
86975,2
86975,2
86980,2
86980,2
86980,2
86995,1
87000,2
87000,2
87020,2
87030,2
87030,2
87035,2
87035,2
87040,2
87060,2
87085,2
87085,2
87090,2
87105,2
87110,2
87110,2
87115,2
87125,2
87130,2
87145,2
87165,2
87165,2
87170,2
87170,2
87180,2
87190,2
87195,2
87200,2
87215,2
87220,2
87220,2
87225,2
87250,2
87255,2
87270,2
87275,2
87275,2
87280,2
87285,2
87290,2
87300,2
87305,2
87305,2
87325,2
87330,2
87335,2
87345,2
87350,2
87355,2
87360,2
87375,2
87380,2
87385,2
87390,2
87400,2
87405,2
87410,2
87415,2
87415,2
87420,2
87440,2
87460,2
87465,2
87470,2
87470,2
87475,2
87480,2
87480,2
87485,2
87485,2
87495,2
87500,1
87505,1
87505,2
87510,2
87515,2
87535,2
87540,2
87560,2
87565,2
87565,2
87570,2
87575,2
87580,2
87590,2
87595,2
87615,2
87620,2
87630,2
87635,2
87640,9
87640,9
87645,9
87650,9
87660,9
87660,9
87665,9
87675,9
87680,9
87680,9
87700,9
87700,9
87720,9
87720,9
87725,9
87740,9
87745,9
87775,9
87780,9
87790,9
87795,9
87795,9
87800,9
87845,9
87850,9
87850,9
87855,9
87870,9
87875,9
87890,9
87895,9
87910,9
87915,9
87915,9
87920,9
87940,9
87945,9
87965,9
87965,9
87970,9
87970,9
87990,9
87995,9
88005,4
88010,9
88015,9
88020,9
88020,9
88025,9
88070,9
88075,9
88075,9
88080,9
88100,9
88105,9
88125,9
88130,9
88140,2
88145,9
88155,9
88160,9
88170,9
88175,9
88180,9
88185,9
88225,9
88230,9
88235,9
88240,9
88240,9
88245,9
88290,9
88295,9
88295,9
88300,9
88315,9
88335,9
88350,9
88355,9
88385,9
88390,9
88405,9
88410,9
88440,9
88445,9
88460,9
88465,9
88475,9
88480,9
88495,9
88500,9
88500,9
88510,4
88515,9
88520,9
88540,9
88545,9
88550,9
88555,9
88565,9
88570,9
88605,9
88610,9
88620,9
88625,9
88645,9
88645,2
88650,9
88650,9
88660,9
88670,9
88675,9
88680,9
88695,9
88715,9
88730,9
88735,9
88735,9
88755,9
88775,9
88780,9
88785,9
88790,9
88800,9
88805,9
88815,9
88820,9
88840,9
88840,9
88860,9
88860,9
88880,9
88880,9
88885,9
88900,9
88935,9
88940,9
88950,9
88955,9
88990,9
88995,9
89005,9
89015,4
89020,9
89025,9
89045,9
89045,9
89050,9
89065,9
89100,9
89105,9
89115,9
89125,9
89130,9
89135,9
89150,2
89150,2
89155,2
89155,2
89155,2
89160,2
89160,2
89165,2
89165,9
89170,9
89180,9
89185,9
89190,9
89195,9
89205,9
89210,9
89215,9
89220,9
89230,9
89230,9
89235,9
89235,9
89255,9
89275,9
89285,9
89290,9
89295,9
89315,9
89335,9
89340,9
89345,9
89355,9
89395,9
89400,9
89405,9
89410,9
89450,9
89455,9
89460,9
89480,9
89500,9
89505,9
89505,9
89510,9
89520,4
89525,9
89525,9
89530,9
89550,9
89555,9
89560,9
89565,9
89565,9
89570,9
89575,9
89580,9
89620,9
89625,9
89630,9
89635,9
89665,2
89670,9
89675,9
89680,9
89685,9
89690,9
89710,9
89715,9
89730,9
89735,9
89765,9
89770,9
89785,9
89790,9
89800,9
89805,9
89820,9
89825,9
89855,9
89860,9
89875,9
89880,9
89900,9
89905,9
89910,9
89915,9
89925,9
89930,9
89950,9
89965,9
89970,9
89970,9
90020,9
90020,9
90025,9
90025,4
90025,4
90030,9
90030,13
90075,13
90080,13
90090,13
90095,13
90145,13
90150,13
90160,13
90165,13
90170,6
90175,13
90215,13
90220,13
90270,13
90275,13
90325,13
90330,13
90350,13
90355,13
90405,13
90410,13
90460,13
90465,13
90515,13
90520,13
90530,13
90530,9
90530,4
90535,10
90535,10
90535,10
90540,10
90585,10
90590,10
90590,10
90595,10
90600,10
90605,10
90640,10
90645,10
90655,10
90660,10
90665,10
90670,10
90675,3
90680,3
90685,3
90690,3
90690,3
90695,3
90710,3
90710,3
90730,3
90730,3
90745,3
90750,3
90750,3
90755,3
90760,3
90780,3
90785,3
90790,3
90795,3
90800,3
90810,3
90820,3
90830,3
90840,3
90845,3
90845,3
90850,3
90855,3
90855,6
90860,6
90880,6
90900,6
90910,6
90915,6
90920,6
90940,6
90965,6
90970,6
90990,6
91010,6
91020,6
91025,6
91035,2
91040,6
91060,6
91075,6
91080,6
91080,6
91100,6
91100,6
91105,6
91120,6
91125,6
91140,6
91145,6
91145,6
91165,6
91165,6
91170,6
91170,6
91190,6
91195,6
91215,6
91220,6
91225,6
91235,6
91275,6
91280,6
91285,6
91305,6
91330,6
91335,6
91355,6
91355,6
91355,3
91360,3
91360,3
91365,3
91375,3
91410,3
91415,3
91415,3
91420,3
91425,3
91430,3
91435,8
91465,8
91470,8
91470,8
91475,8
91480,12
91520,12
91525,12
91540,7
91545,7
91550,7
91575,7
91580,7
91600,7
91620,7
91630,7
91635,7
91670,7
91675,7
91685,7
91690,7
91725,7
91740,7
91745,7
91745,7
91755,7
91760,7
91795,7
91810,7
91815,7
91815,7
91865,7
91865,7
91870,7
91885,7
91920,7
91925,7
91935,7
91935,2
91940,2
91940,2
91945,6
91945,6
91950,6
91955,6
91975,6
91980,6
91980,3
91985,6
92005,6
92025,6
92030,6
92035,6
92055,6
92060,6
92075,6
92095,6
92110,6
92115,6
92145,6
92165,6
92165,6
92170,6
92185,6
92190,6
92190,6
92195,6
92210,6
92230,6
92245,6
92250,6
92250,6
92270,6
92290,6
92295,6
92300,6
92305,6
92345,6
92350,6
92355,6
92360,6
92370,6
92375,6
92395,6
92400,6
92410,6
92415,6
92435,6
92440,6
92445,2
92450,6
92450,6
92455,6
92485,3
92490,6
92490,6
92495,6
92505,6
92510,6
92530,6
92535,6
92545,6
92550,6
92555,6
92570,6
92575,6
92590,6
92610,6
92615,6
92625,6
92635,6
92645,6
92655,6
92665,6
92670,6
92675,6
92680,6
92720,6
92725,6
92730,6
92735,6
92775,6
92780,6
92785,6
92790,6
92830,6
92835,6
92840,6
92845,6
92855,6
92860,6
92885,6
92890,6
92910,6
92915,6
92940,6
92945,6
92950,2
92955,6
92955,6
92960,6
92965,6
92970,6
92970,6
92975,6
92990,3
92995,3
93000,3
93005,6
93020,6
93025,6
93025,6
93030,6
93050,6
93055,6
93075,6
93080,6
93105,6
93110,6
93120,6
93125,6
93130,6
93135,6
93145,6
93150,6
93170,6
93185,6
93190,6
93190,6
93200,6
93205,6
93210,6
93230,6
93250,6
93255,6
93255,6
93260,6
93275,6
93295,6
93310,6
93315,6
93315,6
93320,6
93325,6
93330,6
93350,6
93370,6
93370,6
93375,6
93420,6
93425,6
93430,6
93440,6
93455,2
93460,6
93480,6
93485,6
93490,6
93495,6
93500,13
93505,10
93510,10
93515,10
93520,10
93525,10
93535,10
93540,10
93560,10
93575,10
93580,10
93595,10
93630,10
93645,10
93650,10
93665,10
93685,10
93700,10
93705,10
93720,10
93725,10
93730,10
93770,10
93780,10
93785,10
93790,10
93805,10
93810,10
93810,10
93830,10
93850,10
93860,10
93865,10
93870,10
93890,10
93895,10
93915,10
93915,10
93920,10
93935,10
93960,4
93965,10
93970,10
93975,10
93985,10
94000,3
94005,3
94005,3
94010,3
94015,10
94025,10
94030,10
94055,10
94075,10
94080,10
94085,10
94105,10
94110,10
94125,10
94130,10
94130,10
94135,10
94135,15
94185,15
94190,15
94210,15
94230,15
94280,15
94285,15
94335,15
94355,15
94405,15
94410,15
94460,15
94465,11
94465,11
94470,11
94475,11
94480,11
94485,11
94515,11
94515,5
94520,5
94520,5
94525,7
94525,7
94530,14
94535,14
94540,14
94590,14
94595,14
94635,9
94640,14
94645,14
94650,14
94655,16
95025,15
95030,15
95030,8
95035,15
95035,15
95040,15
95045,15
95050,15
95055,15
95105,15
95110,15
95115,16
95140,13
95145,16
95155,14
95160,14
95165,14
95215,14
95235,14
95255,14
95275,14
95295,14
95300,14
95350,14
95355,14
95405,14
95410,14
95460,14
95465,14
95515,14
95520,14
95535,7
95540,7
95545,7
95570,7
95575,7
95595,7
95615,5
95615,5
95620,5
95625,5
95625,5
95630,5
95645,1
95650,5
95665,5
95675,5
95680,5
95685,5
95685,5
95695,5
95705,5
95710,5
95735,5
95740,5
95745,5
95760,5
95765,5
95765,5
95775,5
95780,5
95790,5
95795,5
95815,5
95820,5
95830,5
95835,5
95845,5
95850,5
95860,5
95865,5
95870,5
95875,5
95885,5
95890,5
95910,5
95915,5
95915,5
95920,5
95925,5
95930,5
95935,5
95940,5
95940,5
95950,5
95955,5
95960,5
95965,5
95970,5
95980,5
96000,5
96010,5
96015,5
96020,5
96020,5
96025,5
96025,5
96035,5
96040,5
96050,5
96055,5
96065,5
96065,5
96070,5
96070,5
96075,5
96080,5
96120,5
96120,5
96125,5
96130,5
96135,5
96140,5
96150,1
96155,5
96175,5
96180,5
96185,5
96190,5
96190,5
96210,5
96230,5
96230,5
96235,5
96235,5
96240,5
96245,5
96245,5
96250,5
96255,5
96260,5
96295,5
96300,5
96300,5
96305,5
96310,5
96315,5
96350,5
96355,5
96355,5
96360,5
96365,5
96370,5
96375,5
96380,5
96410,5
96415,5
96420,5
96425,5
96425,5
96430,5
96430,5
96435,5
96445,5
96450,5
96470,5
96480,5
96485,5
96485,5
96490,5
96490,5
96510,5
96515,5
96535,5
96540,5
96540,5
96545,5
96550,5
96555,5
96565,5
96570,5
96595,5
96600,5
96605,5
96610,5
96620,5
96620,5
96625,5
96625,5
96650,5
96655,5
96655,1
96660,1
96665,1
96670,5
96675,5
96675,5
96675,5
96680,5
96680,5
96680,5
96700,5
96720,5
96730,5
96730,5
96735,5
96735,5
96740,5
96745,5
96745,5
96750,5
96765,5
96770,5
96785,5
96790,5
96790,5
96795,5
96800,5
96805,5
96810,5
96815,5
96815,5
96820,5
96840,5
96845,5
96855,5
96860,5
96865,5
96865,5
96870,5
96870,5
96910,5
96915,5
96920,5
96920,5
96925,5
96925,5
96965,5
96970,5
96975,5
96975,5
96980,5
96980,5
96990,5
97010,5
97030,5
97030,5
97030,5
97035,5
97035,5
97045,5
97050,5
97050,5
97085,5
97090,5
97100,5
97100,5
97105,5
97105,5
97110,5
97115,5
97125,5
97130,5
97135,5
97155,5
97155,5
97160,5
97170,1
97175,5
97180,5
97185,5
97205,5
97210,5
97215,5
97225,5
97235,5
97240,5
97250,5
97255,5
97265,5
97270,5
97275,5
97275,5
97275,5
97280,5
97280,5
97280,5
97285,5
97290,5
97295,7
97300,7
97305,7
97325,7
97330,7
97330,7
97335,7
97340,14
97350,14
97370,14
97390,14
97410,14
97460,14
97465,14
97515,14
97520,14
97570,14
97590,14
97640,14
97660,14
97675,9
97680,9
97685,9
97710,9
97730,9
97735,9
97755,9
97780,9
97785,9
97790,9
97795,9
97795,4
97800,9
97800,13
97805,13
97810,13
97840,6
97845,13
97860,13
97880,13
97930,13
97950,13
98000,13
98005,13
98010,13
98015,13
98020,16
98300,14
98300,11
98305,11
98305,11
98310,11
98310,11
98315,14
98345,7
98350,7
98355,7
98360,7
98365,7
98370,7
98375,7
98405,7
98410,7
98425,7
98445,7
98460,7
98480,7
98495,7
98500,7
98500,7
98505,7
98510,7
98515,7
98520,2
98520,2
98520,2
98525,2
98525,2
98530,2
98530,2
98535,2
98540,2
98540,2
98560,2
98580,2
98580,2
98585,2
98590,2
98595,2
98600,7
98600,7
98620,7
98625,7
98635,7
98635,7
98640,7
98640,7
98650,7
98650,7
98655,7
98655,7
98665,7
98670,7
98680,7
98685,7
98705,7
98705,7
98710,7
98710,7
98730,7
98735,7
98745,7
98750,7
98760,7
98765,7
98800,7
98805,7
98815,5
98815,5
98820,5
98820,5
98825,5
98830,7
98855,7
98860,7
98870,7
98875,7
98880,7
98885,7
98895,7
98900,7
98905,7
98910,7
98920,7
98925,7
98945,7
98960,7
98965,7
98965,7
99015,7
99015,7
99020,7
99020,7
99040,7
99045,7
99070,7
99090,7
99095,7
99100,7
99100,2
99105,7
99110,7
99130,7
99150,7
99155,7
99180,7
99200,7
99205,7
99210,7
99250,7
99255,7
99260,7
99265,7
99305,7
99310,7
99315,7
99320,7
99330,5
99335,5
99340,5
99345,5
99350,5
99360,5
99370,5
99375,5
99380,5
99395,5
99400,5
99400,5
99420,5
99420,5
99430,5
99440,5
99450,5
99470,5
99470,5
99475,5
99475,5
99480,5
99485,5
99490,5
99495,5
99510,5
99515,5
99535,5
99535,5
99540,5
99540,5
99545,7
99560,7
99560,7
99580,7
99580,7
99600,7
99600,7
99605,2
99605,2
99610,2
99615,2
99620,2
99620,2
99625,2
99625,2
99630,2
99630,2
99635,2
99640,2
99640,2
99645,2
99645,2
99650,7
99650,7
99655,7
99695,7
99700,7
99705,7
99710,7
99730,7
99735,7
99750,7
99755,7
99785,7
99790,7
99805,7
99810,7
99830,7
99835,7
99840,7
99845,7
99855,7
99875,7
99895,7
99895,7
99900,7
99915,7
99950,7
99955,7
99965,7
99985,7
100005,7
100005,7
100010,7
100010,7
100030,7
100045,5
100050,5
100050,5
100055,5
100060,5
100065,5
100100,5
100105,5
100110,5
100115,5
100120,5
100120,5
100140,5
100145,5
100150,1
100155,1
100160,1
100160,1
100165,5
100165,5
100170,5
100170,5
100175,5
100180,5
100185,5
100190,5
100190,5
100195,5
100200,5
100200,5
100205,5
100205,5
100245,5
100250,5
100255,5
100255,5
100260,5
100260,5
100300,5
100305,5
100310,5
100310,5
100315,5
100315,5
100325,5
100325,5
100330,5
100330,5
100355,5
100360,5
100380,5
100380,5
100385,5
100385,5
100410,5
100415,5
100435,5
100435,5
100440,5
100440,5
100460,5
100460,5
100465,5
100465,5
100465,5
100470,5
100485,5
100490,5
100490,5
100495,5
100510,5
100515,5
100515,5
100520,5
100530,5
100535,5
100550,5
100555,5
100570,5
100575,5
100575,5
100580,5
100585,5
100605,5
100625,5
100625,5
100630,5
100630,5
100630,5
100635,5
100640,5
100645,5
100645,5
100650,5
100650,5
100655,5
100660,5
100665,5
100665,1
100670,1
100675,1
100675,1
100680,1
100695,1
100700,1
100700,1
100715,1
100720,1
100720,1
100725,1
100730,1
100735,1
100740,1
100740,1
100745,5
100745,5
100750,5
100755,5
100765,5
100765,5
100770,5
100770,5
100775,5
100785,5
100790,5
100805,5
100810,5
100810,5
100825,5
100830,5
100860,5
100860,5
100865,5
100875,5
100880,5
100880,5
100880,5
100885,5
100900,5
100920,5
100930,5
100935,5
100935,5
100940,5
100970,5
100975,5
100985,5
100990,5
100995,5
101005,5
101025,5
101025,5
101030,5
101045,5
101045,5
101050,5
101060,5
101065,5
101075,5
101080,5
101080,5
101085,5
101095,5
101115,5
101130,5
101135,5
101135,5
101135,5
101140,5
101140,5
101160,5
101165,5
101185,5
101190,5
101190,5
101195,5
101210,5
101215,5
101215,5
101215,5
101220,5
101230,5
101235,5
101235,5
101235,5
101240,5
101245,1
101245,1
101250,1
101250,1
101255,1
101255,1
101260,1
101275,1
101280,1
101300,1
101305,1
101305,1
101325,1
101325,1
101330,1
101330,1
101335,1
101335,3
101355,3
101360,3
101370,3
101375,3
101375,3
101380,3
101385,3
101385,8
101405,8
101425,8
101425,8
101430,8
101430,8
101440,8
101445,8
101480,8
101485,8
101495,8
101500,8
101505,8
101510,8
101550,8
101555,8
101560,8
101565,8
101605,8
101610,8
101615,8
101620,8
101630,8
101635,8
101655,8
101660,8
101670,8
101675,8
101680,8
101685,8
101705,8
101710,8
101725,8
101730,8
101730,8
101750,8
101770,8
101780,8
101785,8
101790,8
101810,8
101830,8
101835,5
101835,5
101840,8
101840,8
101850,8
101850,8
101855,8
101855,8
101875,8
101885,3
101890,3
101895,3
101895,3
101905,3
101910,3
101945,3
101945,3
101950,3
101960,3
101965,3
101965,3
101985,3
102000,3
102005,3
102015,3
102020,3
102020,3
102040,3
102045,3
102055,3
102070,3
102075,3
102075,3
102095,3
102100,3
102125,3
102125,3
102130,3
102145,3
102150,3
102155,3
102165,3
102180,3
102185,3
102185,3
102205,3
102205,3
102210,3
102220,3
102225,3
102225,3
102235,3
102235,3
102240,3
102240,3
102245,3
102250,3
102260,3
102265,3
102290,3
