time,person
5,2
5,3
5,1
15,2
20,2
25,3
25,1
30,3
45,1
50,3
55,3
55,4
60,4
65,1
70,1
70,2
75,2
85,2
90,2
90,1
95,1
105,3
110,3
110,4
115,4
115,1
125,4
130,4
135,1
140,2
145,2
160,3
165,3
180,4
185,4
185,3
185,1
190,1
195,1
195,2
200,1
200,2
205,4
205,3
225,4
250,1
250,2
255,2
255,3
270,1
275,4
275,3
280,4
285,4
290,4
295,3
300,3
305,2
310,2
310,3
315,3
320,1
340,1
340,4
345,4
350,4
360,2
365,2
365,3
370,3
390,3
390,1
410,1
410,3
415,2
420,2
430,3
430,1
435,1
450,3
455,1
460,1
470,2
475,2
480,1
495,2
500,3
500,2
500,1
520,2
520,3
525,2
535,2
540,2
550,1
570,3
570,1
575,3
580,3
590,1
590,2
595,2
595,1
615,2
620,2
640,2
645,1
645,2
650,1
665,2
670,1
675,1
685,2
695,1
700,1
705,2
720,1
725,2
725,1
735,1
740,1
750,1
755,1
765,1
770,1
775,2
780,2
820,1
825,1
830,2
835,1
840,1
850,2
850,4
855,4
860,4
865,4
870,4
890,1
895,1
900,2
920,4
920,2
940,4
945,1
950,1
960,1
965,1
970,2
975,2
975,1
980,1
990,4
995,4
1025,2
1030,1
1035,1
1045,4
1045,2
1050,4
1065,2
1070,2
1080,3
1085,3
1085,1
1090,1
1100,4
1105,4
1110,4
1110,1
1115,1
1120,2
1125,2
1135,1
1140,1
1160,1
1165,1
1175,2
1180,2
1200,2
1215,1
1220,2
1220,1
1240,2
1245,2
1265,2
1270,1
1275,1
1285,2
1305,2
1310,2
1320,2
1325,2
1325,1
1330,1
1335,2
1340,2
1350,1
1370,1
1390,1
1390,2
1395,1
1395,2
1405,1
1410,1
1445,2
1450,2
1460,1
1465,1
1500,2
1505,2
1515,1
1520,1
1555,2
1560,2
1570,1
1575,1
1585,1
1585,3
1590,1
1590,3
1595,3
1610,4
1610,2
1615,4
1615,2
1620,4
1640,1
1645,3
1645,1
1650,3
1665,2
1670,2
1670,4
1675,4
1695,1
1700,3
1700,1
1710,1
1715,1
1720,2
1720,3
1725,2
1725,4
1735,1
1740,1
1745,2
1745,4
1760,1
1765,2
1765,1
1765,4
1770,3
1770,4
1790,4
1790,3
1810,3
1810,4
1815,1
1815,2
1820,1
1820,2
1825,2
1830,3
1830,4
1840,1
1850,4
1860,1
1880,3
1880,1
1885,3
1885,1
1890,3
1895,3
1900,4
1905,4
1910,4
1915,4
1935,1
1940,1
1945,3
1960,1
1965,3
1965,4
1980,1
1985,4
2000,1
2005,4
2010,4
2015,3
2020,3
2020,1
2030,4
2040,1
2045,1
2050,4
2055,1
2060,1
2070,3
2075,3
2100,4
2110,1
2115,1
2120,4
2125,3
2130,3
2135,3
2140,3
2140,4
2145,4
2155,4
2160,4
2165,1
2170,4
2170,1
2175,4
2190,3
2190,1
2195,1
2210,3
2225,4
2230,4
2245,1
2250,1
2260,3
2265,3
2270,3
2275,3
2280,3
2280,4
2285,4
2300,1
2305,1
2305,4
2310,4
2325,2
2330,4
2330,2
2335,4
2335,2
2355,1
2360,1
2385,2
2385,4
2390,4
2405,2
2410,1
2415,1
2440,4
2445,4
2455,2
2465,1
2470,1
2475,2
2495,4
2495,2
2500,4
2500,2
2520,2
2520,1
2525,1
2540,2
2550,4
2555,4
2575,1
2580,1
2590,2
2600,1
2605,4
2610,4
2610,2
2620,1
2660,4
2660,2
2665,2
2665,4
2670,1
2675,1
2680,1
2715,2
2715,4
2720,4
2720,2
2730,4
2735,4
2770,2
2780,3
2785,3
2785,4
2790,4
2790,2
2790,3
2840,3
2840,4
2840,2
2845,4
2845,2
2850,2
2860,3
2865,4
2870,4
2890,4
2910,4
2910,3
2915,3
2920,3
2960,4
2980,4
3000,4
3005,4
3025,4
3030,4
3050,4
3070,4
3120,4
3125,4
3130,4
3135,4
3180,1
3185,4
3185,1
3190,1
3205,4
3225,4
3240,1
3245,4
3245,1
3295,4
3295,1
3300,1
3315,4
3350,2
3350,1
3355,2
3365,4
3370,1
3385,4
3420,1
3420,3
3425,3
3435,4
3440,1
3455,4
3490,1
3505,4
3510,1
3525,4
3545,4
3560,1
3565,4
3580,1
3585,4
3600,1
3605,4
3605,1
3655,1
3655,4
3660,1
3660,4
3665,4
3670,1
3675,1
3725,1
3730,1
3780,1
3785,1
3835,1
3840,1
3855,2
3860,2
3890,1
3895,1
3925,3
3930,3
3945,1
3950,1
3960,1
3965,1
4015,1
4020,1
4070,1
4075,1
4095,1
4100,1
4120,1
4125,1
4145,1
4150,1
4160,1
4165,1
4165,4
4170,4
4175,4
4215,1
4220,1
4225,4
4230,4
4270,1
4275,1
4280,4
4285,4
4325,1
4330,1
4335,4
4350,1
4355,4
4355,1
4360,2
4365,2
4375,1
4380,1
4400,1
4405,1
4405,4
4410,4
4430,3
4435,3
4455,1
4460,1
4460,4
4480,4
4480,1
4485,1
4500,4
4520,4
4535,1
4540,1
4570,4
4590,4
4590,1
4595,1
4610,4
4615,1
4615,4
4635,1
4655,1
4665,4
4670,4
4675,1
4680,4
4685,4
4695,4
4700,4
4725,1
4730,1
4735,1
4750,4
4755,4
4805,4
4810,4
4860,4
4865,4
4865,2
4870,2
4875,2
4880,2
4915,4
4920,4
4935,3
4940,3
4970,4
4975,4
4995,4
5000,4
5010,4
5015,4
5065,4
5070,4
5120,4
5125,4
5175,4
5180,4
5230,4
5235,4
5235,1
5240,1
5285,4
5290,4
5340,4
5345,4
5365,4
5370,4
5380,2
5380,4
5385,4
5385,2
5390,2
5395,2
5435,4
5440,4
5440,3
5445,3
5490,4
5495,4
5545,4
5550,4
5600,4
5605,4
5625,4
5630,4
5650,4
5655,4
5705,4
5710,4
5730,4
5740,1
5745,1
5750,1
5750,4
5770,4
5775,4
5800,1
5820,1
5825,4
5830,4
5840,1
5840,4
5845,4
5845,1
5865,4
5865,1
5870,4
5885,1
5895,2
5900,2
5920,4
5925,4
5935,1
5945,3
5950,3
5955,1
5955,3
5975,4
5980,4
6005,1
6005,3
6025,3
6025,1
6030,4
6035,4
6075,1
6075,3
6080,3
6080,1
6085,4
6085,3
6090,3
6090,4
6095,3
6130,1
6135,1
6140,4
6145,4
6185,1
6195,4
6200,4
6205,1
6220,4
6225,1
6230,1
6240,4
6240,1
6245,1
6255,1
6260,1
6290,4
6295,4
6310,1
6315,1
6335,1
6340,1
6345,4
6350,4
6355,4
6360,4
6390,1
6395,1
6400,2
6405,2
6410,2
6410,4
6430,4
6445,1
6450,1
6450,4
6455,4
6460,2
6480,2
6500,1
6505,1
6505,4
6510,4
6530,2
6535,2
6555,1
6560,1
6560,4
6565,4
6585,2
6590,2
6595,3
6600,3
6605,3
6610,3
6610,1
6615,1
6615,3
6615,4
6620,3
6620,4
6640,2
6660,2
6665,1
6670,1
6670,4
6675,4
6690,1
6695,1
6695,4
6710,2
6715,4
6730,2
6745,1
6750,1
6750,2
6755,2
6765,4
6775,2
6780,2
6785,4
6800,1
6805,1
6830,2
6835,4
6835,2
6840,4
6845,4
6850,4
6855,1
6860,1
6880,1
6885,2
6890,2
6900,1
6900,4
6905,4
6910,4
6920,1
6925,1
6940,2
6945,2
6945,1
6950,1
6955,2
6960,2
6970,1
6975,1
6980,2
6985,2
7005,2
7010,2
7025,1
7030,1
7030,2
7035,2
7080,1
7085,1
7085,2
7090,2
7120,3
7125,3
7135,1
7140,1
7140,2
7145,2
7150,1
7155,1
7155,2
7160,2
7205,1
7210,2
7210,1
7215,2
7220,1
7225,1
7245,1
7250,1
7265,2
7270,2
7270,1
7275,1
7320,2
7325,2
7325,1
7330,1
7375,2
7380,2
7380,1
7385,1
7410,4
7415,4
7420,4
7425,4
7430,4
7430,2
7435,4
7435,2
7435,1
7440,4
7440,1
7485,2
7490,4
7490,2
7490,1
7495,1
7510,2
7510,4
7530,4
7530,2
7535,4
7545,1
7550,1
7560,1
7565,1
7580,2
7585,2
7585,4
7590,4
7615,1
7620,1
7625,3
7630,3
7630,1
7635,1
7635,2
7635,3
7640,3
7640,4
7645,4
7655,2
7685,1
7690,1
7695,4
7700,4
7705,2
7720,4
7725,4
7725,2
7740,1
7745,1
7745,2
7745,4
7750,4
7750,2
7755,1
7760,1
7770,2
7780,1
7785,1
7790,2
7800,4
7805,4
7805,1
7810,2
7810,1
7815,2
7815,4
7820,4
7830,1
7835,1
7840,4
7845,4
7855,1
7860,1
7865,2
7870,2
7880,1
7895,4
7900,4
7900,1
7920,2
7925,2
7935,2
7940,2
7950,1
7950,4
7950,2
7955,2
7955,4
7965,2
7970,2
7970,1
7980,2
7985,2
7990,1
7995,1
7995,2
8000,2
8005,4
8010,4
8045,1
8050,1
8050,2
8055,2
8060,4
8065,4
8070,1
8075,1
8095,1
8105,2
8110,2
8115,4
8115,1
8120,4
8140,3
8145,3
8150,3
8155,3
8160,3
8160,2
8165,2
8165,1
8170,4
8175,4
8185,1
8205,1
8210,3
8215,2
8215,3
8220,3
8220,2
8225,1
8225,4
8225,3
8230,4
8270,2
8275,1
8275,2
8275,3
8280,3
8280,1
8280,4
8285,4
8285,3
8325,2
8330,2
8330,1
8335,1
8335,4
8340,4
8340,1
8345,1
8350,1
8355,1
8380,2
8385,2
8390,4
8395,4
8405,2
8405,1
8410,2
8425,1
8445,1
8445,4
8450,4
8450,1
8460,2
8465,2
8470,1
8470,4
8475,1
8475,4
8485,2
8490,2
8495,4
8495,1
8500,1
8510,2
8515,4
8530,2
8535,4
8540,4
8550,2
8550,1
8555,1
8555,2
8565,1
8570,1
8575,2
8580,2
8590,4
8595,4
8600,2
8620,2
8620,1
8625,1
8640,2
8645,2
8645,4
8650,4
8675,1
8680,1
8690,1
8695,1
8695,2
8700,4
8700,2
8705,4
8720,2
8740,2
8745,1
8750,1
8755,4
8760,4
8760,1
8765,1
8785,3
8790,2
8790,3
8810,4
8810,2
8815,4
8815,1
8820,1
8825,4
8830,4
8830,1
8835,1
8850,4
8855,1
8855,4
8860,1
8860,2
8865,4
8865,2
8870,2
8870,4
8875,2
8880,2
8885,2
8890,4
8895,4
8905,4
8910,4
8910,1
8915,1
8930,4
8935,4
8935,2
8955,4
8955,2
8965,1
8970,1
8975,4
8980,1
8985,1
9005,2
9025,4
9025,2
9035,1
9040,1
9045,4
9045,2
9065,4
9065,2
9085,4
9085,2
9090,2
9090,1
9095,1
9105,1
9110,1
9120,1
9125,1
9135,4
9140,2
9145,2
9155,4
9175,4
9175,1
9180,4
9180,1
9195,2
9200,2
9220,2
9225,2
9230,1
9230,4
9235,4
9235,1
9245,2
9245,1
9250,1
9250,2
9255,4
9260,4
9260,1
9265,1
9270,2
9285,1
9290,1
9290,2
9290,3
9295,3
9310,1
9310,4
9315,4
9315,1
9335,1
9340,1
9340,2
9345,2
9350,2
9355,2
9360,2
9365,4
9370,4
9380,4
9385,4
9390,1
9395,1
9405,1
9410,1
9435,4
9440,4
9460,1
9465,1
9490,4
9495,4
9515,1
9515,4
9520,1
9535,4
9540,1
9545,1
9565,1
9570,1
9585,4
9605,4
9620,1
9625,1
9655,4
9660,4
9675,1
9680,1
9710,4
9730,4
9730,1
9735,1
9745,1
9750,1
9750,4
9770,4
9790,4
9795,3
9800,3
9800,1
9805,1
9810,4
9830,4
9835,4
9855,4
9855,1
9860,1
9860,2
9865,2
9870,2
9870,1
9875,1
9875,2
9875,4
9880,2
9885,2
9890,2
9895,4
9895,1
9895,2
9900,4
9900,1
9920,1
9920,4
9940,4
9940,1
9960,1
9980,1
9990,4
9995,4
10000,4
10030,1
10035,1
10085,1
10090,1
10140,1
10160,1
10210,1
10230,1
10250,1
10270,1
10300,3
10305,3
10320,1
10325,1
10375,1
10395,1
10395,2
10400,2
10445,1
10450,1
10455,1
10460,1
10500,4
10505,4
10510,1
10510,4
10515,1
10520,1
10560,4
10565,4
10615,4
10635,4
10655,4
10660,4
10680,4
10685,4
10695,4
10700,4
10750,4
10755,4
10775,4
10780,4
10800,4
10805,4
10805,3
10810,3
10855,4
10860,4
10900,2
10905,2
10910,2
10910,4
10915,4
10915,2
10925,4
10930,4
10980,4
10985,4
11005,4
11010,4
11020,1
11025,1
11030,4
11035,4
11055,4
11060,4
11110,4
11115,4
11165,4
11170,4
11190,4
11195,4
11215,4
11220,4
11240,4
11245,4
11265,4
11270,4
11290,4
11295,4
11310,3
11315,4
11315,3
11320,4
11330,4
11335,4
11385,4
11390,4
11415,2
11420,2
11425,2
11440,4
11445,4
11455,4
11460,4
11475,2
11480,2
11485,2
11510,4
11515,4
11525,1
11530,1
11565,4
11570,4
11620,4
11625,4
11645,4
11665,4
11715,4
11720,4
11770,4
11790,4
11815,3
11820,3
11840,4
11845,4
11850,4
11855,4
11860,4
11985,2
11990,2
11995,2
12000,2
12005,2
12030,1
12035,1
12040,1
12055,2
12060,2
12065,2
12070,2
12090,1
12095,1
12120,2
12125,2
12130,2
12135,2
12145,1
12165,1
12185,2
12205,2
12215,1
12235,1
12255,1
12255,2
12260,2
12260,1
12265,2
12310,1
12315,1
12320,3
12325,3
12360,4
12365,4
12365,1
12370,1
12420,1
12425,1
12435,1
12440,1
12450,1
12455,1
12505,1
12510,1
12560,1
12565,1
12575,1
12580,1
12630,1
12635,1
12685,1
12690,1
12740,1
12745,1
12765,1
12765,2
12770,1
12770,2
12790,1
12810,1
12825,3
12830,1
12830,3
12835,3
12850,1
12865,4
12870,4
12885,3
12900,1
12905,3
12920,1
12955,3
12970,1
12975,3
12990,1
13025,3
13040,1
13045,3
13060,1
13065,3
13070,3
13080,1
13085,1
13090,3
13105,1
13110,3
13125,1
13130,3
13135,3
13145,1
13145,3
13150,3
13150,1
13200,3
13200,1
13205,3
13205,1
13225,1
13230,1
13250,1
13255,1
13255,3
13260,3
13270,2
13275,2
13280,3
13285,3
13305,1
13305,3
13310,1
13310,3
13330,3
13350,3
13360,1
13365,1
13370,3
13370,4
13375,3
13375,4
13380,4
13385,4
13390,4
13395,3
13415,1
13415,3
13420,1
13430,1
13435,1
13440,4
13445,4
13455,1
13465,3
13475,1
13485,3
13495,4
13500,4
13525,1
13535,3
13545,1
13550,4
13555,3
13555,4
13560,4
13565,1
13570,1
13605,3
13610,3
13615,3
13620,1
13620,3
13625,1
13625,3
13630,3
13635,3
13640,3
13675,1
13680,1
13690,3
13695,3
13730,1
13735,1
13745,3
13750,3
13755,1
13760,1
13775,2
13780,1
13780,2
13785,1
13800,3
13805,1
13810,1
13820,3
13860,1
13865,1
13870,3
13875,3
13915,1
13920,1
13925,3
13930,3
13935,3
13970,1
13975,1
14025,1
14030,1
14060,4
14065,4
14070,4
14075,4
14080,1
14085,1
14095,1
14100,1
14110,1
14115,1
14165,1
14170,1
14220,1
14225,1
14245,1
14250,1
14270,1
14275,1
14280,2
14285,2
14290,2
14295,1
14295,2
14300,1
14300,2
14305,2
14320,1
14325,1
14375,1
14380,1
14430,1
14435,1
14435,3
14440,3
14455,1
14460,1
14480,1
14485,1
14505,1
14510,1
14530,1
14550,1
14575,4
14580,4
14585,4
14590,4
14595,4
14600,1
14605,1
14610,1
14615,1
14645,4
14650,4
14655,4
14665,1
14670,1
14675,1
14680,1
14730,1
14735,1
14740,1
14745,1
14750,1
14805,2
14810,2
14815,2
14820,2
14825,2
14875,2
14880,2
14930,2
14935,2
14940,2
14940,3
14945,3
14945,2
14950,3
14950,2
15000,3
15020,3
15040,3
15045,3
15065,3
15070,3
15090,3
15095,3
15115,3
15120,3
15140,3
15145,3
15155,4
15160,4
15165,3
15170,3
15190,3
15195,3
15215,3
15220,3
15240,3
15250,1
15255,1
15260,3
15310,3
15330,3
15350,3
15355,3
15405,3
15410,3
15420,3
15425,3
15450,2
15455,2
15460,2
15465,2
15475,3
15480,3
15490,3
15495,3
15505,3
15510,3
15520,3
15525,3
15575,3
15580,3
15590,3
15595,3
15615,3
15635,3
15660,4
15665,4
15670,4
15685,3
15705,3
15720,4
15725,3
15725,4
15730,3
15730,4
15735,4
15740,4
15745,4
15750,3
15755,3
15755,1
15760,1
15765,1
15765,3
15770,3
15770,1
15795,4
15815,4
15820,3
15825,3
15835,4
15840,4
15845,3
15860,4
15865,4
15865,3
15885,4
15890,4
15910,4
15915,3
15930,4
15935,3
15965,2
15970,2
15980,4
15985,3
15990,3
16000,4
16020,4
16040,3
16040,4
16045,3
16090,4
16095,3
16110,4
16115,3
16130,4
16135,3
16135,4
16140,3
16155,4
16175,4
16190,3
16195,3
16225,4
16245,3
16245,4
16250,3
16265,4
16270,4
16270,1
16270,3
16275,1
16290,4
16290,3
16295,4
16315,4
16320,4
16340,3
16345,3
16350,3
16370,4
16375,4
16425,4
16430,4
16470,2
16475,2
16480,4
16485,4
16505,4
16510,4
16520,4
16525,4
16575,4
16580,4
16630,4
16635,4
16655,4
16660,4
16680,4
16700,4
16720,4
16725,4
16745,4
16750,4
16760,4
16765,4
16775,1
16780,1
16785,1
16815,4
16820,4
16830,4
16835,4
16835,1
16840,1
16850,3
16855,3
16885,4
16890,1
16890,4
16895,1
16900,1
16905,1
16910,1
16915,1
16940,4
16945,4
16965,1
16970,1
16975,1
16975,2
16980,2
16995,4
17000,4
17050,4
17055,4
17105,4
17110,4
17120,4
17125,4
17175,4
17180,4
17190,4
17195,4
17245,4
17250,4
17300,4
17305,4
17355,3
17355,4
17360,4
17360,3
17410,4
17415,4
17425,4
17430,4
17440,4
17445,4
17465,4
17470,4
17475,1
17480,1
17480,2
17485,1
17485,2
17490,4
17495,4
17535,1
17540,1
17545,4
17550,4
17590,1
17600,4
17605,4
17610,1
17615,4
17620,4
17630,4
17635,4
17660,1
17680,1
17685,4
17690,4
17700,1
17705,1
17725,1
17740,4
17745,4
17745,1
17765,1
17765,4
17770,1
17770,4
17790,4
17790,1
17795,4
17795,1
17815,1
17820,1
17845,4
17850,4
17860,3
17865,3
17870,1
17875,1
17900,4
17905,4
17915,4
17920,4
17925,1
17930,1
17950,1
17970,1
17970,4
17975,4
17985,4
17985,2
17990,4
17990,2
17990,1
17995,1
18015,1
18020,1
18040,1
18040,4
18045,4
18060,1
18065,4
18080,1
18085,4
18100,1
18120,1
18125,1
18135,4
18145,1
18155,4
18165,1
18175,4
18180,4
18200,4
18205,4
18215,1
18225,4
18230,4
18235,1
18250,4
18255,1
18260,1
18270,4
18280,1
18285,1
18290,4
18295,4
18315,4
18320,4
18335,1
18340,4
18340,1
18345,4
18350,1
18355,1
18365,4
18365,3
18370,3
18370,4
18405,1
18410,1
18420,4
18425,4
18460,1
18465,1
18475,4
18480,4
18490,2
18495,2
18515,1
18520,1
18530,4
18535,4
18570,1
18575,1
18585,4
18590,4
18595,1
18600,1
18600,4
18605,4
18650,1
18655,1
18655,4
18660,4
18705,1
18710,1
18710,4
18715,4
18720,1
18725,1
18735,4
18740,4
18760,4
18765,4
18775,1
18780,1
18815,4
18820,4
18830,4
18830,1
18835,4
18835,1
18870,3
18875,3
18885,1
18885,4
18890,1
18890,4
18940,1
18940,4
18945,1
18945,4
18965,1
18970,1
18990,1
18995,1
18995,4
18995,2
19000,4
19000,2
19005,2
19010,2
19010,4
19015,4
19015,1
19020,1
19025,4
19030,4
19070,1
19075,1
19080,4
19085,4
19105,4
19110,4
19125,1
19130,4
19130,1
19150,4
19180,1
19185,1
19200,4
19205,4
19235,1
19240,1
19250,1
19255,1
19255,4
19260,4
19305,1
19310,4
19310,1
19330,4
19350,4
19355,4
19360,1
19365,1
19375,3
19375,4
19380,3
19380,4
19385,1
19390,1
19400,4
19410,1
19415,1
19420,4
19435,1
19440,4
19440,1
19460,1
19460,4
19465,1
19485,1
19490,1
19500,1
19505,1
19510,4
19510,2
19515,2
19515,1
19520,1
19520,2
19530,4
19540,1
19550,4
19555,4
19560,1
19570,2
19575,4
19575,2
19580,4
19580,1
19585,1
19600,4
19620,4
19625,2
19635,1
19640,4
19640,1
19645,4
19645,2
19655,4
19660,4
19690,1
19695,1
19695,2
19700,2
19705,2
19710,4
19715,4
19735,4
19740,4
19745,1
19750,1
19790,4
19795,4
19800,1
19805,1
19845,4
19850,4
19855,1
19860,1
19880,3
19885,3
19890,3
19895,3
19900,3
19900,4
19905,4
19910,1
19915,1
19950,3
19955,4
19960,4
19965,1
19970,1
19970,3
19970,4
19975,4
19980,1
19985,1
20020,3
20025,4
20030,4
20035,1
20040,3
20040,1
20060,3
20065,3
20080,4
20085,4
20085,3
20090,1
20095,1
20105,3
20125,3
20130,3
20135,4
20140,4
20140,3
20145,3
20145,1
20150,1
20160,4
20165,4
20185,4
20190,4
20195,3
20200,3
20200,1
20205,1
20205,2
20210,4
20210,2
20215,2
20215,4
20235,4
20240,4
20250,4
20250,3
20255,4
20255,3
20255,1
20260,1
20265,2
20265,4
20270,4
20270,2
20275,2
20280,2
20280,4
20285,4
20305,3
20310,3
20310,1
20315,1
20320,3
20325,3
20330,2
20335,4
20340,4
20345,3
20350,3
20350,2
20365,1
20370,1
20370,3
20370,2
20375,2
20390,3
20390,1
20390,4
20395,4
20395,2
20395,1
20405,4
20410,4
20415,2
20440,3
20445,3
20445,1
20450,1
20460,4
20465,4
20465,2
20475,4
20480,4
20485,2
20495,3
20500,3
20500,1
20505,2
20505,1
20510,2
20530,2
20530,4
20535,4
20550,3
20550,2
20555,3
20555,4
20555,1
20560,1
20560,4
20560,3
20570,2
20575,2
20595,2
20600,2
20610,2
20610,4
20610,1
20615,2
20615,4
20615,1
20625,2
20630,2
20635,1
20640,1
20640,2
20645,2
20660,1
20665,1
20665,4
20670,4
20675,1
20680,1
20695,2
20700,2
20720,2
20720,4
20725,4
20730,1
20735,1
20740,2
20745,1
20750,1
20770,1
20775,4
20775,1
20780,4
20790,2
20795,1
20795,2
20800,1
20820,1
20830,4
20835,4
20840,1
20845,2
20850,2
20855,4
20860,1
20860,4
20880,4
20880,1
20885,4
20900,2
20905,4
20905,2
20910,4
20910,2
20915,2
20930,1
20950,1
20960,4
20965,2
20965,4
20970,2
21000,1
21015,4
21020,2
21020,4
21020,1
21040,2
21040,1
21040,4
21045,4
21060,1
21060,3
21065,3
21065,4
21070,4
21070,3
21075,3
21090,2
21095,2
21110,1
21120,4
21125,4
21130,1
21145,2
21150,2
21175,4
21180,4
21180,1
21185,1
21200,2
21205,2
21210,2
21230,4
21235,4
21235,1
21255,1
21285,4
21290,4
21305,1
21310,1
21315,1
21340,4
21345,4
21395,4
21400,4
21450,4
21455,4
21505,4
21510,4
21530,4
21550,4
21575,3
21580,3
21600,4
21620,4
21670,4
21675,4
21680,4
21710,2
21715,2
21815,1
21820,1
21825,1
21830,1
21835,1
21840,1
21845,1
21850,1
21855,1
21860,1
21865,1
21915,1
21920,1
21925,1
22080,3
22085,3
22180,4
22185,4
22190,4
22215,2
22220,2
22225,2
22240,4
22245,4
22250,4
22275,2
22280,2
22285,2
22290,2
22295,2
22425,1
22430,1
22585,3
22590,3
22750,4
22755,4
22760,4
22795,2
22800,2
22805,2
22810,4
22815,4
22855,2
22860,2
22865,4
22885,4
22910,2
22930,2
22930,1
22935,4
22935,1
22940,4
22945,4
22950,2
22970,2
22990,2
22995,2
23045,2
23050,2
23090,3
23095,3
23100,2
23100,3
23105,2
23125,2
23130,2
23150,3
23155,3
23180,2
23185,2
23205,3
23210,3
23215,3
23220,3
23235,2
23240,2
23270,3
23290,3
23290,2
23295,2
23305,2
23310,2
23310,3
23315,3
23335,3
23355,3
23360,2
23365,2
23405,3
23415,2
23420,2
23425,3
23435,1
23440,1
23445,4
23445,3
23450,4
23450,3
23470,3
23470,2
23475,2
23490,3
23495,2
23500,2
23510,3
23520,2
23525,2
23530,3
23545,2
23550,2
23550,3
23570,3
23600,2
23605,2
23620,3
23640,3
23655,2
23660,2
23680,2
23685,2
23690,3
23695,3
23735,2
23740,2
23745,3
23765,3
23785,3
23790,3
23790,2
23795,2
23840,3
23845,2
23845,3
23850,2
23860,2
23865,2
23875,2
23880,2
23895,3
23900,3
23900,2
23905,2
23910,3
23915,3
23915,2
23920,2
23935,3
23940,1
23945,1
23950,4
23955,3
23955,4
23970,2
23975,2
24005,3
24025,2
24025,3
24030,2
24045,3
24050,3
24070,3
24075,3
24080,2
24085,2
24095,3
24095,2
24100,2
24100,3
24120,3
24120,2
24125,2
24125,3
24145,3
24145,2
24150,3
24150,2
24170,3
24170,2
24175,3
24175,2
24195,2
24200,2
24220,2
24225,3
24230,3
24240,2
24260,2
24265,2
24280,3
24285,3
24295,3
24300,3
24315,2
24320,2
24350,3
24355,3
24370,2
24375,2
24405,3
24410,3
24425,2
24430,2
24445,1
24450,2
24450,1
24455,2
24455,4
24460,3
24460,4
24465,3
24505,2
24510,2
24515,3
24520,2
24520,3
24525,2
24570,3
24575,2
24575,3
24580,2
24585,3
24590,3
24590,2
24595,2
24615,2
24620,2
24640,2
24640,3
24645,2
24645,3
24665,2
24685,2
24695,3
24700,3
24705,2
24720,3
24725,3
24725,2
24745,2
24750,2
24770,2
24775,3
24775,2
24780,3
24795,2
24815,2
24830,3
24835,3
24835,2
24855,2
24875,2
24880,2
24885,3
24890,3
24900,2
24920,2
24940,3
24945,3
24950,1
24955,1
24960,4
24960,1
24965,4
24965,3
24970,2
24970,3
24975,2
24980,2
24985,2
24990,3
24990,2
24995,2
25000,2
25010,3
25010,1
25030,1
25060,3
25080,3
25080,1
25085,1
25130,3
25135,1
25140,1
25145,1
25150,3
25150,1
25155,1
25170,3
25175,3
25195,3
25215,3
25265,3
25285,3
25305,3
25310,3
25320,3
25325,3
25375,3
25380,3
25430,3
25435,3
25445,3
25450,3
25465,4
25470,4
25475,4
25480,4
25500,2
25500,3
25505,2
25505,3
25510,2
25515,3
25520,3
25560,2
25570,3
25575,3
25580,2
25595,3
25600,3
25620,3
25625,3
25630,2
25650,2
25655,1
25660,1
25665,1
25670,1
25675,1
25675,3
25680,3
25700,2
25700,3
25705,3
25720,2
25725,1
25730,1
25755,3
25760,3
25770,2
25780,1
25780,3
25785,1
25790,2
25800,3
25810,2
25815,2
25835,1
25840,1
25845,1
25850,1
25850,3
25855,3
25865,2
25870,2
25900,1
25905,1
25905,3
25910,3
25910,1
25915,1
25920,1
25920,2
25925,2
25960,3
25965,3
25975,2
25980,2
25980,4
25985,4
25990,4
25990,2
25995,2
26015,3
26020,3
26040,4
26045,2
26045,4
26050,2
26070,3
26075,3
26095,4
26100,2
26105,2
26115,4
26125,3
26135,4
26140,4
26145,3
26155,2
26160,2
26160,4
26165,3
26165,4
26180,2
26185,3
26185,4
26190,4
26200,2
26200,4
26205,3
26205,4
26220,2
26225,3
26225,4
26225,2
26245,2
26245,4
26250,2
26270,2
26275,3
26275,2
26280,3
26285,3
26295,2
26295,4
26300,2
26300,4
26305,4
26320,2
26325,2
26375,2
26380,2
26420,1
26425,1
26430,2
26435,2
26445,2
26450,2
26500,2
26505,2
26515,2
26520,2
26570,2
26575,2
26625,2
26630,2
26650,2
26655,2
26675,2
26680,2
26700,2
26720,2
26740,2
26745,2
26765,2
26785,3
26785,2
26790,3
26805,4
26810,4
26815,4
26835,2
26855,2
26865,4
26885,4
26905,2
26905,4
26910,4
26920,4
26925,4
26925,2
26925,1
26930,1
26945,2
26965,2
26975,4
26980,4
26985,2
26990,2
27000,4
27020,4
27040,2
27045,2
27055,2
27060,2
27070,4
27070,2
27075,2
27090,4
27095,2
27100,2
27110,4
27115,4
27120,2
27135,4
27140,4
27140,2
27190,4
27190,2
27195,4
27210,2
27245,4
27250,4
27260,2
27265,2
27270,4
27270,2
27275,2
27280,2
27285,2
27290,4
27290,3
27295,3
27300,3
27305,3
27310,3
27315,3
27335,2
27340,2
27340,4
27345,4
27390,2
27395,4
27410,2
27415,4
27430,1
27435,1
27440,1
27460,2
27465,4
27470,4
27480,2
27490,1
27500,2
27505,2
27510,1
27520,4
27540,4
27555,2
27560,2
27560,1
27565,1
27570,1
27590,4
27595,4
27600,4
27605,4
27610,2
27610,4
27615,2
27625,2
27630,2
27640,2
27645,2
27655,2
27660,2
27710,2
27715,2
27765,2
27770,2
27815,3
27820,3
27820,2
27825,2
27825,3
27875,3
27875,2
27880,2
27880,3
27900,2
27905,2
27925,2
27930,3
27935,3
27940,3
27945,2
27945,3
27950,3
27965,2
27970,2
28020,2
28025,2
28070,1
28075,2
28075,1
28080,2
28080,1
28085,1
28090,1
28090,2
28095,2
28095,1
28110,4
28115,4
28120,4
28125,4
28130,4
28135,4
28140,4
28145,2
28150,2
28190,4
28195,4
28200,2
28200,4
28205,2
28215,2
28220,2
28230,2
28235,2
28255,2
28260,2
28280,2
28285,2
28335,2
28340,2
28360,2
28365,2
28375,2
28380,2
28400,2
28405,2
28425,2
28430,2
28450,3
28455,3
28460,3
28465,3
28480,2
28485,2
28495,2
28500,2
28550,2
28555,2
28595,1
28600,1
28605,1
28605,2
28610,2
28610,1
28630,2
28635,2
28645,2
28650,2
28660,2
28665,2
28685,2
28690,2
28700,4
28705,4
28710,2
28710,4
28715,4
28720,4
28730,2
28750,2
28755,2
28770,4
28775,2
28790,4
28795,2
28815,2
28820,2
28840,4
28845,4
28870,2
28875,2
28895,4
28900,4
28905,4
28910,4
28925,2
28930,2
28960,4
28965,3
28965,4
28970,3
28980,2
28985,2
29015,4
29020,4
29025,4
29030,4
29035,2
29040,2
29080,4
29090,2
29095,2
29100,4
29110,1
29115,1
29120,4
29125,4
29145,4
29145,2
29150,2
29150,4
29170,4
29190,4
29200,2
29205,2
29240,4
29245,4
29250,4
29255,2
29260,2
29310,2
29315,2
29325,2
29330,2
29380,2
29385,2
29435,2
29440,2
29470,3
29475,3
29480,3
29490,2
29495,2
29530,3
29545,2
29550,2
29550,3
29600,3
29600,2
29605,3
29605,2
29610,3
29615,1
29615,2
29615,3
29620,2
29620,1
29630,2
29635,2
29645,2
29650,2
29665,3
29670,3
29670,2
29690,2
29710,2
29720,3
29730,2
29740,3
29750,4
29750,2
29755,2
29755,4
29760,4
29765,4
29790,3
29805,2
29810,2
29810,3
29830,3
29835,3
29855,3
29860,3
29860,2
29865,2
29875,2
29880,3
29880,2
29885,3
29905,3
29925,3
29930,2
29935,2
29975,3
29985,2
29990,2
29995,3
30015,3
30020,3
30040,3
30040,2
30045,2
30045,3
30065,2
30065,3
30085,2
30085,3
30105,2
30110,2
30120,1
30125,1
30130,2
30130,1
30135,1
30135,3
30140,3
30150,2
30170,2
30175,2
30190,3
30195,3
30195,2
30200,2
30200,3
30250,2
30255,2
30265,4
30270,4
30275,4
30305,2
30310,2
30325,4
30330,2
30330,4
30335,2
30335,4
30340,4
30385,2
30390,2
30390,4
30395,4
30400,4
30405,4
30410,4
30410,2
30415,2
30415,4
30420,4
30425,2
30425,4
30430,2
30475,4
30480,2
30485,2
30495,4
30535,2
30540,2
30545,4
30550,4
30590,2
30595,2
30600,4
30620,4
30635,1
30640,4
30640,1
30645,2
30650,2
30660,2
30660,4
30665,2
30700,3
30705,3
30710,4
30715,2
30720,2
30730,4
30750,4
30770,4
30770,2
30775,2
30785,2
30790,2
30790,4
30795,4
30805,4
30810,4
30830,4
30835,4
30840,2
30845,2
30885,4
30890,4
30895,2
30900,2
30920,2
30940,2
30940,4
30945,4
30990,2
30995,2
30995,4
31000,4
31000,2
31005,2
31050,4
31055,4
31055,2
31060,2
31065,4
31065,2
31070,2
31070,4
31075,2
31080,2
31085,2
31090,2
31095,2
31100,2
31120,4
31125,4
31140,1
31145,1
31150,2
31150,1
31155,2
31160,2
31175,4
31180,4
31200,1
31205,1
31205,3
31210,3
31210,1
31230,4
31235,4
31285,4
31290,4
31310,4
31315,4
31335,4
31355,4
31375,4
31380,4
31400,4
31405,4
31455,4
31460,4
31470,4
31475,4
31525,4
31530,4
31540,4
31545,4
31555,4
31560,4
31610,4
31615,4
31660,2
31665,4
31665,2
31670,4
31670,2
31675,2
31680,2
31685,2
31690,2
31710,1
31710,3
31715,3
31715,1
31720,3
31720,4
31725,4
31735,4
31740,4
31740,2
31760,2
31770,3
31775,3
31780,3
31785,3
31790,4
31795,4
31810,2
31815,2
31820,2
31825,2
31830,2
31835,2
31835,3
31840,3
31845,4
31850,4
31860,4
31865,4
31885,2
31885,4
31890,4
31890,3
31890,2
31895,2
31900,2
31905,2
31910,3
31910,2
31915,2
31930,3
31935,3
31940,4
31945,4
31955,3
31975,3
31995,4
32000,4
32020,4
32025,3
32025,4
32030,3
32035,3
32045,4
32065,4
32115,4
32135,4
32155,4
32160,4
32170,4
32175,4
32185,4
32190,4
32210,4
32215,1
32215,4
32220,1
32225,1
32230,1
32235,4
32240,4
32260,4
32265,4
32285,4
32305,4
32355,4
32375,4
32415,2
32420,2
32425,4
32425,2
32430,4
32435,4
32440,4
32475,2
32480,2
32490,4
32495,4
32500,4
32530,2
32535,3
32535,2
32540,3
32545,3
32550,3
32555,3
32585,2
32605,2
32605,3
32610,3
32615,3
32620,3
32625,3
32655,2
32660,2
32665,2
32670,2
32720,2
32725,2
32730,2
32730,1
32735,2
32735,1
32740,1
32745,1
32785,2
32790,2
32840,2
32845,2
32895,2
32900,2
32950,2
32955,2
32960,2
32965,2
32970,2
32975,2
33000,4
33005,4
33025,2
33030,2
33080,2
33100,2
33125,3
33130,3
33150,2
33170,2
33220,2
33225,2
33245,1
33250,1
33255,1
33260,1
33275,2
33280,2
33330,2
33350,2
33370,2
33375,2
33395,2
33415,2
33465,2
33470,2
33475,2
33480,2
33485,2
33490,2
33505,4
33510,4
33515,4
33540,2
33545,2
33565,4
33585,4
33595,2
33600,2
33605,4
33605,2
33610,4
33610,2
33630,3
33635,3
33640,3
33645,3
33650,3
33655,3
33660,3
33660,2
33660,4
33665,4
33665,2
33670,2
33675,4
33680,4
33710,3
33715,3
33720,3
33725,3
33730,4
33735,4
33760,1
33765,1
33775,3
33780,3
33785,4
33785,3
33790,4
33800,4
33805,4
33855,4
33860,4
33870,4
33875,4
33925,4
33930,4
33980,4
33985,4
33995,4
34000,4
34050,4
34055,4
34075,4
34080,4
34130,4
34135,4
34145,4
34150,4
34170,2
34175,2
34180,2
34200,4
34205,4
34230,2
34250,2
34255,4
34260,4
34265,1
34270,1
34285,3
34290,3
34295,3
34300,3
34300,2
34305,3
34310,3
34310,4
34315,4
34320,2
34340,2
34345,2
34365,2
34365,4
34370,2
34370,4
34420,4
34420,2
34425,4
34425,2
34435,2
34440,2
34460,2
34475,4
34480,4
34480,2
34530,2
34530,4
34535,2
34535,4
34540,2
34585,4
34590,4
34600,4
34605,4
34655,4
34660,4
34710,4
34715,4
34765,4
34770,1
34770,4
34775,1
34810,3
34815,3
34820,4
34825,4
34845,4
34850,4
34900,4
34905,4
34955,4
34960,4
35010,4
35015,4
35040,2
35045,2
35065,4
35070,4
35120,4
35125,4
35175,4
35180,4
35230,4
35235,4
35245,4
35250,4
35275,1
35280,1
35300,4
35305,4
35315,3
35320,3
35325,3
35355,4
35360,4
35375,3
35380,3
35385,3
35390,3
35395,3
35410,4
35415,4
35465,4
35470,4
35520,4
35525,4
35545,2
35550,2
35575,4
35580,4
35630,4
35635,4
35655,4
35660,4
35710,4
35715,4
35735,4
35740,4
35760,4
35765,4
35780,1
35785,4
35785,1
35790,4
35840,4
35845,4
35895,4
35895,3
35900,4
35900,3
35905,3
35950,4
35955,3
35955,4
35975,3
36005,4
36010,4
36025,3
36045,3
36050,2
36055,2
36060,4
36060,2
36065,2
36065,4
36065,3
36070,3
36115,4
36120,4
36120,3
36125,3
36140,4
36160,4
36175,3
36180,3
36200,3
36205,3
36210,4
36215,4
36225,3
36230,3
36250,3
36255,3
36265,4
36275,3
36285,4
36285,1
36290,1
36295,1
36295,3
36300,1
36305,4
36305,1
36310,4
36315,3
36320,4
36320,3
36325,4
36340,3
36345,3
36355,1
36375,1
36375,4
36380,4
36395,3
36400,3
36420,3
36425,1
36430,1
36430,4
36435,4
36435,1
36440,3
36440,1
36445,4
36450,4
36460,3
36465,3
36485,3
36490,1
36490,3
36500,4
36505,4
36510,3
36510,1
36530,3
36550,3
36555,3
36555,4
36560,4
36560,1
36565,2
36570,2
36575,3
36580,1
36580,3
36600,3
36605,3
36610,4
36615,4
36615,3
36620,3
36630,1
36635,1
36635,4
36640,3
36645,3
36655,4
36665,3
36670,3
36685,1
36690,3
36695,3
36705,4
36705,1
36710,4
36715,3
36725,1
36730,1
36735,3
36740,1
36745,1
36760,4
36780,4
36785,3
36795,1
36800,1
36805,3
36810,1
36815,1
36830,4
36835,4
36840,4
36845,4
36855,3
36860,3
36865,1
36865,3
36870,1
36870,3
36875,3
36895,4
36915,4
36920,1
36925,1
36965,4
36975,1
36980,1
36985,4
36990,1
36995,1
37035,4
37045,1
37050,1
37055,4
37070,1
37070,2
37075,2
37090,1
37105,4
37110,4
37115,4
37140,1
37160,1
37210,1
37230,1
37280,1
37285,1
37290,1
37375,3
37380,3
37385,3
37435,3
37455,3
37475,3
37480,3
37500,3
37505,3
37515,3
37520,3
37540,3
37560,3
37575,2
37580,2
37610,3
37615,3
37615,4
37620,4
37625,4
37630,4
37665,3
37685,3
37705,3
37710,3
37730,3
37750,3
37790,1
37795,1
37800,1
37800,3
37820,3
37840,3
37850,1
37860,3
37870,1
37890,1
37895,1
37905,1
37910,3
37910,1
37930,3
37950,3
37955,3
37960,1
37965,3
37965,1
37970,3
38015,1
38020,1
38020,3
38025,3
38070,1
38075,1
38075,3
38080,3
38080,2
38085,2
38090,2
38095,1
38115,1
38130,3
38130,4
38135,3
38135,1
38135,4
38140,2
38140,4
38145,2
38155,1
38185,3
38190,3
38190,4
38195,2
38205,1
38210,4
38215,2
38225,1
38230,4
38235,2
38235,4
38240,3
38240,2
38245,3
38245,1
38250,1
38255,4
38260,2
38260,4
38265,3
38270,3
38280,4
38280,2
38285,4
38290,3
38300,1
38305,1
38305,4
38310,3
38310,4
38330,2
38350,2
38355,1
38360,3
38360,1
38360,4
38365,4
38365,3
38370,3
38375,4
38375,3
38380,4
38380,3
38400,2
38405,2
38410,1
38415,1
38430,4
38435,1
38435,4
38455,1
38455,2
38475,2
38485,4
38490,4
38505,1
38510,1
38515,1
38525,2
38530,2
38540,4
38545,4
38555,4
38560,4
38580,2
38600,2
38610,4
38615,4
38625,4
38630,4
38650,2
38655,2
38680,4
38685,4
38705,2
38710,2
38715,2
38720,2
38735,4
38740,4
38750,4
38755,4
38770,2
38790,2
38805,4
38810,4
38830,4
38840,2
38845,2
38850,4
38850,2
38855,2
38870,4
38875,4
38880,3
38885,3
38895,4
38900,4
38905,2
38910,2
38920,4
38925,4
38945,4
38950,4
38960,2
38965,2
38970,2
39000,4
39005,4
39015,1
39015,4
39020,4
39020,1
39025,1
39030,1
39030,4
39035,4
39035,1
39045,4
39050,4
39070,4
39075,4
39085,1
39090,1
39095,1
39095,4
39100,4
39150,4
39155,4
39175,4
39180,4
39200,4
39205,4
39225,4
39245,4
39265,4
39270,4
39290,4
39295,4
39345,4
39350,4
39385,3
39390,3
39400,4
39405,4
39455,4
39460,4
39470,2
39475,2
39480,2
39485,2
39490,2
39510,4
39515,4
39525,4
39530,4
39540,2
39540,4
39545,4
39560,2
39595,4
39595,1
39600,4
39600,1
39610,4
39610,2
39615,4
39615,2
39625,4
39630,4
39650,4
39655,4
39665,2
39665,4
39670,4
39680,4
39685,4
39685,2
39705,4
39705,2
39710,4
39710,2
39720,4
39725,4
39730,2
39750,2
39775,4
39780,4
39800,2
39820,2
39830,4
39835,4
39870,2
39875,2
39885,4
39890,4
39890,3
39895,3
39900,3
39910,4
39915,4
39925,2
39935,4
39940,4
39945,2
39950,3
39960,4
39965,2
39970,2
39970,3
39980,4
39990,2
39995,2
40020,3
40025,3
40030,3
40030,4
40035,3
40035,4
40045,2
40050,2
40070,2
40075,2
40085,3
40085,4
40090,4
40090,3
40095,3
40095,4
40100,1
40100,3
40105,1
40110,1
40125,2
40130,2
40140,2
40145,2
40150,3
40155,3
40160,3
40160,1
40165,1
40195,2
40200,2
40215,1
40220,1
40250,2
40255,2
40270,1
40275,2
40275,1
40280,2
40300,2
40305,2
40325,1
40330,1
40335,1
40355,2
40360,2
40380,2
40385,2
40435,2
40440,2
40490,2
40495,2
40545,2
40550,2
40595,4
40600,4
40600,2
40605,4
40605,2
40625,2
40630,2
40655,4
40660,4
40660,3
40665,4
40665,3
40670,3
40670,4
40675,3
40680,2
40680,3
40685,2
40685,3
40720,4
40725,4
40730,4
40735,4
40735,2
40740,2
40785,4
40790,2
40795,2
40805,4
40815,2
40820,2
40825,4
40830,4
40835,1
40840,2
40840,1
40850,4
40855,4
40860,2
40875,4
40880,2
40885,2
40895,4
40895,2
40900,2
40910,2
40915,2
40935,2
40945,4
40950,4
40955,2
41000,4
41005,4
41005,2
41025,2
41045,2
41055,4
41060,4
41065,2
41110,4
41115,4
41115,2
41120,2
41165,4
41170,2
41175,2
41185,4
41185,3
41190,3
41195,3
41200,3
41225,2
41235,4
41240,4
41245,4
41245,2
41265,2
41270,2
41290,2
41295,2
41315,2
41320,2
41340,2
41340,1
41345,1
41350,1
41360,2
41400,1
41410,2
41420,1
41430,2
41470,1
41480,2
41490,1
41500,2
41510,1
41515,1
41535,1
41550,2
41555,1
41570,2
41575,1
41580,1
41590,1
41595,1
41620,2
41640,2
41645,1
41650,1
41660,2
41665,2
41675,2
41680,2
41700,1
41700,2
41700,3
41705,1
41705,3
41705,2
41715,2
41720,2
41745,4
41750,4
41755,4
41755,1
41760,1
41770,2
41775,2
41805,4
41810,1
41810,4
41815,1
41815,4
41825,2
41830,2
41840,2
41845,2
41865,1
41870,1
41890,1
41895,2
41900,2
41910,1
41910,2
41915,2
41925,2
41930,2
41950,2
41955,2
41960,1
41965,2
41970,2
41980,1
41990,2
41995,2
42000,1
42015,2
42020,2
42020,1
42040,2
42060,2
42070,1
42075,1
42110,2
42125,1
42130,2
42145,1
42180,2
42195,1
42200,2
42205,3
42210,3
42215,3
42215,1
42250,2
42265,3
42265,1
42270,2
42270,1
42275,1
42280,1
42285,3
42290,2
42295,2
42305,2
42310,2
42315,4
42320,4
42330,1
42335,3
42340,3
42345,3
42350,1
42350,3
42360,2
42365,2
42400,1
42400,3
42405,1
42415,2
42420,2
42420,3
42455,1
42470,3
42470,2
42475,2
42475,1
42490,3
42495,2
42500,2
42520,2
42525,2
42525,1
42540,3
42545,2
42545,1
42550,2
42560,3
42580,3
42585,3
42595,1
42600,1
42600,2
42605,2
42605,1
42605,3
42610,1
42610,3
42630,3
42635,3
42655,3
42655,2
42660,1
42660,2
42675,3
42680,1
42695,3
42700,1
42700,3
42705,1
42710,2
42715,2
42720,3
42725,3
42755,1
42760,1
42765,2
42770,2
42775,3
42780,3
42800,3
42805,3
42810,1
42815,1
42820,2
42820,4
42825,4
42825,2
42825,3
42830,3
42830,4
42835,4
42865,1
42870,1
42875,2
42880,2
42880,3
42880,1
42885,1
42885,3
42905,3
42910,3
42930,2
42935,2
42935,1
42940,1
42950,1
42955,1
42960,3
42965,3
42985,2
42990,2
43005,1
43010,1
43015,3
43020,3
43040,2
43045,2
43055,2
43060,2
43060,1
43065,1
43070,3
43075,3
43085,3
43090,3
43110,2
43115,2
43115,1
43120,1
43140,3
43145,3
43165,2
43170,2
43170,1
43175,1
43195,3
43200,3
43220,2
43225,2
43225,1
43230,1
43250,3
43250,1
43255,3
43255,1
43275,1
43275,2
43280,2
43295,1
43300,2
43305,2
43305,3
43310,3
43315,1
43320,1
43330,3
43335,3
43335,4
43340,4
43340,1
43345,1
43355,2
43360,2
43365,1
43370,1
43385,3
43390,1
43390,3
43395,1
43410,2
43415,2
43415,1
43420,1
43430,1
43435,1
43440,3
43445,3
43455,1
43460,1
43465,2
43470,2
43480,2
43480,1
43485,2
43495,3
43495,2
43500,3
43500,2
43500,1
43510,3
43515,3
43520,1
43540,1
43550,2
43555,2
43565,3
43565,2
43570,2
43570,3
43580,3
43585,3
43590,1
43595,1
43620,2
43625,2
43635,3
43640,3
43645,1
43650,1
43655,1
43660,1
43665,1
43675,2
43680,2
43690,3
43695,3
43700,2
43705,3
43705,2
43710,3
43725,2
43730,3
43730,2
43735,3
43750,2
43755,3
43755,2
43775,2
43775,3
43780,2
43795,3
43800,2
43800,3
43805,2
43820,3
43825,3
43825,2
43830,2
43840,4
43845,3
43845,4
43850,2
43855,2
43865,3
43875,2
43880,2
43900,2
43905,2
43915,3
43920,3
43925,2
43930,2
43950,2
43955,2
43970,3
43975,3
44005,2
44010,2
44025,3
44030,3
44035,3
44060,2
44065,2
44085,2
44105,2
44125,2
44145,2
44165,1
44165,2
44170,2
44170,1
44190,2
44195,2
44245,2
44250,2
44260,2
44265,2
44315,2
44320,2
44330,2
44335,2
44345,4
44350,4
44385,2
44390,2
44440,2
44445,2
44455,2
44460,2
44510,2
44515,2
44535,3
44540,3
44545,3
44550,3
44555,3
44560,3
44565,2
44570,2
44620,2
44625,2
44645,2
44650,2
44670,1
44675,1
44700,2
44705,2
44715,2
44720,2
44770,2
44775,2
44825,2
44830,2
44850,4
44855,4
44880,2
44885,2
44935,2
44940,2
44950,2
44955,2
45005,2
45010,2
45060,2
45060,3
45065,3
45065,2
45070,3
45075,3
45075,2
45080,2
45080,3
45130,3
45130,2
45135,2
45150,3
45155,2
45160,2
45175,1
45180,2
45180,1
45185,2
45200,3
45220,3
45235,2
45240,2
45240,3
45245,3
45290,2
45295,2
45295,3
45300,3
45305,2
45310,2
45310,3
45315,3
45330,2
45335,2
45355,2
45355,4
45360,4
45360,2
45365,3
45365,4
45370,3
45380,2
45400,2
45415,4
45420,2
45420,3
45420,4
45425,2
45425,3
45445,2
45450,2
45470,2
45470,4
45475,3
45475,2
45480,3
45490,4
45495,2
45500,3
45505,3
45515,2
45525,3
45530,3
45540,4
45545,4
45550,3
45555,3
45565,2
45570,2
45575,2
45595,4
45600,4
45605,3
45605,4
45610,3
45660,3
45665,3
45675,3
45680,1
45680,3
45685,1
45690,1
45730,3
45735,3
45740,1
45760,1
45785,3
45790,3
45810,1
45810,3
45815,1
45820,1
45825,1
45830,3
45850,3
45855,3
45875,3
45875,1
45880,3
45880,1
45890,3
45895,3
45930,1
45935,1
45940,1
45945,1
45945,3
45950,3
45950,1
46000,3
46005,3
46025,3
46045,3
46075,2
46080,2
46095,3
46100,3
46105,3
46105,4
46110,3
46110,4
46160,3
46180,3
46200,3
46205,3
46215,3
46220,3
46240,3
46245,3
46265,3
46270,3
46290,3
46295,3
46315,3
46335,3
46385,3
46405,3
46450,1
46455,1
46455,3
46460,1
46465,1
46470,1
46475,3
46475,1
46480,1
46485,1
46525,3
46545,3
46580,2
46585,2
46595,3
46610,4
46615,4
46615,3
46665,3
46670,3
46720,3
46725,3
46775,3
46795,3
46815,3
46835,3
46885,3
46890,3
46895,3
46900,3
46905,3
46910,3
46915,3
46985,1
46990,1
47085,2
47090,2
47115,4
47120,4
47125,4
47130,4
47415,3
47420,3
47490,1
47495,1
47500,1
47505,1
47510,1
47515,1
47520,1
47525,1
47590,2
47595,2
47630,4
47635,4
47640,4
47645,4
47920,3
47925,3
48025,1
48030,1
48095,2
48100,2
48105,2
48110,2
48145,4
48150,4
48155,4
48160,4
48165,4
48170,4
48425,3
48430,3
48530,1
48535,1
48610,2
48615,2
48620,2
48670,2
48670,4
48675,4
48680,4
48690,2
48710,2
48715,2
48730,4
48735,2
48735,4
48740,2
48760,2
48780,2
48785,4
48805,4
48830,2
48850,2
48855,4
48875,4
48895,4
48900,4
48900,2
48920,2
48920,4
48930,3
48935,3
48940,4
48940,2
48940,3
48960,2
48990,3
48990,4
49010,2
49010,4
49010,3
49015,2
49035,1
49040,1
49045,1
49060,3
49060,4
49065,2
49065,3
49070,2
49075,2
49080,2
49080,4
49085,2
49090,2
49095,1
49095,2
49100,1
49100,4
49105,4
49115,3
49125,4
49135,3
49145,4
49150,1
49165,4
49170,1
49185,4
49185,3
49190,1
49205,3
49210,1
49230,1
49235,4
49240,4
49245,4
49250,1
49250,4
49255,3
49255,4
49260,3
49265,3
49300,1
49320,1
49370,1
49375,1
49425,1
49445,1
49495,1
49500,1
49550,1
49570,1
49590,1
49595,2
49600,2
49610,1
49630,1
49635,1
49655,1
49675,1
49695,1
49700,1
49750,1
49755,1
49755,4
49760,4
49765,3
49770,3
49805,1
49810,1
49860,1
49865,1
49915,1
49920,1
49970,1
49975,1
50025,1
50030,1
50040,1
50045,1
50065,1
50070,1
50100,2
50105,2
50120,1
50125,1
50175,1
50180,1
50190,1
50195,1
50205,1
50210,1
50230,1
50235,1
50255,1
50260,4
50260,1
50265,4
50270,3
50275,3
50280,1
50285,1
50305,1
50310,1
50330,1
50335,1
50355,1
50375,1
50425,1
50430,1
50435,1
50440,1
50445,1
50605,2
50610,2
50765,4
50770,4
50775,4
50775,3
50780,3
50825,4
50845,4
50895,4
50900,4
50905,4
50910,4
50945,1
50950,1
50955,1
50960,4
50960,1
50965,1
50965,4
50970,1
51015,4
51035,4
51055,4
51075,4
51095,4
51100,4
51110,2
51115,2
51120,4
51125,4
51175,4
51180,4
51230,4
51235,4
51280,3
51285,3
51285,4
51290,4
51290,3
51295,3
51340,4
51345,4
51395,4
51400,4
51410,4
51415,4
51435,4
51440,4
51460,4
51470,1
51475,1
51480,1
51480,4
51500,4
51505,4
51525,4
51530,4
51530,1
51550,1
51580,4
51585,4
51600,1
51605,1
51610,1
51615,2
51620,2
51625,2
51630,2
51635,4
51640,4
51690,4
51695,4
51715,4
51735,4
51785,4
51795,3
51800,3
51805,4
51825,4
51845,4
51895,4
51915,4
51935,4
51940,4
51960,4
51980,4
52030,4
52050,4
52070,4
52075,4
52085,4
52090,4
52110,1
52115,1
52130,2
52135,2
52140,2
52140,4
52145,2
52145,4
52195,4
52200,4
52250,4
52255,4
52300,3
52305,4
52305,3
52310,4
52310,3
52360,3
52360,4
52365,3
52365,4
52370,3
52375,3
52375,4
52380,4
52380,3
52385,3
52430,4
52435,3
52435,4
52455,3
52475,3
52480,3
52485,4
52490,4
52510,4
52515,4
52530,3
52535,4
52535,3
52555,4
52585,3
52590,3
52605,4
52610,4
52615,1
52620,1
52640,3
52645,2
52645,3
52650,2
52655,2
52660,4
52665,3
52670,3
52680,4
52705,2
52710,2
52720,3
52725,3
52730,4
52735,4
52760,2
52775,3
52780,2
52780,3
52785,4
52805,4
52830,3
52830,2
52835,2
52835,3
52855,4
52860,4
52885,2
52885,3
52890,3
52890,2
52895,2
52910,4
52915,4
52940,3
52945,3
52965,4
52965,3
52970,3
52985,4
52990,3
53005,4
53010,4
53010,3
53030,4
53050,4
53060,3
53080,3
53100,4
53100,3
53105,4
53105,3
53120,1
53125,3
53125,1
53130,3
53130,1
53135,1
53150,3
53155,4
53160,4
53170,3
53190,3
53210,4
53210,3
53215,4
53230,3
53235,3
53265,4
53270,4
53275,4
53280,4
53285,3
53285,4
53290,4
53290,3
53300,3
53305,3
53340,4
53345,4
53355,3
53360,3
53395,2
53395,4
53400,2
53405,2
53410,3
53410,2
53415,3
53415,2
53415,4
53425,3
53430,3
53435,4
53440,4
53460,4
53465,2
53480,4
53480,3
53485,3
53485,2
53500,4
53505,2
53510,2
53520,4
53530,2
53535,3
53540,3
53550,2
53570,2
53570,4
53575,2
53590,4
53590,3
53595,3
53605,3
53610,3
53610,4
53615,4
53620,3
53625,3
53625,2
53630,2
53635,1
53640,1
53645,3
53650,3
53665,4
53670,4
53680,2
53685,2
53690,4
53695,4
53700,3
53705,3
53715,3
53715,4
53720,4
53720,3
53730,3
53735,3
53735,2
53740,2
53740,4
53760,4
53780,4
53785,4
53785,3
53790,3
53790,2
53795,2
53800,3
53805,3
53815,2
53820,2
53835,4
53840,4
53840,2
53845,2
53855,3
53860,3
53870,3
53875,3
53890,4
53895,3
53895,4
53895,2
53900,2
53915,3
53935,3
53940,3
53945,4
53950,4
53950,2
53955,2
53960,3
53975,2
53980,3
53995,2
54000,4
54005,4
54030,3
54045,2
54050,3
54055,4
54060,4
54065,2
54070,4
54075,4
54095,4
54100,4
54100,3
54110,4
54115,2
54115,4
54120,3
54120,2
54125,2
54130,2
54135,2
54135,4
54140,1
54140,2
54145,2
54145,1
54150,1
54155,4
54155,1
54170,3
54175,3
54175,4
54180,4
54225,3
54230,3
54230,4
54235,4
54235,3
54285,4
54290,4
54310,4
54315,4
54335,4
54340,4
54360,4
54365,4
54415,4
54420,4
54470,4
54475,4
54525,4
54530,4
54580,4
54585,4
54635,4
54640,4
54645,2
54650,2
54655,1
54660,1
54690,4
54695,4
54735,3
54740,3
54745,3
54745,4
54750,4
54760,4
54765,4
54795,3
54800,3
54815,4
54820,4
54840,4
54845,4
54850,3
54855,3
54860,3
54865,4
54865,3
54885,4
54915,3
54920,3
54925,3
54930,3
54935,3
54935,4
54940,4
54940,3
54945,3
54945,4
54950,3
54950,4
54955,4
54955,3
54960,3
55010,3
55015,3
55065,3
55085,3
55105,3
55110,3
55120,3
55125,3
55145,3
55150,2
55155,2
55160,2
55160,1
55165,3
55165,1
55185,3
55190,3
55200,3
55205,3
55210,2
55215,3
55220,3
55230,3
55230,2
55235,3
55250,2
55255,2
55275,2
55280,2
55285,3
55290,3
55300,2
55320,2
55340,3
55345,3
55370,2
55375,2
55380,2
55395,3
55400,3
55450,3
55455,4
55455,3
55460,4
55465,4
55505,3
55510,3
55515,4
55535,4
55555,4
55560,4
55560,3
55565,3
55580,4
55585,4
55605,4
55610,4
55615,3
55620,3
55630,3
55630,4
55635,3
55650,4
55665,1
55670,4
55670,1
55685,3
55690,3
55690,4
55740,3
55740,4
55745,3
55760,4
55780,4
55785,4
55795,3
55800,3
55805,4
55810,3
55815,3
55825,4
55845,4
55850,4
55865,3
55870,3
55880,2
55880,3
55885,2
55885,3
55890,2
55900,4
55905,4
55925,4
55935,3
55940,3
55940,2
55945,4
55960,2
55960,3
55980,2
55980,3
55985,2
55995,4
56000,3
56005,2
56005,3
56010,2
56015,4
56020,2
56025,2
56035,4
56035,2
56040,4
56040,2
56055,3
56060,3
56060,4
56060,2
56065,2
56080,4
56080,3
56085,2
56100,3
56105,2
56125,2
56130,4
56135,4
56145,2
56150,3
56165,2
56170,3
56170,1
56170,2
56175,1
56180,1
56185,4
56190,2
56195,2
56205,4
56220,3
56230,1
56235,1
56240,3
56245,2
56250,2
56255,4
56260,4
56260,3
56265,3
56270,2
56275,3
56280,3
56285,1
56290,2
56290,1
56310,2
56310,4
56315,4
56320,4
56330,2
56330,3
56335,3
56340,1
56345,3
56350,3
56360,1
56380,1
56380,2
56385,1
56400,2
56400,3
56405,3
56425,3
56430,3
56435,1
56440,1
56450,3
56450,2
56455,2
56455,3
56475,3
56480,3
56490,1
56495,1
56500,3
56505,2
56505,1
56510,2
56510,1
56520,1
56520,3
56525,1
56540,3
56560,2
56560,3
56565,2
56570,2
56575,1
56580,1
56590,1
56595,1
56610,3
56630,3
56645,1
56650,1
56650,3
56655,3
56675,3
56680,3
56700,3
56700,1
56705,1
56720,3
56755,1
56760,1
56770,3
56790,3
56810,1
56815,1
56820,4
56825,4
56840,3
56845,3
56865,1
56870,1
56880,1
56885,1
56895,3
56900,3
56905,3
56935,1
56940,1
56990,1
56995,1
57005,1
57010,1
57060,1
57065,1
57070,2
57075,2
57080,2
57115,1
57120,1
57130,2
57135,2
57170,1
57175,1
57185,2
57205,2
57225,1
57225,2
57230,1
57230,2
57240,1
57245,1
57265,1
57270,1
57280,1
57280,2
57285,2
57285,1
57325,4
57330,4
57335,2
57335,1
57340,2
57340,1
57360,2
57380,2
57390,1
57395,1
57405,3
57410,3
57415,3
57420,3
57430,2
57445,1
57450,1
57450,2
57470,1
57475,1
57500,2
57505,2
57510,2
57525,1
57530,1
57550,1
57555,1
57575,1
57595,1
57645,1
57650,1
57655,1
57830,4
57835,4
57920,3
57925,3
57930,3
57935,3
57940,3
57945,3
57950,3
57955,3
58010,2
58015,2
58020,2
58025,2
58030,2
58035,2
58155,1
58160,1
58165,1
58170,1
58175,1
58180,1
58185,1
58235,1
58255,1
58275,1
58280,1
58330,1
58335,1
58335,4
58340,4
58385,1
58390,1
58440,1
58445,1
58455,3
58460,3
58465,3
58470,3
58495,1
58500,1
58520,1
58525,1
58535,2
58540,2
58575,1
58580,1
58630,1
58635,1
58685,1
58690,1
58740,1
58745,1
58765,1
58770,1
58790,1
58810,1
58840,4
58845,4
58850,4
58860,1
58880,1
58900,4
58900,1
58905,1
58905,4
58910,4
58915,4
58920,4
58925,1
58925,4
58930,4
58945,1
58970,3
58975,3
58980,3
58995,1
59000,1
59005,1
59010,1
59030,3
59035,3
59040,2
59045,2
59060,1
59065,1
59070,1
59085,3
59105,3
59125,3
59145,3
59195,3
59200,3
59250,3
59270,3
59320,3
59340,3
59390,3
59410,3
59430,4
59435,4
59440,4
59445,4
59460,3
59465,3
59470,3
59475,3
59480,3
59545,2
59550,2
59570,1
59575,1
59945,4
59950,4
59980,3
59985,3
59990,3
59995,3
60050,2
60055,2
60060,2
60065,2
60075,1
60080,1
60085,1
60090,1
60095,1
60100,1
60450,4
60455,4
60460,4
60465,4
60470,4
60495,3
60500,3
60520,4
60540,4
60560,4
60565,4
60565,2
60570,2
60585,4
60590,4
60600,1
60605,1
60610,4
60615,4
60635,4
60640,4
60660,4
60665,4
60675,4
60680,4
60690,4
60695,4
60745,4
60750,4
60800,4
60805,4
60815,4
60820,4
60870,4
60875,4
60925,4
60930,4
60980,4
60985,4
61000,3
61005,3
61035,4
61040,4
61070,2
61075,2
61080,2
61085,2
61090,2
61090,4
61095,4
61105,1
61110,1
61140,2
61145,4
61145,2
61150,4
61160,4
61165,4
61175,4
61180,4
61195,2
61215,2
61230,4
61235,4
61255,4
61265,2
61270,2
61275,4
61275,2
61280,2
61295,4
61315,4
61330,2
61350,2
61365,4
61385,4
61400,2
61405,4
61410,4
61420,2
61430,4
61440,2
61445,2
61450,4
61495,2
61500,2
61500,4
61505,3
61505,4
61510,3
61515,3
61520,2
61520,3
61525,2
61545,2
61550,2
61555,4
61560,4
61570,2
61590,2
61610,4
61610,1
61615,1
61615,4
61620,1
61625,1
61630,1
61640,2
61645,2
61650,2
61665,4
61670,4
61675,4
61680,1
61700,1
61720,1
61725,1
61745,1
61765,1
61815,1
61820,1
61870,1
61875,1
61925,1
61945,1
61995,1
62015,1
62020,3
62025,3
62065,1
62085,1
62105,1
62125,1
62145,1
62150,1
62150,2
62155,2
62160,1
62160,2
62165,1
62165,2
62170,2
62175,2
62175,4
62180,4
62180,2
62215,1
62220,1
62230,2
62235,2
62240,2
62270,1
62275,1
62325,1
62330,1
62350,1
62355,1
62375,1
62395,1
62415,1
62420,1
62440,1
62445,1
62495,1
62500,1
62525,3
62530,3
62535,3
62550,1
62555,1
62585,3
62590,3
62595,3
62605,1
62610,1
62630,1
62635,1
62680,4
62685,4
62685,1
62690,1
62700,1
62705,1
62740,2
62745,2
62755,1
62760,1
62810,1
62815,1
62865,1
62870,1
62920,1
62925,1
62945,1
62950,1
63000,1
63005,1
63025,1
63030,1
63050,1
63055,1
63075,1
63080,1
63095,3
63100,1
63100,3
63105,3
63110,3
63115,3
63120,3
63120,1
63125,3
63130,3
63170,1
63175,1
63180,1
63185,4
63190,4
63195,4
63200,4
63245,2
63250,2
63630,3
63635,3
63680,1
63685,1
63700,4
63705,4
63750,2
63755,2
64135,3
64140,3
64145,3
64185,1
64190,1
64195,3
64195,1
64200,3
64205,4
64205,3
64210,4
64245,1
64250,1
64255,1
64255,2
64260,1
64260,2
64265,2
64310,1
64315,2
64330,1
64335,2
64380,1
64385,2
64400,1
64405,2
64425,2
64445,2
64450,1
64465,2
64470,1
64485,2
64490,1
64495,1
64515,1
64520,1
64535,2
64540,2
64540,1
64560,1
64590,2
64595,2
64600,2
64605,2
64610,1
64615,1
64620,1
64625,1
64655,2
64660,2
64665,2
64670,2
64675,1
64695,1
64705,3
64710,3
64710,4
64715,3
64715,1
64715,4
64720,2
64725,2
64735,1
64755,1
64760,1
64765,3
64770,1
64775,2
64775,1
64785,3
64795,1
64795,2
64800,1
64815,2
64835,3
64835,2
64840,3
64850,1
64855,1
64855,2
64875,2
64890,3
64895,2
64900,2
64905,1
64910,1
64910,3
64920,2
64925,2
64930,1
64945,2
64950,1
64950,2
64960,3
64970,2
64975,2
64980,3
65000,1
65020,1
65025,2
65030,2
65030,3
65035,3
65050,2
65055,2
65065,2
65070,2
65070,1
65075,1
65080,2
65080,1
65085,2
65085,3
65090,3
65135,2
65140,2
65140,3
65145,3
65150,3
65150,2
65155,2
65165,2
65170,2
65215,4
65220,4
65220,2
65225,4
65225,2
65235,2
65240,2
65275,4
65290,2
65295,2
65295,4
65305,2
65310,2
65345,4
65360,2
65365,4
65365,2
65415,4
65415,2
65420,2
65420,4
65430,2
65435,2
65470,4
65485,2
65490,2
65490,4
65510,4
65530,4
65540,2
65545,2
65580,4
65580,1
65585,1
65585,4
65590,4
65590,1
65595,1
65595,2
65595,4
65600,2
65600,4
65605,4
65650,2
65650,3
65655,2
65655,4
65655,3
65660,3
65675,4
65705,2
65710,3
65710,2
65725,4
65730,3
65745,4
65760,2
65765,2
65775,2
65780,2
65780,3
65790,2
65795,4
65795,2
65800,3
65815,4
65835,4
65845,2
65850,2
65850,3
65855,4
65870,3
65870,2
65875,2
65905,4
65910,4
65920,3
65925,2
65930,2
65940,3
65960,4
65960,3
65965,3
65965,4
65980,2
65985,2
65985,3
65990,3
66010,3
66015,3
66015,4
66020,4
66035,2
66040,2
66065,3
66070,4
66070,3
66090,2
66090,4
66095,2
66095,1
66100,1
66115,2
66120,3
66125,3
66135,2
66140,4
66145,3
66160,4
66165,3
66180,4
66185,2
66190,2
66195,2
66200,4
66215,3
66235,3
66250,4
66255,3
66260,3
66270,4
66290,4
66310,4
66310,3
66315,3
66360,4
66365,4
66365,3
66370,3
66370,4
66375,4
66380,3
66385,3
66405,3
66410,3
66425,4
66430,3
66435,3
66445,4
66485,3
66490,3
66495,4
66500,3
66505,3
66515,4
66525,3
66530,3
66550,3
66555,3
66565,4
66575,3
66585,4
66595,3
66600,1
66605,1
66635,4
66645,3
66650,3
66655,4
66695,2
66700,2
66700,3
66705,4
66705,2
66710,2
66710,4
66715,2
66720,2
66720,3
66725,2
66730,2
66735,2
66740,2
66760,4
66765,4
66770,3
66790,3
66810,3
66815,4
66820,4
66830,3
66870,4
66880,3
66885,3
66890,4
66890,3
66895,3
66900,3
66940,4
66960,4
66980,4
66985,4
67005,4
67025,4
67045,4
67050,4
67100,4
67105,4
67105,1
67110,1
67155,4
67160,4
67170,4
67175,4
67225,4
67230,4
67240,2
67245,2
67280,4
67285,4
67335,4
67340,4
67390,4
67395,4
67400,3
67405,3
67445,4
67450,4
67500,4
67505,4
67555,4
67560,4
67610,1
67610,4
67615,1
67615,4
67665,4
67670,4
67720,4
67725,4
67745,2
67750,2
67755,2
67760,2
67775,4
67780,4
67830,4
67835,4
67885,4
67890,4
67905,3
67910,3
67940,4
67945,4
67955,4
67960,4
68010,4
68015,4
68035,4
68040,4
68060,4
68080,4
68100,4
68115,1
68120,1
68120,4
68140,4
68145,4
68165,4
68170,4
68190,4
68210,4
68260,2
68260,4
68265,4
68265,2
68270,4
68270,2
68275,2
68280,2
68330,2
68350,2
68400,2
68410,3
68415,3
68420,2
68470,2
68475,2
68525,2
68545,2
68595,2
68600,2
68605,2
68620,1
68625,1
68770,4
68775,4
68915,3
68920,3
68925,3
68975,3
68980,3
68985,3
68990,3
69040,3
69045,3
69095,3
69105,2
69110,2
69115,3
69115,2
69125,1
69130,1
69135,3
69140,3
69160,3
69165,2
69165,3
69170,2
69175,2
69180,2
69185,3
69190,3
69210,3
69215,3
69230,2
69250,2
69265,3
69270,3
69275,4
69280,4
69285,4
69290,3
69290,4
69300,2
69305,2
69310,3
69355,2
69360,3
69360,2
69365,3
69370,3
69375,3
69380,3
69385,3
69410,2
69415,2
69435,3
69455,3
69465,2
69475,3
69480,3
69485,2
69500,3
69505,3
69535,2
69540,2
69555,3
69560,3
69590,2
69595,2
69610,3
69615,3
69630,1
69635,1
69635,3
69640,3
69645,2
69650,2
69655,2
69660,2
69660,3
69665,3
69685,3
69690,3
69710,2
69710,3
69715,3
69730,2
69735,3
69740,3
69780,2
69785,2
69790,3
69790,4
69795,3
69795,4
69835,2
69840,2
69845,3
69845,2
69850,3
69900,3
69905,3
69915,3
69920,3
69970,3
69975,3
69985,3
69990,3
70040,3
70045,3
70065,3
70070,3
70120,3
70125,3
70135,1
70140,1
70175,3
70180,3
70230,3
70235,3
70285,3
70290,3
70295,4
70300,4
70305,4
70310,4
70340,3
70345,2
70345,3
70350,2
70355,2
70360,2
70365,2
70370,2
70395,3
70400,3
70420,3
70425,3
70475,3
70480,3
70490,3
70495,3
70505,3
70510,3
70530,3
70535,3
70555,3
70560,3
70580,3
70585,3
70635,3
70640,3
70640,1
70645,1
70660,3
70665,3
70685,3
70690,3
70710,3
70715,3
70735,3
70740,3
70760,3
70780,3
70810,4
70815,4
70820,4
70825,4
70830,3
70830,4
70835,4
70850,3
70870,2
70875,2
70900,3
70920,3
70970,3
70975,3
70980,3
71145,1
71150,1
71155,1
71205,1
71225,1
71245,1
71265,1
71315,1
71335,1
71335,4
71340,4
71345,4
71350,4
71355,1
71360,1
71375,2
71380,2
71385,2
71410,1
71415,1
71435,2
71440,2
71465,1
71470,1
71480,3
71485,3
71490,2
71495,2
71520,1
71525,1
71545,2
71550,2
71575,1
71580,1
71600,2
71600,1
71620,2
71620,1
71640,1
71645,1
71665,1
71670,1
71670,2
71675,2
71720,1
71725,1
71725,2
71730,2
71745,1
71765,1
71780,2
71785,1
71800,2
71805,1
71820,2
71825,1
71825,2
71830,1
71850,4
71855,4
71875,2
71880,1
71880,2
71885,1
71930,2
71935,2
71935,1
71940,1
71955,2
71960,1
71975,2
71980,1
71985,3
71990,3
71995,2
72015,2
72030,1
72035,2
72050,1
72055,2
72100,1
72105,2
72110,2
72115,2
72120,1
72140,1
72160,1
72180,1
72185,1
72205,1
72210,1
72260,1
72265,1
72315,1
72320,1
72330,1
72335,1
72355,4
72360,4
72365,4
72370,4
72375,4
72380,4
72385,1
72390,1
72440,1
72445,1
72455,1
72460,1
72490,3
72495,3
72500,3
72510,1
72515,1
72525,1
72530,1
72540,1
72545,1
72550,3
72555,3
72555,1
72560,1
72570,1
72575,1
72585,1
72590,1
72605,3
72610,1
72615,1
72615,2
72620,2
72625,3
72625,2
72665,1
72670,1
72675,2
72675,3
72695,3
72695,2
72715,2
72720,1
72725,1
72735,2
72735,1
72740,1
72745,3
72755,2
72760,1
72760,2
72765,3
72780,1
72780,2
72785,3
72785,2
72805,2
72805,3
72810,2
72830,1
72830,2
72835,2
72835,1
72840,1
72845,1
72855,3
72860,3
72865,3
72880,4
72885,4
72885,2
72890,2
72895,1
72910,2
72915,1
72930,2
72965,1
72970,1
72980,2
72985,2
72990,2
72995,2
73000,2
73020,1
73040,1
73090,1
73110,1
73160,1
73180,1
73230,1
73250,1
73270,1
73275,1
73295,1
73300,1
73320,1
73340,1
73365,3
73370,3
73385,4
73390,4
73390,1
73395,1
73445,1
73450,1
73455,1
73460,1
73465,1
73500,2
73505,2
73870,3
73875,3
73890,4
73895,4
73965,1
73970,1
73975,1
73980,1
74005,2
74010,2
74375,3
74380,3
74395,4
74400,4
74480,1
74485,1
74490,1
74510,2
74515,2
74520,2
74540,1
74560,1
74570,2
74580,1
74585,1
74590,2
74605,1
74610,2
74610,1
74630,1
74630,2
74635,1
74680,2
74685,1
74690,1
74700,2
74710,1
74730,1
74750,2
74770,2
74780,1
74800,1
74820,1
74820,2
74840,1
74840,2
74860,1
74860,2
74865,2
74865,1
74880,3
74885,1
74885,3
74890,3
74890,1
74900,4
74905,4
74910,4
74910,1
74915,4
74915,2
74915,1
74920,2
74930,2
74935,2
74935,1
74940,1
74940,3
74960,1
74960,3
74965,1
74975,1
74980,1
74985,2
74990,2
75010,3
75015,3
75020,3
75030,1
75035,1
75040,2
75045,2
75055,2
75060,2
75085,1
75090,1
75110,2
75115,2
75140,1
75145,1
75165,2
75170,2
75195,1
75200,1
75220,2
75225,2
75235,2
75240,2
75250,1
75255,1
75290,2
75295,2
75305,1
75310,1
75345,2
75350,2
75360,1
75365,1
75375,1
75380,1
75400,2
75405,2
75415,4
75420,4
75425,2
75430,1
75435,1
75445,2
75445,1
75450,1
75460,1
75465,1
75465,2
75485,2
75505,2
75515,1
75520,3
75520,1
75525,2
75525,3
75530,3
75545,2
75550,2
75570,2
75570,1
75575,1
75575,2
75580,3
75585,3
75595,2
75600,2
75620,2
75625,2
75625,1
75630,1
75635,3
75645,2
75650,1
75650,2
75655,3
75655,1
75675,1
75695,1
75700,2
75705,2
75705,3
75710,3
75715,2
75720,2
75745,1
75750,1
75755,1
75760,3
75770,2
75775,2
75780,3
75800,3
75805,3
75825,3
75825,2
75830,2
75830,3
75850,3
75855,3
75880,2
75885,2
75905,3
75905,2
75910,3
75910,2
75920,4
75925,4
75930,2
75930,4
75935,2
75935,4
75955,2
75960,3
75965,3
75975,2
75995,2
76000,2
76015,3
76020,3
76030,3
76035,3
76050,2
76055,2
76065,2
76070,2
76085,3
76090,3
76120,2
76125,2
76140,3
76145,3
76165,3
76170,3
76175,2
76180,2
76190,3
76195,3
76205,3
76210,3
76230,2
76235,2
76245,2
76250,2
76255,1
76260,3
76260,1
76265,3
76270,2
76290,2
76310,2
76315,2
76315,3
76320,3
76335,2
76340,2
76360,2
76365,2
76370,3
76375,3
76385,2
76390,2
76425,3
76430,3
76435,4
76440,4
76440,2
76445,2
76445,4
76450,4
76455,4
76455,2
76460,2
76480,3
76485,3
76505,4
76510,4
76510,2
76515,2
76535,3
76540,3
76560,4
76565,2
76565,4
76570,2
76590,3
76595,3
76615,4
76620,4
76620,2
76625,2
76635,2
76640,2
76645,3
76650,3
76670,3
76670,4
76675,3
76690,4
76690,2
76695,2
76725,3
76730,3
76740,4
76745,4
76745,2
76750,2
76750,4
76755,4
76760,4
76760,1
76765,1
76770,1
76780,3
76785,3
76800,2
76805,2
76820,1
76825,2
76830,2
76835,3
76840,1
76840,3
76850,2
76855,2
76890,1
76890,3
76895,3
76905,2
76910,2
76910,1
76915,3
76930,1
76935,3
76950,1
76955,3
76960,3
76960,2
76965,2
76970,1
76975,1
76975,2
76980,2
76980,3
76985,3
76990,2
76995,3
76995,2
77000,3
77020,3
77025,1
77030,1
77040,3
77045,2
77050,2
77060,3
77065,3
77080,1
77085,3
77085,1
77090,3
77095,1
77100,3
77100,1
77100,2
77105,3
77105,2
77120,1
77125,2
77125,1
77130,2
77145,1
77150,2
77155,3
77155,2
77160,3
77165,1
77175,2
77180,2
77185,1
77190,1
77200,2
77210,3
77210,1
77215,3
77215,1
77220,2
77225,3
77230,3
77235,1
77240,2
77240,1
77245,2
77260,4
77260,1
77265,1
77265,2
77265,4
77270,2
77280,3
77285,3
77290,2
77295,2
77305,3
77310,3
77315,2
77315,1
77320,1
77330,1
77335,1
77335,2
77345,1
77350,1
77355,2
77360,3
77360,2
77365,3
77380,2
77400,2
77400,1
77405,1
77415,3
77420,2
77420,3
77440,2
77455,1
77460,1
77470,3
77475,3
77485,3
77490,3
77490,2
77510,2
77510,1
77515,1
77540,3
77545,3
77560,2
77565,2
77565,3
77565,1
77570,2
77570,3
77570,1
77590,1
77595,1
77620,3
77625,3
77635,3
77640,3
77645,1
77650,1
77690,3
77695,3
77700,1
77705,1
77705,3
77710,3
77730,3
77735,3
77755,3
77755,1
77760,1
77760,3
77765,4
77770,4
77780,3
77785,3
77805,3
77810,1
77815,1
77825,3
77835,1
77840,1
77845,3
77860,1
77865,3
77880,1
77915,3
77930,1
77935,1
77935,3
77940,1
77955,3
77960,3
78010,3
78015,3
78025,3
78030,3
78050,3
78055,3
78070,2
78075,2
78080,2
78085,2
78090,2
78095,2
78100,2
78105,3
78110,3
78150,2
78160,3
78165,3
78170,2
78190,2
78210,2
78215,3
78220,3
78230,2
78235,2
78255,2
78260,2
78270,3
78270,4
78275,3
78275,4
78295,3
78310,2
78315,2
78315,3
78335,3
78355,3
78365,2
78370,2
78375,3
78380,3
78390,2
78410,2
78430,3
78435,3
78440,1
78445,1
78450,1
78455,1
78460,2
78460,1
78465,2
78470,2
78485,3
78490,3
78510,1
78515,1
78520,1
78540,3
78545,3
78595,3
78600,3
78650,3
78655,3
78705,3
78710,3
78720,3
78725,3
78735,3
78740,3
78775,4
78780,4
78790,3
78795,3
78845,3
78850,3
78870,3
78875,3
78895,3
78900,3
78920,3
78925,3
78935,3
78940,3
78960,3
78965,3
78970,2
78975,2
79015,3
79020,3
79020,1
79025,1
79040,3
79060,3
79080,3
79100,3
79150,3
79170,3
79220,3
79240,3
79260,3
79265,3
79280,4
79285,4
79290,4
79295,4
79315,3
79320,3
79370,3
79375,3
79425,3
79430,3
79475,2
79480,2
79480,3
79485,3
79485,2
79490,2
79495,2
79495,3
79500,3
79510,3
79515,3
79525,1
79530,1
79535,3
79545,2
79550,2
79555,2
79555,3
79605,3
79610,3
79615,3
79620,3
79625,3
79795,4
79800,4
80030,1
80035,1
80055,2
80060,2
80065,2
80070,2
80075,2
80080,2
80085,2
80090,2
80095,2
80125,3
80130,3
80145,2
80165,2
80215,2
80220,2
80270,2
80275,2
80300,4
80305,4
80325,2
80345,2
80365,2
80370,2
80390,2
80395,2
80415,2
80435,2
80485,2
80490,2
80495,2
80500,2
80535,1
80540,1
80545,1
80550,2
80550,1
80555,2
80560,2
80630,3
80635,3
80640,3
80690,3
80710,3
80760,3
80780,3
80800,3
80805,4
80810,4
80820,3
80870,3
80875,3
80925,3
80930,3
80980,3
80985,3
80990,3
80995,3
81045,3
81050,3
81050,1
81055,1
81055,3
81060,3
81060,2
81065,2
81110,3
81115,3
81120,3
81125,3
81130,3
81310,4
81315,4
81320,4
81325,4
81330,4
81335,4
81555,1
81560,1
81565,1
81565,2
81570,1
81570,2
81575,2
81625,2
81630,3
81635,3
81645,2
81695,2
81700,2
81750,2
81770,2
81790,2
81795,2
81835,4
81840,4
81845,4
81845,2
81850,4
81850,2
81855,4
81860,4
81865,4
81870,4
81870,2
81875,4
81880,4
81885,4
81890,2
81935,4
81940,2
81945,2
81955,4
81975,4
81980,4
81995,2
82015,2
82030,4
82035,4
82065,2
82070,1
82075,1
82085,2
82085,4
82090,4
82135,3
82135,2
82140,2
82140,3
82140,4
82145,4
82145,2
82165,4
82170,4
82190,4
82195,4
82215,4
82220,4
82240,4
82245,4
82265,4
82285,4
82335,4
82340,4
82390,4
82395,4
82445,4
82450,4
82455,4
82460,4
82510,4
82515,4
82520,4
82575,1
82580,1
82640,3
82645,3
82645,2
82650,2
82655,2
82705,2
82710,2
82715,2
83020,4
83025,4
83080,1
83085,1
83145,3
83150,3
83155,3
83205,3
83215,2
83220,2
83225,3
83225,2
83230,2
83235,2
83245,3
83250,3
83270,3
83275,3
83285,2
83295,3
83300,3
83305,2
83350,3
83355,3
83355,2
83360,2
83365,2
83405,3
83410,3
83430,3
83435,3
83485,3
83490,3
83500,3
83505,3
83525,4
83530,4
83535,4
83540,4
83555,3
83560,3
83585,1
83590,1
83595,1
83600,1
83605,1
83610,3
83615,3
83655,1
83665,3
83670,3
83675,1
83695,1
83700,1
83720,3
83725,3
83745,3
83750,1
83750,3
83755,1
83765,1
83770,1
83770,3
83775,3
83780,1
83785,1
83825,3
83830,3
83835,1
83840,1
83860,1
83865,1
83865,2
83870,2
83875,2
83880,3
83885,3
83885,1
83890,1
83905,3
83925,2
83925,3
83940,1
83945,3
83945,1
83945,2
83950,3
83960,3
83965,3
83965,2
83970,2
83995,1
84000,1
84015,3
84020,2
84020,3
84020,1
84025,2
84035,2
84040,2
84040,4
84040,1
84045,4
84070,3
84075,3
84085,3
84090,3
84090,1
84090,2
84095,2
84110,1
84130,1
84140,3
84145,2
84145,3
84150,2
84150,1
84170,1
84170,2
84175,2
84190,1
84195,2
84195,3
84200,3
84200,2
84210,1
84215,1
84220,3
84220,2
84225,3
84225,2
84235,1
84255,1
84275,2
84275,3
84280,3
84280,2
84300,2
84300,3
84305,1
84310,1
84315,1
84320,1
84320,3
84320,2
84325,1
84330,1
84340,2
84360,2
84370,3
84375,3
84380,3
84380,1
84400,1
84410,2
84415,2
84420,1
84425,1
84445,1
84465,2
84465,1
84485,2
84505,2
84510,2
84515,1
84520,1
84530,2
84535,2
84545,4
84550,4
84555,4
84570,1
84585,2
84590,2
84590,1
84600,2
84605,2
84605,4
84610,1
84615,1
84625,4
84625,2
84630,2
84635,1
84640,1
84660,1
84675,4
84680,2
84680,1
84685,2
84695,4
84700,1
84705,1
84725,1
84735,2
84740,2
84745,1
84745,4
84765,4
84765,1
84770,1
84790,2
84795,2
84815,4
84820,4
84820,1
84825,1
84845,1
84845,2
84850,1
84850,2
84870,4
84880,3
84885,3
84890,4
84890,3
84900,2
84900,1
84905,1
84905,2
84925,1
84930,1
84940,4
84940,3
84945,4
84950,1
84950,4
84955,2
84960,3
84960,2
84970,1
84990,1
84995,1
85010,3
85010,2
85015,2
85030,3
85045,1
85050,1
85065,2
85070,2
85080,3
85085,3
85100,1
85105,1
85120,2
85125,2
85125,1
85130,1
85135,3
85140,3
85175,2
85180,2
85180,1
85185,1
85190,3
85190,2
85195,2
85205,1
85210,3
85215,2
85220,2
85225,1
85240,2
85245,2
85260,3
85265,3
85265,2
85270,2
85275,1
85280,1
85315,3
85320,2
85320,3
85325,2
85325,3
85330,1
85335,1
85340,1
85375,2
85380,2
85390,2
85395,2
85415,2
85435,2
85450,4
85455,2
85455,4
85475,2
85525,2
85545,2
85565,2
85570,2
85590,2
85595,2
85645,2
85650,2
85660,2
85665,2
85715,2
85720,2
85770,2
85775,2
85825,3
85825,2
85830,2
85830,3
85835,3
85840,2
85840,1
85845,1
85845,2
85885,3
85895,2
85900,2
85905,3
85920,2
85925,2
85955,3
85955,4
85960,4
85975,3
85975,2
85980,2
85990,2
85995,2
86025,3
86045,3
86045,2
86050,2
86065,3
86070,2
86070,3
86090,3
86090,2
86110,3
86130,3
86140,2
86150,3
86160,2
86200,3
86210,2
86220,3
86230,2
86250,2
86255,2
86270,3
86275,3
86305,2
86310,2
86325,3
86330,2
86330,3
86335,2
86345,1
86350,1
86355,2
86355,1
86360,2
86360,1
86380,2
86380,3
86385,2
86400,3
86420,3
86425,3
86435,2
86440,2
86445,3
86460,4
86465,4
86465,3
86470,4
86475,4
86480,4
86485,3
86485,4
86490,2
86490,3
86490,4
86495,2
86495,4
86510,3
86515,3
86535,3
86540,3
86545,2
86550,2
86590,3
86595,3
86600,2
86605,2
86605,3
86610,3
86615,2
86620,2
86640,2
86645,2
86660,3
86665,3
86665,2
86670,2
86685,3
86690,2
86695,2
86705,3
86715,2
86720,2
86725,3
86730,3
86740,2
86745,2
86780,3
86785,3
86795,2
86800,2
86805,3
86810,3
86820,3
86825,3
86835,3
86840,3
86850,3
86850,2
86855,3
86855,2
86860,1
86865,1
86865,3
86870,3
86870,1
86905,2
86910,2
86920,3
86920,1
86925,3
86925,1
86960,2
86965,2
86975,3
86975,2
86975,1
86980,2
86980,3
86980,1
86995,4
87000,4
87000,2
87020,2
87030,3
87030,1
87035,3
87035,1
87040,2
87060,2
87085,1
87085,3
87090,3
87105,1
87110,2
87110,3
87115,3
87125,1
87130,2
87145,1
87165,1
87165,3
87170,1
87170,3
87180,2
87190,3
87195,3
87200,2
87215,3
87220,3
87220,1
87225,1
87250,2
87255,2
87270,3
87275,3
87275,1
87280,1
87285,3
87290,3
87300,3
87305,3
87305,2
87325,2
87330,1
87335,1
87345,1
87350,1
87355,3
87360,3
87375,2
87380,2
87385,2
87390,2
87400,1
87405,1
87410,3
87415,3
87415,1
87420,1
87440,2
87460,2
87465,3
87470,3
87470,1
87475,1
87480,2
87480,3
87485,3
87485,2
87495,1
87500,4
87505,2
87505,4
87510,2
87515,1
87535,3
87540,3
87560,2
87565,2
87565,1
87570,1
87575,1
87580,1
87590,3
87595,3
87615,2
87620,2
87630,1
87635,1
87640,1
87640,2
87645,3
87650,3
87660,2
87660,3
87665,3
87675,3
87680,2
87680,3
87700,2
87700,3
87720,2
87720,3
87725,2
87740,3
87745,3
87775,2
87780,2
87790,2
87795,2
87795,3
87800,3
87845,2
87850,2
87850,3
87855,3
87870,2
87875,3
87890,2
87895,3
87910,2
87915,2
87915,3
87920,3
87940,3
87945,3
87965,2
87965,3
87970,2
87970,3
87990,3
87995,3
88005,4
88010,4
88015,3
88020,3
88020,2
88025,2
88070,3
88075,3
88075,2
88080,2
88100,2
88105,2
88125,3
88130,3
88140,1
88145,1
88155,2
88160,2
88170,2
88175,2
88180,3
88185,3
88225,2
88230,2
88235,3
88240,3
88240,2
88245,2
88290,3
88295,3
88295,2
88300,2
88315,3
88335,3
88350,2
88355,2
88385,3
88390,3
88405,2
88410,2
88440,3
88445,3
88460,2
88465,2
88475,2
88480,2
88495,3
88500,3
88500,2
88510,4
88515,4
88520,2
88540,2
88545,2
88550,3
88555,3
88565,2
88570,2
88605,3
88610,3
88620,2
88625,2
88645,2
88645,1
88650,1
88650,2
88660,3
88670,2
88675,2
88680,3
88695,2
88715,2
88730,3
88735,2
88735,3
88755,2
88775,2
88780,2
88785,3
88790,3
88800,2
88805,2
88815,2
88820,2
88840,2
88840,3
88860,3
88860,2
88880,2
88880,3
88885,2
88900,3
88935,2
88940,2
88950,3
88955,3
88990,2
88995,2
89005,3
89015,4
89020,4
89025,3
89045,3
89045,2
89050,2
89065,3
89100,2
89105,2
89115,3
89125,2
89130,2
89135,3
89150,1
89150,2
89155,3
89155,2
89155,1
89160,3
89160,1
89165,2
89165,1
89170,2
89180,3
89185,3
89190,2
89195,2
89205,3
89210,3
89215,2
89220,2
89230,3
89230,2
89235,2
89235,3
89255,2
89275,2
89285,3
89290,3
89295,2
89315,2
89335,2
89340,3
89345,3
89355,2
89395,3
89400,3
89405,2
89410,2
89450,3
89455,3
89460,2
89480,2
89500,2
89505,3
89505,2
89510,3
89520,4
89525,4
89525,2
89530,2
89550,2
89555,2
89560,3
89565,3
89565,2
89570,2
89575,3
89580,3
89620,2
89625,2
89630,3
89635,3
89665,1
89670,1
89675,2
89680,2
89685,3
89690,3
89710,3
89715,3
89730,2
89735,2
89765,3
89770,3
89785,2
89790,2
89800,2
89805,2
89820,3
89825,3
89855,2
89860,2
89875,3
89880,3
89900,3
89905,3
89910,2
89915,2
89925,3
89930,3
89950,3
89965,2
89970,2
89970,3
90020,2
90020,3
90025,2
90025,4
90025,3
90030,4
90030,3
90075,2
90080,2
90090,2
90095,2
90145,2
90150,2
90160,2
90165,2
90170,1
90175,1
90215,2
90220,2
90270,2
90275,2
90325,2
90330,2
90350,2
90355,2
90405,2
90410,2
90460,2
90465,2
90515,2
90520,2
90530,2
90530,3
90530,4
90535,3
90535,2
90535,4
90540,4
90585,2
90590,2
90590,4
90595,4
90600,4
90605,4
90640,2
90645,2
90655,4
90660,4
90665,2
90670,2
90675,1
90680,1
90685,1
90690,2
90690,1
90695,1
90710,4
90710,2
90730,2
90730,4
90745,1
90750,2
90750,1
90755,1
90760,1
90780,4
90785,4
90790,4
90795,4
90800,2
90810,1
90820,2
90830,1
90840,2
90845,2
90845,4
90850,4
90855,2
90855,4
90860,2
90880,1
90900,1
90910,2
90915,2
90920,1
90940,1
90965,2
90970,2
90990,1
91010,1
91020,2
91025,2
91035,3
91040,3
91060,1
91075,2
91080,2
91080,1
91100,1
91100,2
91105,2
91120,1
91125,2
91140,1
91145,1
91145,2
91165,1
91165,2
91170,1
91170,2
91190,2
91195,2
91215,2
91220,1
91225,1
91235,2
91275,1
91280,1
91285,2
91305,2
91330,1
91335,1
91355,1
91355,2
91355,4
91360,1
91360,4
91365,4
91375,2
91410,1
91415,1
91415,4
91420,4
91425,2
91430,2
91435,2
91465,1
91470,4
91470,1
91475,4
91480,4
91520,1
91525,1
91540,3
91545,3
91550,3
91575,1
91580,1
91600,3
91620,3
91630,1
91635,1
91670,3
91675,3
91685,1
91690,1
91725,3
91740,1
91745,1
91745,3
91755,1
91760,1
91795,3
91810,1
91815,1
91815,3
91865,3
91865,1
91870,1
91885,3
91920,1
91925,1
91935,3
91935,2
91940,3
91940,2
91945,3
91945,2
91950,2
91955,2
91975,1
91980,1
91980,4
91985,4
92005,2
92025,2
92030,1
92035,1
92055,1
92060,1
92075,2
92095,2
92110,1
92115,1
92145,2
92165,2
92165,1
92170,1
92185,2
92190,1
92190,2
92195,1
92210,2
92230,2
92245,1
92250,1
92250,2
92270,2
92290,2
92295,2
92300,1
92305,1
92345,2
92350,2
92355,1
92360,1
92370,2
92375,2
92395,2
92400,2
92410,1
92415,1
92435,1
92440,1
92445,3
92450,3
92450,2
92455,2
92485,4
92490,4
92490,1
92495,1
92505,2
92510,2
92530,2
92535,2
92545,1
92550,1
92555,2
92570,1
92575,2
92590,1
92610,1
92615,1
92625,2
92635,1
92645,2
92655,1
92665,2
92670,2
92675,1
92680,1
92720,2
92725,2
92730,1
92735,1
92775,2
92780,2
92785,1
92790,1
92830,2
92835,2
92840,1
92845,1
92855,1
92860,1
92885,2
92890,2
92910,1
92915,1
92940,2
92945,2
92950,3
92955,3
92955,2
92960,2
92965,1
92970,1
92970,2
92975,2
92990,4
92995,4
93000,4
93005,4
93020,1
93025,1
93025,2
93030,2
93050,2
93055,2
93075,1
93080,1
93105,2
93110,2
93120,2
93125,2
93130,1
93135,1
93145,2
93150,2
93170,2
93185,1
93190,1
93190,2
93200,1
93205,1
93210,2
93230,2
93250,2
93255,2
93255,1
93260,1
93275,2
93295,2
93310,1
93315,1
93315,2
93320,2
93325,1
93330,1
93350,1
93370,1
93370,2
93375,2
93420,1
93425,2
93430,2
93440,1
93455,3
93460,3
93480,2
93485,2
93490,1
93495,1
93500,1
93505,4
93510,4
93515,4
93520,4
93525,4
93535,2
93540,2
93560,2
93575,4
93580,2
93595,4
93630,2
93645,4
93650,2
93665,4
93685,4
93700,2
93705,4
93720,2
93725,4
93730,4
93770,2
93780,4
93785,4
93790,2
93805,4
93810,2
93810,4
93830,2
93850,2
93860,4
93865,4
93870,2
93890,2
93895,2
93915,2
93915,4
93920,4
93935,2
93960,3
93965,3
93970,4
93975,4
93985,2
94000,1
94005,2
94005,1
94010,1
94015,1
94025,4
94030,4
94055,2
94075,2
94080,4
94085,4
94105,4
94110,4
94125,2
94130,2
94130,4
94135,4
94135,2
94185,4
94190,4
94210,4
94230,4
94280,4
94285,4
94335,4
94355,4
94405,4
94410,4
94460,4
94465,3
94465,4
94470,3
94475,3
94480,3
94485,3
94515,4
94515,1
94520,1
94520,4
94525,4
94525,1
94530,1
94535,3
94540,3
94590,3
94595,3
94635,2
94640,2
94645,3
94650,3
94655,3
95025,4
95030,4
95030,1
95035,1
95035,4
95040,4
95045,4
95050,4
95055,4
95105,4
95110,4
95115,4
95140,2
95145,2
95155,3
95160,3
95165,3
95215,3
95235,3
95255,3
95275,3
95295,3
95300,3
95350,3
95355,3
95405,3
95410,3
95460,3
95465,3
95515,3
95520,3
95535,1
95540,1
95545,1
95570,3
95575,3
95595,1
95615,4
95615,1
95620,4
95625,4
95625,3
95630,3
95645,2
95650,2
95665,1
95675,4
95680,3
95685,3
95685,1
95695,4
95705,1
95710,1
95735,3
95740,3
95745,4
95760,1
95765,4
95765,1
95775,1
95780,1
95790,3
95795,3
95815,4
95820,4
95830,1
95835,1
95845,3
95850,3
95860,3
95865,3
95870,4
95875,4
95885,1
95890,1
95910,1
95915,1
95915,3
95920,3
95925,4
95930,4
95935,1
95940,1
95940,3
95950,1
95955,1
95960,3
95965,1
95970,1
95980,4
96000,4
96010,3
96015,3
96020,1
96020,4
96025,1
96025,4
96035,4
96040,4
96050,4
96055,4
96065,3
96065,4
96070,3
96070,4
96075,1
96080,1
96120,3
96120,4
96125,4
96130,1
96135,1
96140,3
96150,2
96155,2
96175,4
96180,4
96185,1
96190,1
96190,3
96210,3
96230,3
96230,4
96235,4
96235,3
96240,1
96245,4
96245,1
96250,4
96255,3
96260,3
96295,1
96300,1
96300,4
96305,4
96310,3
96315,3
96350,1
96355,1
96355,4
96360,4
96365,3
96370,3
96375,1
96380,1
96410,4
96415,4
96420,3
96425,3
96425,4
96430,4
96430,1
96435,1
96445,3
96450,3
96470,3
96480,4
96485,4
96485,1
96490,1
96490,3
96510,3
96515,3
96535,4
96540,4
96540,1
96545,1
96550,4
96555,4
96565,3
96570,3
96595,1
96600,1
96605,4
96610,4
96620,3
96620,4
96625,4
96625,3
96650,1
96655,1
96655,2
96660,2
96665,2
96670,2
96675,1
96675,3
96675,4
96680,4
96680,3
96680,1
96700,1
96720,1
96730,3
96730,4
96735,4
96735,3
96740,1
96745,4
96745,1
96750,4
96765,1
96770,1
96785,3
96790,3
96790,1
96795,1
96800,4
96805,4
96810,3
96815,1
96815,3
96820,1
96840,1
96845,1
96855,4
96860,4
96865,1
96865,3
96870,1
96870,3
96910,4
96915,4
96920,3
96920,1
96925,1
96925,3
96965,4
96970,4
96975,1
96975,3
96980,1
96980,3
96990,4
97010,4
97030,1
97030,4
97030,3
97035,1
97035,3
97045,3
97050,3
97050,4
97085,1
97090,1
97100,3
97100,4
97105,3
97105,4
97110,1
97115,1
97125,3
97130,3
97135,1
97155,4
97155,1
97160,4
97170,2
97175,2
97180,3
97185,3
97205,1
97210,4
97215,4
97225,1
97235,3
97240,3
97250,3
97255,3
97265,4
97270,4
97275,3
97275,4
97275,1
97280,4
97280,3
97280,1
97285,4
97290,4
97295,4
97300,3
97305,3
97325,3
97330,3
97330,1
97335,1
97340,1
97350,3
97370,3
97390,3
97410,3
97460,3
97465,3
97515,3
97520,3
97570,3
97590,3
97640,3
97660,3
97675,2
97680,2
97685,2
97710,3
97730,3
97735,2
97755,2
97780,3
97785,3
97790,3
97795,3
97795,4
97800,4
97800,3
97805,2
97810,2
97840,1
97845,1
97860,2
97880,2
97930,2
97950,2
98000,2
98005,2
98010,2
98015,2
98020,2
98300,3
98300,4
98305,3
98305,4
98310,4
98310,3
98315,4
98345,1
98350,1
98355,1
98360,3
98365,3
98370,3
98375,3
98405,1
98410,1
98425,3
98445,3
98460,1
98480,1
98495,3
98500,1
98500,3
98505,3
98510,3
98515,3
98520,2
98520,1
98520,3
98525,2
98525,3
98530,2
98530,3
98535,2
98540,1
98540,2
98560,1
98580,1
98580,3
98585,1
98590,2
98595,2
98600,2
98600,3
98620,3
98625,3
98635,3
98635,1
98640,3
98640,1
98650,1
98650,3
98655,3
98655,1
98665,1
98670,1
98680,1
98685,1
98705,1
98705,3
98710,3
98710,1
98730,1
98735,1
98745,1
98750,1
98760,3
98765,3
98800,1
98805,1
98815,4
98815,3
98820,3
98820,4
98825,4
98830,4
98855,1
98860,1
98870,3
98875,3
98880,1
98885,1
98895,3
98900,3
98905,1
98910,1
98920,3
98925,3
98945,3
98960,1
98965,1
98965,3
99015,1
99015,3
99020,1
99020,3
99040,1
99045,1
99070,3
99090,3
99095,1
99100,1
99100,2
99105,2
99110,3
99130,3
99150,1
99155,1
99180,3
99200,3
99205,1
99210,1
99250,3
99255,3
99260,1
99265,1
99305,3
99310,3
99315,1
99320,1
99330,4
99335,4
99340,4
99345,4
99350,4
99360,3
99370,1
99375,1
99380,3
99395,1
99400,4
99400,1
99420,1
99420,4
99430,3
99440,1
99450,3
99470,3
99470,4
99475,3
99475,4
99480,4
99485,4
99490,1
99495,3
99510,1
99515,3
99535,4
99535,3
99540,3
99540,4
99545,4
99560,1
99560,3
99580,1
99580,3
99600,3
99600,1
99605,2
99605,3
99610,2
99615,2
99620,2
99620,1
99625,3
99625,2
99630,3
99630,2
99635,2
99640,1
99640,2
99645,1
99645,2
99650,2
99650,3
99655,3
99695,1
99700,1
99705,3
99710,3
99730,3
99735,3
99750,1
99755,1
99785,3
99790,3
99805,1
99810,1
99830,1
99835,1
99840,3
99845,3
99855,1
99875,1
99895,1
99895,3
99900,3
99915,1
99950,3
99955,3
99965,1
99985,1
100005,1
100005,3
100010,1
100010,3
100030,1
100045,4
100050,1
100050,4
100055,4
100060,3
100065,3
100100,1
100105,4
100110,4
100115,3
100120,3
100120,1
100140,1
100145,1
100150,2
100155,2
100160,4
100160,2
100165,2
100165,1
100170,1
100170,3
100175,3
100180,4
100185,3
100190,3
100190,1
100195,1
100200,4
100200,3
100205,3
100205,4
100245,1
100250,1
100255,3
100255,4
100260,4
100260,3
100300,1
100305,1
100310,4
100310,3
100315,4
100315,3
100325,3
100325,4
100330,3
100330,4
100355,1
100360,1
100380,4
100380,3
100385,3
100385,4
100410,1
100415,1
100435,3
100435,4
100440,3
100440,4
100460,3
100460,4
100465,3
100465,4
100465,1
100470,1
100485,4
100490,1
100490,4
100495,1
100510,4
100515,1
100515,3
100520,3
100530,4
100535,1
100550,4
100555,4
100570,3
100575,3
100575,4
100580,4
100585,1
100605,1
100625,1
100625,3
100630,3
100630,1
100630,4
100635,4
100640,3
100645,3
100645,4
100650,1
100650,4
100655,1
100660,4
100665,4
100665,2
100670,2
100675,2
100675,1
100680,1
100695,3
100700,1
100700,3
100715,4
100720,1
100720,4
100725,2
100730,2
100735,2
100740,1
100740,2
100745,2
100745,1
100750,3
100755,3
100765,1
100765,3
100770,3
100770,4
100775,4
100785,1
100790,3
100805,1
100810,1
100810,3
100825,4
100830,4
100860,3
100860,1
100865,1
100875,1
100880,1
100880,4
100880,3
100885,4
100900,1
100920,1
100930,3
100935,4
100935,3
100940,4
100970,1
100975,1
100985,3
100990,4
100995,4
101005,3
101025,1
101025,3
101030,3
101045,4
101045,1
101050,4
101060,4
101065,4
101075,4
101080,4
101080,3
101085,3
101095,1
101115,1
101130,4
101135,4
101135,1
101135,3
101140,1
101140,3
101160,1
101165,1
101185,4
101190,4
101190,3
101195,3
101210,4
101215,4
101215,1
101215,3
101220,1
101230,1
101235,1
101235,4
101235,3
101240,4
101245,2
101245,1
101250,1
101250,2
101255,2
101255,3
101260,4
101275,3
101280,4
101300,1
101305,2
101305,1
101325,3
101325,2
101330,4
101330,3
101335,4
101335,3
101355,1
101360,1
101370,1
101375,1
101375,2
101380,2
101385,4
101385,2
101405,4
101425,4
101425,1
101430,4
101430,1
101440,4
101445,4
101480,1
101485,1
101495,4
101500,4
101505,1
101510,1
101550,4
101555,4
101560,1
101565,1
101605,4
101610,4
101615,1
101620,1
101630,4
101635,4
101655,4
101660,4
101670,1
101675,1
101680,4
101685,4
101705,4
101710,4
101725,1
101730,1
101730,4
101750,4
101770,4
101780,1
101785,1
101790,4
101810,4
101830,4
101835,3
101835,1
101840,3
101840,1
101850,4
101850,1
101855,4
101855,1
101875,4
101885,2
101890,2
101895,4
101895,2
101905,1
101910,1
101945,2
101945,4
101950,4
101960,1
101965,1
101965,2
101985,2
102000,4
102005,2
102015,1
102020,1
102020,4
102040,4
102045,4
102055,2
102070,1
102075,1
102075,2
102095,4
102100,4
102125,1
102125,2
102130,1
102145,2
102150,4
102155,4
102165,2
102180,1
102185,2
102185,1
102205,4
102205,2
102210,4
102220,4
102225,4
102225,2
102235,4
102235,1
102240,4
102240,1
102245,2
102250,2
102260,2
102265,2
102290,1
