time,event
5,4
5,4
15,1
25,6
30,4
45,4
50,1
55,8
55,1
70,4
70,1
85,1
95,4
105,1
110,8
110,1
115,6
125,1
135,10
140,1
145,8
160,1
165,4
180,1
185,4
185,6
185,11
190,12
195,11
195,1
200,10
205,6
205,10
225,10
250,6
250,1
255,6
270,10
275,11
275,4
280,12
285,11
290,10
295,1
305,1
310,1
315,8
320,6
340,10
340,11
345,12
350,7
360,1
365,8
365,1
370,4
390,6
390,6
410,4
410,4
415,1
430,6
435,4
450,10
460,4
470,1
475,4
480,6
500,6
500,4
500,10
520,1
520,10
535,1
550,6
570,11
570,4
575,12
580,7
590,1
590,1
595,4
595,8
620,4
645,1
645,4
650,4
665,6
675,4
685,4
700,4
705,6
720,1
725,10
735,1
750,1
765,1
775,11
780,10
820,1
830,6
835,1
850,10
850,12
855,11
860,12
865,11
870,10
890,1
900,6
920,6
920,10
940,10
945,1
960,1
970,11
975,10
975,1
990,11
995,10
1025,6
1030,1
1035,8
1045,11
1045,4
1050,10
1065,1
1080,12
1085,7
1085,1
1090,4
1100,11
1105,12
1110,7
1115,4
1120,1
1125,8
1140,4
1160,1
1175,1
1180,4
1200,6
1215,1
1220,4
1240,1
1245,4
1265,6
1270,1
1285,4
1305,1
1320,1
1325,1
1330,4
1335,1
1340,8
1350,6
1370,4
1390,1
1390,1
1405,1
1445,1
1450,8
1460,1
1465,8
1500,1
1515,1
1555,1
1570,1
1585,1
1585,12
1590,11
1595,10
1610,12
1610,1
1615,11
1620,10
1640,1
1645,11
1645,8
1650,10
1665,1
1670,8
1670,11
1675,10
1695,1
1700,6
1710,1
1715,4
1720,1
1720,10
1725,4
1725,6
1740,4
1745,6
1745,4
1760,1
1765,10
1765,1
1770,6
1770,4
1790,6
1790,4
1810,6
1810,4
1815,1
1815,11
1820,4
1820,12
1825,7
1830,10
1830,6
1840,6
1850,10
1860,4
1880,11
1880,1
1885,12
1885,8
1890,11
1895,10
1900,11
1905,12
1910,11
1915,10
1935,1
1940,4
1945,6
1960,6
1965,10
1965,6
1980,4
1985,4
2000,6
2005,1
2010,4
2015,11
2020,10
2020,4
2030,6
2040,1
2050,10
2055,1
2060,8
2070,11
2075,10
2100,6
2110,1
2115,8
2120,4
2125,11
2130,12
2135,11
2140,10
2140,1
2155,1
2165,1
2170,1
2170,4
2190,6
2190,1
2195,8
2210,10
2225,1
2245,1
2260,11
2265,12
2270,11
2275,12
2280,7
2280,1
2285,4
2300,1
2305,8
2310,4
2325,12
2330,1
2330,11
2335,10
2355,1
2385,6
2385,1
2390,8
2405,10
2410,1
2440,1
2455,6
2465,1
2475,4
2495,1
2500,4
2520,6
2520,1
2540,10
2550,1
2575,1
2580,4
2590,6
2600,6
2605,1
2610,10
2620,10
2660,1
2660,11
2665,10
2670,11
2675,12
2680,7
2715,11
2715,1
2720,10
2730,1
2770,6
2780,12
2785,11
2785,1
2790,8
2790,10
2790,10
2840,6
2840,1
2840,11
2845,4
2845,12
2850,7
2860,10
2870,4
2890,6
2910,10
2910,11
2915,12
2920,7
2960,6
2980,4
3005,4
3030,4
3050,6
3070,10
3120,11
3125,12
3130,11
3135,10
3180,12
3185,6
3185,11
3190,10
3205,4
3225,6
3240,11
3245,10
3245,10
3295,6
3295,11
3300,10
3315,10
3350,12
3350,6
3355,7
3365,6
3370,10
3385,10
3420,6
3420,12
3425,7
3435,6
3440,10
3455,10
3490,6
3505,6
3510,10
3525,4
3545,6
3560,6
3565,4
3580,4
3585,6
3600,1
3605,10
3605,8
3655,1
3655,11
3660,12
3665,7
3670,1
3725,1
3780,1
3785,8
3835,1
3855,12
3860,7
3890,1
3925,12
3930,7
3945,1
3960,1
4015,1
4070,1
4075,4
4100,4
4125,4
4145,1
4160,1
4165,12
4170,11
4175,10
4215,1
4225,11
4230,10
4270,1
4280,11
4285,10
4325,1
4330,4
4335,6
4350,1
4355,10
4355,4
4360,12
4365,7
4380,4
4400,1
4405,11
4410,10
4430,12
4435,7
4455,1
4460,4
4460,6
4480,4
4480,1
4485,8
4500,6
4520,10
4535,1
4570,6
4590,4
4590,1
4595,4
4610,1
4615,6
4635,4
4655,6
4665,1
4675,10
4680,1
4695,1
4725,11
4730,12
4735,7
4750,1
4805,1
4860,1
4865,8
4865,12
4870,11
4875,12
4880,7
4915,1
4935,12
4940,7
4970,1
4975,4
4995,1
5010,1
5065,1
5120,1
5175,1
5180,8
5230,1
5235,8
5235,12
5240,7
5285,1
5340,1
5345,4
5365,1
5380,12
5380,1
5385,8
5385,11
5390,12
5395,7
5435,1
5440,8
5440,12
5445,7
5490,1
5545,1
5550,8
5600,1
5605,4
5630,4
5650,1
5655,8
5705,1
5710,4
5730,6
5740,12
5745,11
5750,10
5750,4
5770,1
5800,6
5820,4
5825,1
5840,1
5840,1
5845,4
5845,4
5865,1
5865,6
5870,8
5885,10
5895,12
5900,7
5920,1
5935,6
5945,12
5950,11
5955,10
5955,10
5975,1
6005,6
6005,6
6025,10
6025,10
6030,1
6035,8
6075,11
6075,11
6080,12
6080,10
6085,1
6085,11
6090,12
6095,7
6130,11
6135,10
6140,1
6145,8
6185,6
6195,1
6200,4
6205,4
6220,6
6225,1
6240,10
6240,1
6255,1
6290,11
6295,10
6310,1
6315,4
6335,1
6340,8
6345,11
6350,12
6355,11
6360,10
6390,1
6400,12
6405,11
6410,10
6410,6
6430,4
6445,1
6450,1
6460,6
6480,10
6500,1
6505,1
6530,11
6535,10
6555,1
6560,1
6585,11
6590,10
6595,12
6600,11
6605,12
6610,11
6610,1
6615,12
6615,1
6620,7
6640,6
6660,10
6665,1
6670,4
6670,1
6675,4
6690,1
6695,8
6695,6
6710,6
6715,10
6730,4
6745,1
6750,8
6755,4
6765,6
6775,1
6785,10
6800,1
6830,1
6835,11
6835,8
6840,12
6845,11
6850,10
6855,1
6860,4
6880,6
6885,1
6900,4
6900,11
6905,12
6910,7
6925,4
6940,1
6950,4
6955,1
6960,4
6970,1
6975,8
6985,4
7010,4
7025,1
7030,8
7030,1
7035,8
7080,1
7085,8
7085,1
7090,8
7120,12
7125,7
7135,1
7140,1
7150,1
7155,1
7160,8
7205,1
7210,1
7220,1
7225,4
7250,4
7265,1
7270,1
7275,8
7320,1
7325,1
7375,1
7380,1
7410,12
7415,11
7420,12
7425,11
7430,12
7430,1
7435,11
7435,1
7440,10
7440,8
7485,1
7490,6
7490,4
7490,1
7495,8
7510,6
7510,4
7530,1
7530,10
7545,1
7560,1
7580,11
7585,10
7585,1
7615,1
7625,12
7630,11
7630,1
7635,8
7635,6
7635,12
7640,7
7640,1
7655,10
7685,1
7695,1
7700,4
7705,6
7720,1
7725,4
7725,4
7740,1
7745,1
7750,4
7755,1
7760,4
7770,6
7785,4
7790,4
7800,1
7810,1
7810,4
7815,1
7820,4
7830,1
7835,4
7840,1
7845,8
7860,4
7865,1
7880,6
7895,1
7900,10
7920,1
7935,1
7950,6
7950,1
7950,1
7965,1
7970,4
7980,1
7990,1
7995,1
8005,1
8045,1
8050,4
8050,1
8060,1
8075,4
8095,6
8105,1
8115,1
8115,10
8120,8
8140,12
8145,11
8150,12
8155,11
8160,10
8160,1
8165,8
8165,6
8170,1
8175,8
8185,4
8205,6
8210,11
8215,1
8215,12
8220,11
8225,10
8225,1
8225,10
8230,8
8270,1
8275,11
8275,8
8275,11
8280,12
8280,10
8280,1
8285,8
8285,7
8325,1
8330,11
8335,12
8335,1
8340,11
8345,12
8350,11
8355,10
8380,1
8385,4
8390,1
8405,1
8405,6
8425,4
8445,1
8450,4
8450,4
8460,1
8465,4
8475,4
8475,4
8490,4
8495,6
8495,1
8510,6
8515,4
8530,4
8535,1
8540,8
8550,1
8555,4
8565,1
8570,8
8580,4
8590,1
8600,6
8620,4
8620,1
8640,1
8645,1
8650,8
8675,1
8690,1
8695,1
8700,1
8700,4
8720,6
8740,10
8745,1
8755,1
8760,8
8760,1
8765,8
8785,12
8790,6
8790,7
8810,1
8810,10
8815,1
8825,1
8830,4
8830,1
8835,4
8850,1
8855,1
8860,8
8860,11
8865,1
8865,12
8870,11
8870,4
8875,12
8880,11
8885,10
8890,1
8905,1
8910,4
8910,1
8915,8
8935,4
8935,6
8955,6
8955,10
8965,1
8975,10
8980,1
8985,8
9005,6
9025,6
9025,4
9035,1
9040,8
9045,4
9045,6
9065,6
9065,4
9085,10
9085,1
9090,8
9090,1
9105,1
9120,1
9135,6
9140,1
9155,4
9175,1
9175,1
9180,8
9180,8
9195,1
9200,4
9225,4
9230,1
9230,1
9235,4
9245,1
9250,4
9255,1
9260,1
9265,4
9270,6
9290,4
9290,10
9290,12
9295,7
9310,1
9315,4
9335,1
9340,11
9345,12
9350,11
9355,12
9360,7
9365,1
9380,1
9390,1
9405,1
9435,1
9440,8
9460,1
9490,1
9495,4
9515,1
9515,6
9520,4
9535,10
9545,4
9565,1
9570,8
9585,6
9605,10
9620,1
9655,11
9660,10
9675,1
9710,6
9730,4
9730,1
9745,1
9750,8
9750,6
9770,4
9790,6
9795,12
9800,7
9800,1
9810,4
9835,4
9855,6
9855,1
9860,12
9865,11
9870,12
9870,1
9875,4
9875,11
9875,4
9880,12
9885,11
9890,12
9895,7
9900,4
9900,4
9920,6
9920,6
9940,10
9940,4
9960,6
9980,10
9990,11
9995,12
10000,7
10030,11
10035,10
10085,11
10090,10
10140,6
10160,10
10210,6
10230,4
10250,6
10270,10
10300,12
10305,7
10320,11
10325,10
10375,6
10395,10
10395,12
10400,7
10445,11
10450,12
10455,11
10460,10
10500,12
10505,11
10510,11
10510,10
10515,12
10520,7
10560,11
10565,10
10615,6
10635,4
10660,4
10680,1
10695,1
10700,8
10750,1
10755,4
10780,4
10800,1
10805,12
10810,7
10855,1
10900,12
10905,11
10910,12
10910,1
10915,7
10925,1
10930,8
10980,1
10985,4
11010,4
11020,12
11025,7
11035,4
11055,1
11110,1
11165,1
11170,4
11195,4
11220,4
11245,4
11270,4
11295,4
11310,12
11315,1
11315,7
11330,1
11385,1
11415,12
11420,11
11425,10
11440,1
11455,1
11460,8
11475,11
11480,12
11485,7
11510,1
11525,12
11530,7
11565,1
11620,1
11625,4
11645,6
11665,10
11715,11
11720,10
11770,6
11790,10
11815,12
11820,7
11840,11
11845,12
11850,11
11855,12
11860,7
11985,12
11990,11
11995,12
12000,11
12005,10
12030,12
12035,11
12040,10
12055,11
12060,12
12065,11
12070,10
12090,11
12095,10
12120,11
12125,12
12130,11
12135,10
12145,6
12165,10
12185,6
12205,10
12215,6
12235,4
12255,1
12255,11
12260,12
12265,7
12310,1
12320,12
12325,7
12360,12
12365,7
12365,1
12420,1
12435,1
12450,1
12505,1
12560,1
12575,1
12630,1
12635,8
12685,1
12740,1
12745,4
12765,1
12765,12
12770,4
12770,7
12790,6
12810,4
12825,12
12830,6
12830,11
12835,10
12850,10
12865,12
12870,7
12885,6
12900,6
12905,10
12920,10
12955,6
12970,6
12975,10
12990,10
13025,6
13040,6
13045,4
13060,4
13070,4
13080,1
13085,4
13090,6
13105,6
13110,4
13125,4
13130,1
13145,1
13145,1
13150,8
13200,1
13200,1
13205,4
13230,4
13250,1
13255,8
13255,1
13260,4
13270,12
13275,7
13285,4
13305,1
13310,4
13330,6
13350,4
13360,1
13365,8
13370,12
13375,4
13375,11
13380,12
13385,11
13390,10
13395,6
13415,1
13415,10
13430,1
13435,4
13440,11
13445,10
13455,6
13465,6
13475,10
13485,10
13495,11
13500,10
13525,6
13535,6
13545,4
13550,11
13555,10
13555,12
13560,7
13565,1
13605,11
13610,12
13615,11
13620,1
13620,12
13625,8
13625,11
13630,12
13635,11
13640,10
13675,1
13690,11
13695,10
13730,1
13735,4
13745,11
13750,10
13760,4
13775,12
13780,7
13785,4
13800,6
13805,1
13820,10
13860,1
13865,8
13870,11
13875,10
13915,1
13925,11
13930,12
13935,7
13970,1
13975,8
14025,1
14060,12
14065,11
14070,12
14075,7
14080,1
14095,1
14110,1
14115,8
14165,1
14170,8
14220,1
14225,4
14250,4
14275,4
14280,12
14285,11
14290,12
14295,11
14300,4
14300,12
14305,7
14320,1
14325,8
14375,1
14430,1
14435,4
14435,12
14440,7
14455,1
14460,4
14485,4
14510,4
14530,6
14550,10
14575,12
14580,11
14585,12
14590,11
14595,10
14600,11
14605,12
14610,11
14615,10
14645,11
14650,12
14655,7
14665,11
14670,12
14675,11
14680,10
14730,11
14735,12
14740,11
14745,12
14750,7
14805,12
14810,11
14815,12
14820,11
14825,10
14875,11
14880,10
14930,11
14935,12
14940,11
14940,12
14945,11
14945,12
14950,10
14950,7
15000,6
15020,4
15045,4
15070,4
15095,4
15115,1
15120,4
15145,4
15155,12
15160,7
15170,4
15195,4
15220,4
15240,6
15250,12
15255,7
15260,10
15310,6
15330,4
15350,1
15405,1
15420,1
15425,8
15450,12
15455,11
15460,12
15465,7
15475,1
15490,1
15505,1
15520,1
15575,1
15590,1
15595,4
15615,6
15635,10
15660,12
15665,11
15670,10
15685,6
15705,4
15720,11
15725,12
15730,4
15730,11
15735,12
15740,11
15745,10
15750,1
15755,12
15760,11
15765,12
15765,1
15770,7
15795,6
15815,4
15820,1
15825,4
15840,4
15845,6
15865,4
15865,10
15890,4
15910,6
15915,6
15930,10
15935,10
15965,12
15970,7
15980,6
15985,11
15990,10
16000,4
16020,6
16040,11
16040,10
16045,10
16090,6
16095,6
16110,4
16115,4
16135,1
16135,4
16155,6
16175,10
16190,1
16225,6
16245,1
16245,4
16250,4
16265,1
16270,4
16270,12
16270,6
16275,7
16290,1
16290,10
16295,4
16315,1
16320,8
16340,11
16345,12
16350,7
16370,1
16425,1
16470,12
16475,7
16480,1
16485,4
16505,1
16520,1
16575,1
16580,8
16630,1
16635,4
16660,4
16680,6
16700,4
16725,4
16745,1
16760,1
16775,12
16780,11
16785,10
16815,1
16830,1
16835,11
16840,10
16850,12
16855,7
16885,1
16890,11
16890,8
16895,12
16900,11
16905,12
16910,11
16915,10
16940,1
16945,8
16965,11
16970,12
16975,7
16975,12
16980,7
16995,1
17050,1
17055,8
17105,1
17120,1
17175,1
17190,1
17195,8
17245,1
17250,8
17300,1
17305,8
17355,12
17355,1
17360,8
17360,7
17410,1
17425,1
17440,1
17445,4
17470,4
17475,12
17480,11
17480,12
17485,10
17485,7
17490,1
17495,8
17535,11
17540,10
17545,1
17590,6
17600,1
17610,10
17615,1
17630,1
17660,6
17680,4
17685,1
17690,8
17705,4
17725,6
17740,1
17745,4
17745,4
17770,4
17770,4
17790,1
17790,1
17795,8
17795,4
17815,1
17845,1
17850,8
17860,12
17865,7
17870,1
17900,1
17915,1
17925,1
17930,4
17950,6
17970,4
17970,1
17985,1
17985,12
17990,7
17995,4
18020,4
18040,6
18040,1
18045,4
18060,4
18065,6
18080,6
18085,10
18100,4
18125,4
18135,6
18145,6
18155,4
18165,10
18180,4
18205,4
18215,6
18225,1
18230,4
18235,4
18250,6
18260,4
18270,4
18280,1
18285,8
18295,4
18315,1
18320,4
18335,1
18340,1
18345,4
18350,1
18355,8
18365,1
18365,12
18370,7
18405,1
18420,1
18425,8
18460,1
18465,8
18475,1
18480,8
18490,12
18495,7
18515,1
18520,8
18530,1
18570,1
18575,4
18585,1
18595,1
18600,8
18600,1
18650,1
18655,8
18655,1
18660,8
18705,1
18710,1
18715,4
18720,1
18740,4
18760,1
18775,1
18780,8
18815,1
18830,1
18830,1
18870,12
18875,7
18885,1
18885,1
18940,1
18940,1
18945,4
18970,4
18995,4
18995,1
18995,12
19000,11
19005,12
19010,7
19010,1
19015,1
19025,1
19070,1
19080,1
19085,4
19110,4
19125,1
19130,6
19130,8
19150,10
19180,1
19200,11
19205,10
19235,1
19250,1
19255,8
19255,11
19260,10
19305,1
19310,6
19310,8
19330,4
19355,4
19360,1
19365,4
19375,12
19380,7
19380,4
19390,4
19400,6
19415,4
19420,4
19440,6
19440,4
19460,10
19465,4
19485,1
19500,1
19510,6
19510,12
19515,11
19515,1
19520,4
19520,10
19530,4
19540,6
19555,4
19560,4
19570,11
19575,1
19575,10
19580,4
19580,1
19585,8
19600,6
19620,4
19625,6
19635,1
19640,1
19645,10
19655,1
19690,1
19695,8
19695,11
19700,12
19705,7
19710,1
19715,4
19735,1
19740,8
19745,1
19790,1
19800,1
19845,1
19850,8
19855,1
19880,12
19885,11
19890,12
19895,11
19900,10
19900,1
19905,8
19910,1
19950,6
19955,1
19965,1
19970,10
19970,1
19980,1
20020,6
20025,1
20030,8
20035,1
20040,4
20065,4
20080,1
20085,6
20090,1
20105,4
20125,1
20135,1
20140,4
20140,1
20145,8
20145,1
20165,4
20185,1
20190,4
20195,1
20200,1
20205,8
20205,12
20210,11
20215,10
20215,4
20235,1
20250,1
20250,1
20255,1
20265,11
20265,1
20270,12
20275,11
20280,10
20280,1
20285,8
20305,1
20310,1
20315,8
20320,1
20325,4
20330,6
20335,1
20340,8
20350,4
20350,4
20365,1
20370,4
20370,6
20375,4
20390,10
20390,1
20390,1
20395,6
20405,1
20415,10
20440,11
20445,10
20445,1
20450,8
20460,1
20465,6
20475,1
20485,4
20495,11
20500,10
20500,1
20510,4
20530,6
20530,1
20535,4
20550,11
20550,4
20555,12
20555,1
20555,1
20560,8
20560,7
20570,1
20575,4
20595,1
20610,1
20610,1
20610,1
20615,8
20615,4
20625,1
20635,1
20640,4
20640,1
20660,1
20665,1
20670,8
20675,1
20680,8
20695,1
20700,4
20720,6
20720,1
20730,1
20740,10
20745,1
20750,4
20775,1
20775,4
20790,11
20795,10
20800,4
20820,6
20830,1
20835,4
20840,4
20845,11
20850,10
20860,6
20860,4
20880,10
20885,4
20900,11
20905,1
20905,12
20910,11
20915,10
20930,6
20950,10
20960,1
20965,11
20970,10
21000,6
21015,1
21020,6
21020,4
21020,4
21040,10
21040,6
21045,4
21060,10
21060,12
21065,11
21065,1
21070,8
21070,12
21075,7
21090,11
21095,10
21110,6
21120,1
21130,10
21145,11
21150,10
21175,1
21180,8
21180,11
21185,10
21200,11
21205,12
21210,7
21230,1
21235,6
21255,10
21285,1
21305,11
21310,12
21315,7
21340,1
21345,8
21395,1
21450,1
21505,1
21510,4
21530,6
21550,10
21575,12
21580,7
21600,6
21620,10
21670,11
21675,12
21680,7
21710,12
21715,7
21815,12
21820,11
21825,12
21830,11
21835,12
21840,11
21845,12
21850,11
21855,12
21860,11
21865,10
21915,11
21920,12
21925,7
22080,12
22085,7
22180,12
22185,11
22190,10
22215,12
22220,11
22225,10
22240,11
22245,12
22250,7
22275,11
22280,12
22285,11
22290,12
22295,7
22425,12
22430,7
22585,12
22590,7
22750,12
22755,11
22760,10
22795,12
22800,11
22805,10
22810,11
22815,10
22855,11
22860,10
22865,6
22885,10
22910,6
22930,4
22930,12
22935,11
22935,7
22940,12
22945,7
22950,6
22970,4
22990,1
22995,8
23045,1
23090,12
23095,11
23100,1
23100,10
23105,4
23125,1
23150,11
23155,10
23180,1
23185,8
23205,11
23210,12
23215,11
23220,10
23235,1
23270,6
23290,4
23290,1
23305,1
23310,8
23315,4
23335,6
23355,10
23360,1
23365,8
23405,6
23415,1
23420,8
23425,4
23435,12
23440,7
23445,12
23450,7
23450,4
23470,6
23470,1
23475,4
23490,4
23500,4
23510,6
23520,1
23525,4
23530,4
23545,1
23550,6
23570,10
23600,1
23620,6
23640,10
23655,1
23660,4
23680,1
23690,11
23695,10
23735,1
23745,6
23765,4
23785,1
23790,1
23840,1
23845,1
23860,1
23875,1
23880,4
23895,1
23900,1
23910,1
23915,4
23915,1
23935,6
23940,12
23945,7
23950,12
23955,10
23955,7
23970,1
23975,8
24005,6
24025,1
24025,4
24050,4
24075,4
24080,1
24095,1
24100,4
24100,4
24120,1
24125,4
24125,4
24150,4
24150,4
24170,1
24175,4
24200,4
24220,6
24225,1
24230,8
24240,4
24260,1
24280,1
24295,1
24300,8
24315,1
24350,1
24355,8
24370,1
24405,1
24410,8
24425,1
24430,4
24445,12
24450,1
24450,7
24455,8
24455,12
24460,1
24460,7
24505,1
24515,1
24520,1
24570,1
24575,1
24585,1
24590,1
24595,4
24620,4
24640,1
24645,4
24665,6
24685,4
24695,1
24700,4
24705,6
24720,1
24725,4
24750,4
24775,1
24775,4
24795,6
24815,4
24830,1
24835,6
24855,4
24880,4
24885,1
24890,8
24900,6
24920,10
24940,1
24945,4
24950,12
24955,11
24960,12
24960,10
24965,7
24970,11
24970,4
24975,12
24980,11
24985,12
24990,6
24990,11
24995,12
25000,7
25010,10
25010,6
25030,10
25060,6
25080,10
25080,11
25085,10
25130,6
25135,11
25140,12
25145,11
25150,4
25150,12
25155,7
25175,4
25195,6
25215,10
25265,6
25285,4
25305,1
25320,1
25325,8
25375,1
25430,1
25445,1
25450,8
25465,12
25470,11
25475,12
25480,7
25500,12
25500,1
25505,11
25510,10
25515,1
25520,8
25560,6
25570,1
25575,4
25580,10
25600,4
25620,1
25630,6
25650,10
25655,12
25660,11
25665,12
25670,11
25675,10
25675,1
25680,4
25700,6
25700,1
25720,10
25725,11
25730,10
25755,1
25760,4
25770,6
25780,11
25780,6
25785,10
25790,4
25800,10
25810,1
25835,11
25840,12
25845,11
25850,10
25850,11
25855,10
25865,1
25900,11
25905,12
25905,11
25910,10
25910,11
25915,12
25920,7
25920,1
25960,11
25965,10
25975,1
25980,12
25985,11
25990,10
25990,1
25995,8
26015,11
26020,10
26040,11
26045,1
26045,10
26050,8
26070,11
26075,10
26095,6
26100,1
26115,4
26125,6
26140,4
26145,4
26155,1
26160,4
26165,6
26165,4
26180,6
26185,4
26185,1
26200,4
26200,1
26205,6
26205,4
26225,10
26225,6
26225,4
26245,10
26250,4
26275,11
26275,4
26280,12
26285,7
26295,11
26300,4
26300,12
26305,7
26320,1
26375,1
26380,8
26420,12
26425,7
26430,1
26445,1
26500,1
26515,1
26570,1
26625,1
26630,4
26655,4
26680,4
26700,6
26720,4
26745,4
26765,6
26785,12
26785,10
26790,7
26805,12
26810,11
26815,10
26835,6
26855,10
26865,6
26885,4
26905,6
26905,1
26920,1
26925,4
26925,12
26930,7
26945,6
26965,4
26975,1
26980,4
26985,1
27000,6
27020,10
27040,1
27055,1
27070,6
27070,1
27075,4
27090,4
27100,4
27115,4
27120,6
27135,1
27140,10
27190,1
27190,6
27195,8
27210,10
27245,1
27250,4
27260,11
27265,12
27270,6
27270,11
27275,12
27280,11
27285,10
27290,10
27290,12
27295,11
27300,12
27305,11
27310,12
27315,7
27335,11
27340,10
27340,11
27345,10
27390,6
27395,6
27410,10
27415,10
27430,12
27435,11
27440,10
27460,6
27465,11
27470,10
27480,4
27490,6
27500,1
27510,10
27520,6
27540,10
27555,1
27560,11
27565,12
27570,7
27590,11
27595,12
27600,11
27605,12
27610,1
27610,7
27625,1
27640,1
27655,1
27710,1
27765,1
27770,8
27815,12
27820,11
27820,1
27825,10
27875,11
27875,1
27880,4
27880,10
27905,4
27925,6
27930,11
27935,12
27940,11
27945,4
27945,12
27950,7
27965,1
27970,8
28020,1
28025,8
28070,12
28075,1
28075,11
28080,12
28085,11
28090,12
28090,1
28095,7
28110,12
28115,11
28120,12
28125,11
28130,12
28135,11
28140,10
28145,1
28190,11
28195,12
28200,1
28200,7
28215,1
28230,1
28235,4
28260,4
28280,1
28285,8
28335,1
28340,4
28360,1
28375,1
28380,4
28405,4
28425,1
28450,12
28455,11
28460,12
28465,7
28480,1
28495,1
28550,1
28595,12
28600,11
28605,12
28605,1
28610,4
28610,7
28630,1
28645,1
28660,1
28665,4
28690,4
28700,12
28705,11
28710,6
28710,12
28715,11
28720,10
28730,4
28755,4
28770,6
28775,6
28790,10
28795,4
28815,1
28840,11
28845,10
28870,1
28895,11
28900,12
28905,11
28910,10
28925,1
28960,11
28965,12
28965,10
28970,7
28980,1
29015,11
29020,12
29025,11
29030,10
29035,1
29040,8
29080,6
29090,1
29095,8
29100,4
29110,12
29115,7
29125,4
29145,1
29150,4
29170,6
29190,10
29200,1
29240,11
29245,12
29250,7
29255,1
29310,1
29325,1
29330,8
29380,1
29435,1
29470,12
29475,11
29480,10
29490,1
29495,8
29530,6
29545,1
29550,10
29600,11
29600,1
29605,12
29610,11
29615,12
29615,1
29615,10
29620,7
29630,1
29645,1
29650,4
29665,11
29670,10
29670,6
29690,4
29710,6
29720,6
29730,4
29740,10
29750,12
29750,1
29755,11
29760,12
29765,7
29790,6
29805,1
29810,4
29835,4
29860,4
29860,1
29875,1
29885,4
29905,6
29925,10
29930,1
29935,8
29975,6
29985,1
29995,4
30020,4
30040,1
30045,4
30045,4
30065,6
30065,6
30085,4
30085,10
30110,4
30120,12
30125,11
30130,6
30130,12
30135,7
30135,11
30140,10
30150,4
30175,4
30190,11
30195,12
30195,1
30200,7
30250,1
30255,8
30265,12
30270,11
30275,10
30305,1
30310,4
30325,11
30330,1
30330,12
30335,11
30340,10
30385,1
30390,4
30390,11
30395,12
30400,11
30405,12
30410,11
30410,1
30415,12
30420,11
30425,1
30425,10
30475,6
30480,1
30485,8
30495,10
30535,1
30545,11
30550,10
30590,1
30595,8
30600,6
30620,4
30635,12
30640,6
30640,7
30645,1
30660,1
30660,10
30700,12
30705,7
30710,6
30715,1
30720,8
30730,4
30750,6
30770,4
30770,1
30785,1
30790,1
30805,1
30810,4
30830,1
30835,8
30840,1
30885,1
30890,8
30895,1
30900,4
30920,6
30940,10
30940,1
30990,11
30995,12
30995,1
31000,11
31005,10
31050,1
31055,11
31060,12
31065,1
31065,11
31070,12
31075,11
31080,12
31085,11
31090,12
31095,11
31100,10
31120,1
31140,12
31145,11
31150,11
31150,10
31155,12
31160,7
31175,1
31180,8
31200,11
31205,12
31205,12
31210,7
31210,7
31230,1
31235,8
31285,1
31290,4
31310,1
31315,4
31335,6
31355,4
31380,4
31400,1
31405,8
31455,1
31470,1
31475,8
31525,1
31540,1
31555,1
31610,1
31660,12
31665,1
31665,11
31670,12
31675,11
31680,12
31685,11
31690,10
31710,12
31710,12
31715,11
31715,7
31720,10
31720,1
31735,1
31740,6
31760,10
31770,11
31775,12
31780,11
31785,10
31790,1
31795,8
31810,11
31815,12
31820,11
31825,12
31830,11
31835,10
31835,11
31840,10
31845,1
31860,1
31865,4
31885,11
31885,1
31890,6
31890,12
31895,11
31900,12
31905,11
31910,4
31910,12
31915,7
31935,4
31940,1
31945,8
31955,6
31975,10
31995,1
32000,4
32025,11
32025,4
32030,12
32035,7
32045,6
32065,10
32115,6
32135,4
32155,1
32170,1
32185,1
32190,4
32215,12
32215,4
32220,11
32225,12
32230,7
32240,4
32265,4
32285,6
32305,10
32355,6
32375,10
32415,12
32420,11
32425,11
32425,10
32430,12
32435,11
32440,10
32475,11
32480,10
32490,11
32495,12
32500,7
32530,11
32535,12
32535,10
32540,11
32545,12
32550,11
32555,10
32585,6
32605,10
32605,11
32610,12
32615,11
32620,12
32625,7
32655,11
32660,12
32665,11
32670,10
32720,11
32725,12
32730,11
32730,12
32735,10
32735,11
32740,12
32745,7
32785,11
32790,10
32840,11
32845,10
32895,11
32900,10
32950,11
32955,12
32960,11
32965,12
32970,11
32975,10
33000,12
33005,7
33025,11
33030,10
33080,6
33100,10
33125,12
33130,7
33150,6
33170,10
33220,11
33225,10
33245,12
33250,11
33255,12
33260,7
33275,11
33280,10
33330,6
33350,4
33375,4
33395,6
33415,10
33465,11
33470,12
33475,11
33480,12
33485,11
33490,10
33505,12
33510,11
33515,10
33540,11
33545,10
33565,6
33585,4
33595,11
33600,12
33605,1
33605,11
33610,10
33630,12
33635,11
33640,12
33645,11
33650,12
33655,11
33660,10
33660,11
33660,1
33665,12
33670,7
33675,1
33680,8
33710,11
33715,12
33720,11
33725,10
33730,1
33760,12
33765,7
33775,11
33780,12
33785,1
33785,7
33800,1
33855,1
33870,1
33925,1
33980,1
33995,1
34050,1
34055,4
34075,1
34080,8
34130,1
34145,1
34170,12
34175,11
34180,10
34200,1
34230,6
34250,10
34255,1
34260,8
34265,12
34270,7
34285,12
34290,11
34295,12
34300,11
34300,6
34305,12
34310,7
34310,1
34315,8
34320,4
34345,4
34365,1
34365,1
34420,1
34420,1
34435,1
34440,4
34460,6
34475,1
34480,10
34530,11
34530,1
34535,12
34540,7
34585,1
34600,1
34655,1
34710,1
34765,1
34770,12
34770,8
34775,7
34810,12
34815,7
34820,1
34825,4
34845,1
34850,8
34900,1
34905,8
34955,1
34960,8
35010,1
35040,12
35045,7
35065,1
35120,1
35175,1
35230,1
35245,1
35250,8
35275,12
35280,7
35300,1
35315,12
35320,11
35325,10
35355,1
35375,11
35380,12
35385,11
35390,12
35395,7
35410,1
35465,1
35520,1
35545,12
35550,7
35575,1
35630,1
35635,4
35655,1
35710,1
35715,4
35735,1
35740,4
35765,4
35780,12
35785,1
35785,7
35840,1
35895,1
35895,12
35900,11
35905,10
35950,1
35955,6
35975,10
36005,1
36025,6
36045,4
36050,12
36055,11
36060,1
36060,12
36065,7
36065,1
36070,8
36115,1
36120,4
36120,1
36140,6
36160,10
36175,1
36180,4
36205,4
36210,11
36215,10
36230,4
36255,4
36265,6
36275,6
36285,4
36285,12
36290,11
36295,12
36295,4
36300,11
36305,1
36305,10
36320,1
36320,4
36340,1
36345,8
36355,6
36375,10
36375,1
36395,1
36400,4
36420,6
36425,11
36430,12
36430,1
36435,11
36440,4
36440,10
36445,1
36465,4
36490,6
36490,4
36500,1
36505,8
36510,6
36510,10
36530,4
36550,1
36555,4
36555,1
36560,6
36565,12
36570,7
36575,1
36580,10
36580,4
36600,1
36610,1
36615,4
36615,1
36620,4
36630,11
36635,10
36635,6
36645,4
36655,10
36670,4
36685,6
36695,4
36705,11
36705,4
36710,10
36715,6
36725,1
36735,10
36740,1
36760,6
36780,10
36785,6
36795,1
36805,10
36810,1
36815,8
36830,11
36835,12
36840,11
36845,10
36855,11
36860,12
36865,1
36865,11
36870,12
36875,7
36895,6
36915,10
36920,1
36965,6
36975,1
36985,10
36990,1
37035,6
37045,1
37050,4
37055,10
37070,6
37070,12
37075,7
37090,10
37105,11
37110,12
37115,7
37140,6
37160,10
37210,6
37230,10
37280,11
37285,12
37290,7
37375,12
37380,11
37385,10
37435,6
37455,4
37480,4
37500,1
37515,1
37520,4
37540,6
37560,10
37575,12
37580,7
37610,11
37615,10
37615,12
37620,11
37625,12
37630,7
37665,6
37685,4
37705,1
37710,4
37730,6
37750,10
37790,12
37795,11
37800,10
37800,6
37820,4
37840,6
37850,6
37860,10
37870,4
37890,1
37905,1
37910,6
37910,8
37930,4
37950,1
37960,1
37965,1
38015,1
38020,1
38070,1
38075,4
38075,1
38080,8
38080,12
38085,11
38090,10
38095,6
38115,4
38130,1
38130,12
38135,6
38135,11
38140,11
38140,10
38145,10
38155,10
38185,1
38190,8
38190,6
38195,6
38205,6
38210,4
38215,4
38225,4
38235,4
38240,1
38240,4
38245,4
38245,1
38260,6
38260,4
38270,4
38280,10
38285,4
38290,6
38300,1
38305,1
38310,10
38310,8
38330,6
38350,10
38355,1
38360,11
38360,8
38360,1
38365,12
38370,11
38375,1
38375,12
38380,7
38400,11
38405,10
38410,1
38415,4
38430,1
38435,6
38435,8
38455,10
38455,6
38475,10
38485,1
38490,8
38505,11
38510,12
38515,7
38525,11
38530,10
38540,1
38555,1
38580,6
38600,10
38610,1
38625,1
38650,11
38655,10
38680,1
38705,11
38710,12
38715,11
38720,10
38735,1
38750,1
38755,8
38770,6
38790,10
38805,1
38810,4
38830,6
38840,11
38845,12
38850,4
38850,11
38855,10
38870,1
38875,4
38880,12
38885,7
38895,1
38900,4
38905,11
38910,10
38925,4
38945,1
38960,11
38965,12
38970,7
39000,1
39015,12
39015,1
39020,11
39025,12
39030,11
39030,1
39035,10
39045,1
39050,4
39075,4
39085,11
39090,12
39095,7
39095,1
39100,8
39150,1
39155,4
39180,4
39205,4
39225,6
39245,4
39270,4
39290,1
39295,8
39345,1
39385,12
39390,7
39400,1
39455,1
39460,8
39470,12
39475,11
39480,12
39485,11
39490,10
39510,1
39525,1
39540,6
39540,1
39560,10
39595,1
39595,12
39600,7
39610,1
39610,11
39615,10
39625,1
39630,4
39650,1
39665,6
39665,1
39680,1
39685,4
39685,4
39705,1
39710,4
39720,1
39725,8
39730,6
39750,10
39775,1
39780,8
39800,6
39820,10
39830,1
39870,11
39875,10
39885,1
39890,4
39890,12
39895,11
39900,10
39915,4
39925,6
39940,4
39945,4
39950,6
39960,6
39970,4
39970,10
39980,10
39990,1
39995,8
40020,11
40025,12
40030,11
40030,11
40035,10
40035,10
40045,1
40050,4
40070,1
40075,8
40085,11
40085,11
40090,12
40090,12
40095,11
40095,7
40100,12
40100,10
40105,11
40110,10
40125,1
40140,1
40150,11
40155,12
40160,7
40160,11
40165,10
40195,1
40215,11
40220,10
40250,1
40255,4
40270,11
40275,1
40275,10
40280,4
40300,1
40325,11
40330,12
40335,7
40355,1
40360,4
40380,1
40385,8
40435,1
40490,1
40545,1
40595,12
40600,11
40600,1
40605,10
40605,4
40625,1
40655,11
40660,12
40660,12
40665,11
40665,11
40670,12
40670,10
40675,11
40680,1
40680,12
40685,8
40685,7
40720,11
40725,12
40730,11
40735,10
40735,1
40785,6
40790,1
40795,4
40805,4
40820,4
40830,4
40835,12
40840,6
40840,7
40855,4
40860,4
40875,6
40880,1
40895,10
40895,1
40910,1
40915,4
40935,6
40945,11
40950,10
40955,10
41000,11
41005,10
41005,6
41025,4
41045,6
41055,11
41060,10
41065,10
41110,11
41115,10
41115,11
41120,10
41165,6
41170,11
41175,10
41185,10
41185,12
41190,11
41195,12
41200,7
41225,6
41235,11
41240,12
41245,7
41245,4
41270,4
41295,4
41315,1
41320,4
41340,6
41340,12
41345,11
41350,10
41360,10
41400,6
41410,6
41420,10
41430,10
41470,6
41480,6
41490,4
41500,10
41510,1
41515,4
41535,6
41550,6
41555,4
41570,10
41575,1
41590,1
41620,6
41640,4
41645,1
41660,1
41675,1
41680,4
41700,1
41700,1
41700,12
41705,8
41705,7
41715,1
41745,12
41750,11
41755,10
41755,1
41770,1
41805,11
41810,1
41810,12
41815,7
41825,1
41840,1
41865,1
41870,4
41890,6
41895,1
41910,10
41910,1
41925,1
41930,4
41950,1
41960,6
41965,1
41970,4
41980,4
41995,4
42000,6
42020,4
42020,10
42040,6
42060,10
42070,11
42075,10
42110,6
42125,6
42130,10
42145,10
42180,6
42195,6
42200,10
42205,12
42210,11
42215,10
42215,10
42250,6
42265,6
42265,11
42270,4
42270,12
42275,11
42280,10
42285,10
42290,1
42305,1
42310,8
42315,12
42320,7
42330,6
42335,11
42340,12
42345,11
42350,10
42350,10
42360,1
42400,11
42400,6
42405,10
42415,1
42420,8
42420,10
42455,6
42470,6
42470,1
42475,4
42475,10
42490,10
42500,4
42525,4
42525,6
42540,6
42545,1
42545,10
42560,4
42585,4
42595,11
42600,12
42600,1
42605,11
42605,1
42610,10
42610,4
42635,4
42655,6
42655,1
42660,6
42675,4
42680,4
42700,1
42700,4
42705,8
42710,1
42715,8
42720,1
42755,1
42765,1
42770,8
42775,1
42780,4
42805,4
42810,1
42820,1
42820,12
42825,11
42825,1
42830,12
42835,7
42865,1
42875,1
42880,8
42880,1
42880,1
42885,4
42905,1
42930,1
42935,1
42950,1
42960,1
42965,8
42985,1
43005,1
43015,1
43040,1
43055,1
43060,1
43070,1
43085,1
43090,8
43110,1
43115,1
43120,8
43140,1
43145,8
43165,1
43170,1
43195,1
43220,1
43225,1
43230,4
43250,1
43250,1
43255,4
43275,6
43275,1
43280,4
43295,4
43300,1
43305,1
43310,4
43315,1
43320,4
43330,1
43335,8
43335,12
43340,7
43345,4
43355,1
43370,4
43385,1
43390,8
43395,4
43410,1
43415,1
43430,1
43435,4
43440,1
43460,4
43465,1
43480,1
43480,6
43495,1
43495,1
43500,4
43510,1
43520,6
43540,10
43550,1
43565,1
43565,1
43580,1
43590,11
43595,10
43620,1
43635,1
43640,8
43645,11
43650,12
43655,11
43660,12
43665,7
43675,1
43680,4
43690,1
43705,1
43705,4
43710,4
43730,4
43735,4
43755,6
43755,4
43775,4
43780,4
43800,4
43805,4
43825,4
43830,4
43840,12
43845,6
43845,7
43855,4
43865,10
43880,4
43905,4
43915,11
43920,10
43925,1
43930,4
43950,1
43970,11
43975,10
44005,1
44025,11
44030,12
44035,7
44060,1
44065,4
44085,6
44105,4
44125,6
44145,4
44165,12
44170,4
44170,7
44190,1
44195,8
44245,1
44260,1
44315,1
44330,1
44335,8
44345,12
44350,7
44385,1
44390,8
44440,1
44455,1
44510,1
44515,8
44535,12
44540,11
44545,12
44550,11
44555,12
44560,7
44565,1
44620,1
44625,4
44645,1
44650,8
44670,12
44675,7
44700,1
44715,1
44770,1
44825,1
44830,8
44850,12
44855,7
44880,1
44885,8
44935,1
44950,1
45005,1
45060,1
45060,12
45065,11
45070,12
45075,11
45075,1
45080,8
45080,10
45130,6
45130,1
45135,4
45150,10
45155,1
45160,4
45175,12
45180,1
45180,7
45200,6
45220,4
45235,1
45240,1
45245,8
45290,1
45295,1
45305,1
45310,4
45310,1
45335,4
45355,12
45360,11
45360,4
45365,1
45365,10
45380,6
45400,4
45415,11
45420,1
45420,1
45420,10
45425,4
45450,4
45470,6
45475,1
45475,4
45480,4
45490,10
45495,6
45505,4
45515,10
45530,4
45540,11
45545,10
45550,1
45565,11
45570,12
45575,7
45595,11
45600,12
45605,1
45605,7
45610,8
45660,1
45675,1
45680,12
45680,8
45685,11
45690,10
45730,1
45740,6
45760,10
45785,1
45790,4
45810,11
45810,6
45815,12
45820,11
45825,10
45830,4
45850,1
45855,4
45875,1
45875,11
45880,10
45890,1
45930,11
45935,12
45940,11
45945,12
45945,1
45950,7
46000,1
46005,4
46025,6
46045,10
46075,12
46080,7
46095,11
46100,12
46105,11
46105,12
46110,10
46110,7
46160,6
46180,4
46200,1
46215,1
46220,4
46240,1
46245,4
46270,4
46290,1
46295,4
46315,6
46335,10
46385,6
46405,10
46450,12
46455,11
46455,6
46460,12
46465,11
46470,12
46475,10
46475,11
46480,12
46485,7
46525,6
46545,10
46580,12
46585,7
46595,6
46610,12
46615,7
46615,10
46665,11
46670,10
46720,11
46725,10
46775,6
46795,4
46815,6
46835,10
46885,11
46890,12
46895,11
46900,12
46905,11
46910,12
46915,7
46985,12
46990,7
47085,12
47090,7
47115,12
47120,11
47125,12
47130,7
47415,12
47420,7
47490,12
47495,11
47500,12
47505,11
47510,12
47515,11
47520,12
47525,7
47590,12
47595,7
47630,12
47635,11
47640,12
47645,7
47920,12
47925,7
48025,12
48030,7
48095,12
48100,11
48105,12
48110,7
48145,12
48150,11
48155,12
48160,11
48165,12
48170,7
48425,12
48430,7
48530,12
48535,7
48610,12
48615,11
48620,10
48670,6
48670,12
48675,11
48680,10
48690,4
48715,4
48730,11
48735,10
48740,4
48760,6
48780,10
48785,6
48805,10
48830,6
48850,10
48855,6
48875,4
48900,4
48900,6
48920,4
48920,6
48930,12
48935,11
48940,10
48940,6
48940,10
48960,10
48990,6
48990,6
49010,11
49010,10
49010,10
49015,10
49035,12
49040,11
49045,10
49060,11
49060,6
49065,11
49065,10
49070,12
49075,11
49080,12
49080,4
49085,11
49090,12
49095,11
49095,7
49100,10
49105,4
49115,6
49125,6
49135,10
49145,4
49150,6
49165,6
49170,4
49185,10
49185,6
49190,6
49205,10
49210,4
49230,6
49235,11
49240,12
49245,11
49250,10
49250,12
49255,11
49255,7
49260,12
49265,7
49300,6
49320,10
49370,11
49375,10
49425,6
49445,10
49495,11
49500,10
49550,6
49570,4
49590,6
49595,12
49600,7
49610,4
49635,4
49655,6
49675,4
49695,1
49750,1
49755,12
49760,7
49765,12
49770,7
49805,1
49810,8
49860,1
49915,1
49970,1
49975,8
50025,1
50040,1
50045,4
50065,1
50100,12
50105,7
50120,1
50175,1
50190,1
50205,1
50210,4
50235,4
50260,12
50260,4
50265,7
50270,12
50275,7
50285,4
50310,4
50335,4
50355,6
50375,10
50425,11
50430,12
50435,11
50440,12
50445,7
50605,12
50610,7
50765,12
50770,11
50775,10
50775,12
50780,7
50825,6
50845,10
50895,11
50900,12
50905,11
50910,10
50945,12
50950,11
50955,12
50960,11
50960,11
50965,12
50965,10
50970,7
51015,6
51035,4
51055,6
51075,4
51100,4
51110,12
51115,7
51120,1
51125,8
51175,1
51230,1
51280,12
51285,11
51285,1
51290,8
51290,12
51295,7
51340,1
51345,8
51395,1
51410,1
51415,4
51440,4
51460,6
51470,12
51475,11
51480,10
51480,4
51505,4
51525,1
51530,6
51550,10
51580,1
51600,11
51605,12
51610,7
51615,12
51620,11
51625,12
51630,7
51635,1
51690,1
51695,4
51715,6
51735,10
51785,6
51795,12
51800,7
51805,4
51825,6
51845,10
51895,6
51915,4
51940,4
51960,6
51980,10
52030,6
52050,4
52070,1
52085,1
52110,12
52115,7
52130,12
52135,11
52140,12
52140,1
52145,7
52195,1
52200,8
52250,1
52255,8
52300,12
52305,1
52305,11
52310,10
52360,11
52360,1
52365,12
52370,11
52375,12
52375,1
52380,8
52380,11
52385,10
52430,1
52435,6
52455,4
52475,1
52480,8
52485,1
52490,4
52515,4
52530,1
52535,6
52535,8
52555,10
52585,1
52605,11
52610,10
52615,12
52620,7
52640,1
52645,12
52645,4
52650,11
52655,10
52660,6
52665,1
52680,10
52705,11
52710,10
52720,1
52730,11
52735,10
52760,6
52775,1
52780,10
52785,6
52805,10
52830,1
52830,11
52835,10
52855,11
52860,10
52885,11
52885,1
52890,12
52895,7
52910,11
52915,10
52940,1
52945,4
52965,6
52970,4
52985,4
52990,6
53005,1
53010,4
53010,10
53030,6
53050,10
53060,6
53080,4
53100,11
53105,10
53105,4
53120,12
53125,1
53125,11
53130,4
53130,12
53135,7
53150,6
53155,11
53160,10
53170,4
53190,6
53210,11
53210,4
53215,10
53230,1
53265,11
53270,12
53275,11
53280,12
53285,1
53285,11
53290,10
53300,1
53340,11
53345,10
53355,1
53395,12
53395,6
53400,11
53405,12
53410,1
53410,11
53415,10
53415,4
53425,1
53440,4
53460,6
53465,6
53480,4
53480,1
53485,4
53500,6
53505,1
53510,4
53520,10
53530,6
53535,1
53540,8
53550,4
53570,1
53570,6
53590,4
53590,1
53605,1
53610,1
53620,1
53625,4
53625,1
53630,8
53635,12
53640,7
53645,1
53665,1
53670,4
53680,1
53695,4
53700,1
53715,1
53720,4
53730,1
53735,1
53740,8
53740,6
53760,4
53780,1
53785,1
53790,1
53795,4
53800,1
53820,4
53835,1
53840,1
53855,1
53870,1
53875,4
53890,1
53895,6
53895,1
53915,4
53935,1
53940,4
53945,1
53950,8
53950,1
53955,4
53960,6
53975,6
53980,10
53995,10
54000,1
54030,6
54045,6
54050,10
54055,1
54065,10
54070,1
54075,4
54095,1
54100,6
54110,1
54115,11
54115,4
54120,10
54120,12
54125,11
54130,12
54135,11
54135,6
54140,12
54140,12
54145,7
54145,11
54150,12
54155,4
54155,7
54170,11
54175,10
54175,1
54225,11
54230,12
54230,1
54235,7
54285,1
54290,4
54315,4
54340,4
54360,1
54365,8
54415,1
54470,1
54525,1
54580,1
54585,8
54635,1
54645,12
54650,7
54655,12
54660,7
54690,1
54735,12
54740,11
54745,10
54745,1
54760,1
54765,8
54795,11
54800,10
54815,1
54820,4
54840,1
54845,4
54850,11
54855,12
54860,11
54865,6
54865,10
54885,10
54915,11
54920,12
54925,11
54930,12
54935,11
54935,11
54940,12
54940,12
54945,11
54945,11
54950,12
54950,12
54955,7
54955,11
54960,10
55010,11
55015,10
55065,6
55085,4
55105,1
55120,1
55125,4
55145,6
55150,12
55155,11
55160,10
55160,12
55165,4
55165,7
55185,1
55200,1
55210,6
55215,1
55230,1
55230,4
55255,4
55280,4
55285,1
55290,8
55300,6
55320,10
55340,1
55345,8
55370,11
55375,12
55380,7
55395,1
55450,1
55455,12
55460,11
55465,10
55505,1
55515,6
55535,4
55555,1
55560,4
55560,1
55565,8
55585,4
55610,4
55615,1
55630,1
55630,6
55650,4
55665,12
55670,6
55670,7
55685,1
55690,10
55740,1
55740,6
55760,4
55785,4
55795,1
55805,6
55810,1
55825,4
55845,1
55865,1
55880,12
55880,1
55885,11
55890,10
55900,1
55905,4
55925,6
55935,1
55940,4
55940,6
55945,10
55960,4
55960,6
55980,4
55985,4
55995,6
56000,1
56005,1
56015,4
56020,1
56035,1
56035,1
56040,4
56040,4
56055,1
56060,4
56060,6
56065,4
56080,10
56080,6
56085,6
56100,10
56105,4
56125,6
56130,11
56135,10
56145,4
56150,6
56170,10
56170,12
56170,4
56175,11
56180,10
56185,6
56190,1
56205,10
56220,6
56230,11
56235,10
56240,4
56245,1
56250,4
56255,11
56260,10
56260,1
56270,6
56275,1
56285,11
56290,4
56290,10
56310,6
56310,11
56315,12
56320,7
56330,10
56330,1
56340,6
56345,1
56360,4
56380,1
56380,6
56400,10
56400,1
56405,4
56425,1
56430,4
56435,1
56440,8
56450,1
56450,11
56455,10
56455,4
56480,4
56490,1
56500,6
56505,11
56505,1
56510,10
56520,1
56520,4
56525,8
56540,6
56560,11
56560,10
56565,12
56570,7
56575,1
56590,1
56610,6
56630,4
56645,1
56655,4
56680,4
56700,6
56700,1
56705,8
56720,10
56755,1
56760,8
56770,6
56790,10
56810,1
56815,8
56820,12
56825,7
56840,11
56845,10
56865,1
56880,1
56895,11
56900,12
56905,7
56935,1
56990,1
57005,1
57060,1
57070,12
57075,11
57080,10
57115,1
57120,8
57130,11
57135,10
57170,1
57185,6
57205,4
57225,1
57225,1
57240,1
57245,4
57265,1
57280,1
57280,1
57325,12
57330,7
57335,1
57335,1
57340,4
57340,8
57360,6
57380,10
57390,1
57405,12
57410,11
57415,12
57420,7
57430,6
57445,1
57450,4
57450,10
57470,1
57500,11
57505,12
57510,7
57525,1
57530,4
57555,4
57575,6
57595,10
57645,11
57650,12
57655,7
57830,12
57835,7
57920,12
57925,11
57930,12
57935,11
57940,12
57945,11
57950,12
57955,7
58010,12
58015,11
58020,12
58025,11
58030,12
58035,7
58155,12
58160,11
58165,12
58170,11
58175,12
58180,11
58185,10
58235,6
58255,4
58275,1
58330,1
58335,12
58340,7
58385,1
58390,8
58440,1
58445,8
58455,12
58460,11
58465,12
58470,7
58495,1
58500,4
58520,1
58535,12
58540,7
58575,1
58580,8
58630,1
58685,1
58740,1
58745,4
58765,1
58770,4
58790,6
58810,10
58840,12
58845,11
58850,10
58860,6
58880,4
58900,11
58900,1
58905,4
58905,12
58910,11
58915,12
58920,11
58925,6
58925,12
58930,7
58945,10
58970,12
58975,11
58980,10
58995,11
59000,12
59005,11
59010,10
59030,11
59035,10
59040,12
59045,7
59060,11
59065,12
59070,7
59085,6
59105,4
59125,6
59145,10
59195,11
59200,10
59250,6
59270,10
59320,6
59340,10
59390,6
59410,10
59430,12
59435,11
59440,12
59445,7
59460,11
59465,12
59470,11
59475,12
59480,7
59545,12
59550,7
59570,12
59575,7
59945,12
59950,7
59980,12
59985,11
59990,12
59995,7
60050,12
60055,11
60060,12
60065,7
60075,12
60080,11
60085,12
60090,11
60095,12
60100,7
60450,12
60455,11
60460,12
60465,11
60470,10
60495,12
60500,7
60520,6
60540,4
60565,4
60565,12
60570,7
60590,4
60600,12
60605,7
60610,1
60615,4
60640,4
60660,1
60675,1
60690,1
60745,1
60800,1
60815,1
60820,8
60870,1
60875,8
60925,1
60980,1
61000,12
61005,7
61035,1
61070,12
61075,11
61080,12
61085,11
61090,10
61090,1
61095,8
61105,12
61110,7
61140,11
61145,1
61145,10
61160,1
61175,1
61180,8
61195,6
61215,10
61230,1
61235,4
61255,6
61265,11
61270,12
61275,4
61275,11
61280,10
61295,6
61315,10
61330,6
61350,10
61365,6
61385,4
61400,6
61410,4
61420,4
61430,6
61440,1
61450,10
61495,1
61500,4
61500,11
61505,12
61505,10
61510,11
61515,12
61520,1
61520,7
61525,4
61550,4
61555,11
61560,10
61570,6
61590,10
61610,11
61610,12
61615,11
61615,10
61620,12
61625,11
61630,10
61640,11
61645,12
61650,7
61665,11
61670,12
61675,7
61680,6
61700,4
61725,4
61745,6
61765,10
61815,11
61820,10
61870,11
61875,10
61925,6
61945,10
61995,6
62015,10
62020,12
62025,7
62065,6
62085,4
62105,6
62125,4
62145,1
62150,12
62155,11
62160,1
62160,12
62165,11
62170,12
62175,11
62175,12
62180,7
62180,10
62215,1
62230,11
62235,12
62240,7
62270,1
62325,1
62330,4
62355,4
62375,6
62395,4
62420,4
62440,1
62495,1
62500,8
62525,12
62530,11
62535,10
62550,1
62585,11
62590,12
62595,7
62605,1
62610,4
62630,1
62680,12
62685,7
62685,1
62700,1
62705,8
62740,12
62745,7
62755,1
62760,8
62810,1
62865,1
62870,8
62920,1
62925,4
62945,1
63000,1
63005,4
63030,4
63055,4
63080,4
63095,12
63100,6
63100,11
63105,12
63110,11
63115,12
63120,11
63120,10
63125,12
63130,7
63170,11
63175,12
63180,7
63185,12
63190,11
63195,12
63200,7
63245,12
63250,7
63630,12
63635,7
63680,12
63685,7
63700,12
63705,7
63750,12
63755,7
64135,12
64140,11
64145,10
64185,12
64190,11
64195,11
64195,10
64200,12
64205,12
64205,7
64210,7
64245,11
64250,12
64255,11
64255,12
64260,10
64260,11
64265,10
64310,6
64315,6
64330,10
64335,10
64380,6
64385,6
64400,10
64405,4
64425,6
64445,4
64450,6
64465,6
64470,4
64485,10
64495,4
64520,4
64535,11
64540,10
64540,6
64560,10
64590,11
64595,12
64600,11
64605,10
64610,11
64615,12
64620,11
64625,10
64655,11
64660,12
64665,11
64670,10
64675,6
64695,4
64705,12
64710,11
64710,12
64715,10
64715,6
64715,7
64720,11
64725,10
64735,4
64755,1
64765,6
64770,1
64775,6
64775,4
64785,10
64795,1
64795,4
64800,8
64815,6
64835,11
64835,4
64840,10
64850,1
64855,6
64875,4
64890,6
64895,1
64900,4
64905,1
64910,4
64910,10
64925,4
64930,6
64950,10
64950,4
64960,6
64970,1
64980,10
65000,6
65020,10
65025,1
65030,4
65030,11
65035,10
65050,1
65065,1
65070,11
65075,12
65080,1
65080,7
65085,11
65090,10
65135,1
65140,11
65145,12
65150,7
65150,1
65165,1
65170,8
65215,12
65220,11
65220,1
65225,10
65235,1
65240,8
65275,6
65290,1
65295,10
65305,1
65345,6
65360,1
65365,10
65365,8
65415,11
65415,1
65420,10
65430,1
65470,6
65485,1
65490,4
65510,6
65530,10
65540,1
65545,8
65580,11
65580,12
65585,11
65585,12
65590,11
65590,12
65595,7
65595,1
65595,12
65600,11
65605,10
65650,1
65650,12
65655,6
65655,11
65660,10
65675,10
65705,1
65710,6
65725,6
65730,10
65745,10
65760,1
65775,1
65780,6
65790,1
65795,6
65800,10
65815,4
65835,6
65845,1
65850,4
65850,6
65855,10
65870,10
65870,1
65905,11
65910,10
65920,6
65925,1
65940,4
65960,11
65965,4
65965,10
65980,1
65990,4
66010,1
66015,11
66020,10
66035,1
66065,1
66070,6
66090,1
66090,10
66095,4
66095,12
66100,7
66115,6
66120,1
66125,4
66135,10
66140,6
66145,6
66160,4
66165,10
66180,6
66185,11
66190,12
66195,7
66200,10
66215,6
66235,4
66250,6
66255,1
66270,4
66290,6
66310,10
66310,1
66360,11
66365,12
66365,1
66370,11
66375,10
66380,1
66385,4
66410,4
66425,6
66430,1
66435,8
66445,10
66485,1
66495,6
66500,1
66505,4
66515,10
66530,4
66555,4
66565,6
66575,6
66585,10
66595,10
66600,12
66605,7
66635,6
66645,11
66650,10
66655,10
66695,12
66700,11
66700,6
66705,11
66705,12
66710,11
66710,10
66715,12
66720,11
66720,10
66725,12
66730,11
66735,12
66740,7
66760,11
66765,10
66770,6
66790,4
66810,6
66815,11
66820,10
66830,10
66870,6
66880,11
66885,12
66890,10
66890,11
66895,12
66900,7
66940,6
66960,4
66985,4
67005,6
67025,4
67045,1
67100,1
67105,8
67105,12
67110,7
67155,1
67170,1
67225,1
67230,8
67240,12
67245,7
67280,1
67335,1
67340,8
67390,1
67400,12
67405,7
67445,1
67450,8
67500,1
67505,8
67555,1
67560,8
67610,12
67610,1
67615,7
67665,1
67670,8
67720,1
67745,12
67750,11
67755,12
67760,7
67775,1
67830,1
67885,1
67905,12
67910,7
67940,1
67955,1
68010,1
68015,4
68040,4
68060,6
68080,4
68100,6
68115,12
68120,7
68120,4
68145,4
68165,1
68170,4
68190,6
68210,10
68260,12
68260,11
68265,12
68265,11
68270,7
68270,12
68275,11
68280,10
68330,6
68350,10
68400,6
68410,12
68415,7
68420,10
68470,11
68475,10
68525,6
68545,10
68595,11
68600,12
68605,7
68620,12
68625,7
68770,12
68775,7
68915,12
68920,11
68925,10
68975,11
68980,12
68985,11
68990,10
69040,11
69045,10
69095,6
69105,12
69110,11
69115,4
69115,10
69125,12
69130,7
69140,4
69165,11
69165,4
69170,12
69175,11
69180,10
69190,4
69210,1
69215,8
69230,6
69250,10
69265,1
69270,4
69275,12
69280,11
69285,12
69290,6
69290,7
69300,11
69305,10
69310,10
69355,11
69360,11
69360,10
69365,12
69370,11
69375,12
69380,11
69385,10
69410,11
69415,10
69435,6
69455,4
69465,6
69480,4
69485,10
69500,1
69505,8
69535,11
69540,10
69555,1
69590,11
69595,10
69610,1
69615,4
69630,12
69635,7
69640,4
69645,11
69650,12
69655,11
69660,10
69665,4
69690,4
69710,6
69715,4
69730,10
69735,1
69780,11
69785,10
69790,1
69790,12
69795,8
69795,7
69835,11
69840,12
69845,1
69845,7
69900,1
69915,1
69970,1
69985,1
70040,1
70045,4
70065,1
70120,1
70135,12
70140,7
70175,1
70180,8
70230,1
70285,1
70290,8
70295,12
70300,11
70305,12
70310,7
70340,1
70345,12
70345,8
70350,11
70355,12
70360,11
70365,12
70370,7
70395,1
70400,4
70420,1
70475,1
70490,1
70505,1
70510,4
70535,4
70560,4
70580,1
70635,1
70640,4
70640,12
70645,7
70660,1
70665,4
70690,4
70715,4
70735,1
70740,4
70760,6
70780,10
70810,12
70815,11
70820,12
70825,11
70830,6
70830,12
70835,7
70850,10
70870,12
70875,7
70900,6
70920,10
70970,11
70975,12
70980,7
71145,12
71150,11
71155,10
71205,6
71225,4
71245,6
71265,10
71315,6
71335,4
71335,12
71340,11
71345,12
71350,7
71355,1
71375,12
71380,11
71385,10
71410,1
71435,11
71440,10
71465,1
71480,12
71485,7
71490,11
71495,10
71520,1
71525,8
71545,11
71550,10
71575,1
71580,4
71600,6
71600,6
71620,10
71620,4
71645,4
71665,1
71670,8
71670,11
71675,10
71720,1
71725,4
71725,11
71730,10
71745,6
71765,4
71780,6
71785,6
71800,4
71805,4
71820,1
71825,1
71830,8
71850,12
71855,7
71875,1
71880,1
71930,1
71935,4
71935,1
71940,4
71955,6
71960,6
71975,4
71980,10
71985,12
71990,7
71995,6
72015,4
72030,6
72035,6
72050,10
72055,10
72100,6
72105,11
72110,12
72115,7
72120,4
72140,6
72160,4
72185,4
72205,1
72260,1
72315,1
72330,1
72355,12
72360,11
72365,12
72370,11
72375,12
72380,7
72385,1
72390,8
72440,1
72455,1
72490,12
72495,11
72500,10
72510,1
72525,1
72540,1
72550,11
72555,10
72555,1
72570,1
72585,1
72590,4
72605,6
72610,1
72615,12
72620,11
72625,10
72625,10
72665,1
72675,6
72675,6
72695,10
72695,4
72715,6
72720,1
72735,4
72735,1
72740,4
72745,6
72760,6
72760,4
72765,4
72780,10
72785,6
72785,4
72805,10
72810,4
72830,11
72830,1
72835,8
72835,12
72840,11
72845,10
72855,11
72860,12
72865,7
72880,12
72885,7
72885,1
72890,4
72895,6
72910,6
72915,10
72930,10
72965,11
72970,10
72980,11
72985,12
72990,11
72995,12
73000,7
73020,6
73040,10
73090,6
73110,10
73160,6
73180,10
73230,6
73250,4
73275,4
73300,4
73320,6
73340,10
73365,12
73370,7
73385,12
73390,7
73390,11
73395,10
73445,11
73450,12
73455,11
73460,12
73465,7
73500,12
73505,7
73870,12
73875,7
73890,12
73895,7
73965,12
73970,11
73975,12
73980,7
74005,12
74010,7
74375,12
74380,7
74395,12
74400,7
74480,12
74485,11
74490,10
74510,12
74515,11
74520,10
74540,6
74560,4
74570,6
74585,4
74590,4
74610,6
74610,4
74630,1
74630,10
74680,6
74685,1
74690,4
74700,10
74710,6
74730,10
74750,6
74770,10
74780,6
74800,4
74820,6
74820,6
74840,4
74840,4
74860,1
74865,8
74865,4
74880,12
74885,11
74890,10
74890,4
74900,12
74905,11
74910,12
74915,7
74915,1
74915,4
74930,1
74935,8
74940,4
74940,6
74960,1
74960,10
74975,1
74985,1
75010,11
75015,12
75020,7
75030,1
75035,8
75040,1
75055,1
75085,1
75110,1
75115,8
75140,1
75165,1
75195,1
75220,1
75235,1
75250,1
75290,1
75305,1
75345,1
75360,1
75375,1
75380,8
75400,1
75405,4
75415,12
75420,7
75425,6
75430,1
75445,4
75445,1
75460,1
75465,6
75485,4
75505,6
75515,1
75520,12
75520,8
75525,4
75525,11
75530,10
75550,4
75570,1
75575,4
75580,11
75585,10
75600,4
75625,4
75625,1
75630,4
75635,6
75645,1
75650,1
75655,10
75655,4
75675,6
75695,10
75700,1
75705,11
75710,10
75715,1
75745,11
75750,12
75755,7
75760,6
75770,1
75775,8
75780,4
75800,1
75805,4
75825,1
75830,4
75850,1
75855,8
75880,1
75885,4
75905,1
75905,1
75910,4
75920,12
75925,11
75930,12
75935,4
75935,7
75955,6
75960,1
75965,8
75975,4
75995,1
76015,1
76030,1
76035,8
76050,1
76065,1
76085,1
76090,8
76120,1
76140,1
76145,4
76170,4
76175,1
76190,1
76205,1
76230,1
76245,1
76250,4
76255,12
76260,1
76260,7
76265,8
76270,6
76290,4
76315,4
76315,1
76340,4
76365,4
76370,1
76385,1
76425,1
76435,12
76440,11
76440,1
76445,12
76450,11
76455,10
76455,1
76480,1
76505,11
76510,10
76510,1
76515,8
76535,1
76540,8
76560,11
76565,1
76565,10
76590,1
76615,11
76620,10
76620,1
76635,1
76645,1
76650,4
76670,1
76670,6
76690,10
76690,1
76695,8
76725,1
76730,8
76740,11
76745,12
76745,1
76750,11
76755,12
76760,7
76760,12
76765,11
76770,10
76780,1
76800,1
76805,4
76820,6
76825,1
76830,4
76835,1
76840,10
76840,8
76850,1
76855,8
76890,6
76890,1
76895,4
76905,1
76910,4
76915,6
76930,6
76935,4
76950,4
76960,4
76960,1
76970,1
76975,1
76980,1
76990,1
76995,1
77000,4
77020,6
77025,1
77040,4
77045,1
77050,8
77065,4
77080,1
77085,1
77095,1
77100,1
77100,4
77100,1
77105,4
77125,4
77130,4
77145,6
77150,1
77155,1
77155,4
77165,4
77180,4
77190,4
77200,6
77210,1
77215,4
77220,4
77225,1
77230,8
77240,4
77245,4
77260,12
77260,1
77265,8
77265,7
77270,4
77280,1
77285,4
77295,4
77305,1
77315,6
77315,1
77330,1
77335,4
77345,1
77360,1
77360,4
77365,8
77380,6
77400,4
77400,1
77405,8
77415,1
77420,6
77440,10
77455,1
77460,8
77470,1
77485,1
77490,6
77510,10
77510,1
77540,1
77545,4
77560,11
77565,12
77565,1
77565,1
77570,7
77570,4
77590,1
77595,8
77620,1
77635,1
77640,8
77645,1
77690,1
77700,1
77705,1
77710,4
77730,1
77735,4
77755,1
77760,4
77765,12
77770,7
77780,1
77785,4
77805,6
77810,1
77815,4
77825,4
77840,4
77845,6
77860,6
77865,10
77880,10
77915,6
77930,11
77935,12
77935,4
77940,7
77955,1
77960,8
78010,1
78025,1
78030,4
78050,1
78070,12
78075,11
78080,12
78085,11
78090,12
78095,11
78100,10
78105,1
78110,8
78150,6
78160,1
78165,8
78170,4
78190,6
78210,4
78215,1
78230,1
78235,4
78255,1
78260,8
78270,1
78270,12
78275,4
78275,7
78295,6
78310,1
78315,4
78335,6
78355,4
78365,1
78370,4
78375,1
78390,6
78410,10
78430,1
78440,12
78445,11
78450,12
78455,11
78460,11
78460,10
78465,12
78470,7
78485,1
78510,11
78515,12
78520,7
78540,1
78545,8
78595,1
78650,1
78705,1
78720,1
78735,1
78775,12
78780,7
78790,1
78845,1
78850,4
78875,4
78900,4
78920,1
78935,1
78940,4
78960,1
78965,8
78970,12
78975,7
79015,1
79020,4
79020,12
79025,7
79040,6
79060,4
79080,6
79100,10
79150,6
79170,10
79220,6
79240,4
79260,1
79265,8
79280,12
79285,11
79290,12
79295,7
79315,1
79320,8
79370,1
79425,1
79430,8
79475,12
79480,11
79480,1
79485,12
79490,11
79495,10
79495,1
79510,1
79515,4
79525,12
79530,7
79535,6
79545,11
79550,12
79555,7
79555,10
79605,11
79610,12
79615,11
79620,12
79625,7
79795,12
79800,7
80030,12
80035,7
80055,12
80060,11
80065,12
80070,11
80075,12
80080,11
80085,12
80090,11
80095,10
80125,12
80130,7
80145,6
80165,10
80215,11
80220,10
80270,11
80275,10
80300,12
80305,7
80325,6
80345,4
80370,4
80395,4
80415,6
80435,10
80485,11
80490,12
80495,11
80500,10
80535,12
80540,11
80545,12
80550,11
80550,7
80555,12
80560,7
80630,12
80635,11
80640,10
80690,6
80710,10
80760,6
80780,4
80800,6
80805,12
80810,7
80820,10
80870,11
80875,10
80925,11
80930,10
80980,11
80985,12
80990,11
80995,10
81045,11
81050,12
81050,12
81055,7
81055,11
81060,10
81060,12
81065,7
81110,11
81115,12
81120,11
81125,12
81130,7
81310,12
81315,11
81320,12
81325,11
81330,12
81335,7
81555,12
81560,11
81565,12
81565,12
81570,7
81570,11
81575,10
81625,6
81630,12
81635,7
81645,10
81695,11
81700,10
81750,6
81770,4
81790,1
81835,12
81840,11
81845,12
81845,1
81850,11
81850,4
81855,12
81860,11
81865,12
81870,11
81870,6
81875,12
81880,11
81885,10
81890,10
81935,6
81940,11
81945,10
81955,4
81975,1
81980,8
81995,6
82015,10
82030,1
82065,6
82070,12
82075,7
82085,10
82085,1
82135,12
82135,11
82140,12
82140,7
82140,1
82145,4
82145,7
82165,1
82170,4
82195,4
82215,1
82220,4
82245,4
82265,6
82285,10
82335,11
82340,10
82390,11
82395,10
82445,11
82450,12
82455,11
82460,10
82510,11
82515,12
82520,7
82575,12
82580,7
82640,12
82645,7
82645,12
82650,11
82655,10
82705,11
82710,12
82715,7
83020,12
83025,7
83080,12
83085,7
83145,12
83150,11
83155,10
83205,6
83215,12
83220,11
83225,4
83225,12
83230,11
83235,10
83250,4
83275,4
83285,6
83295,1
83305,10
83350,1
83355,11
83360,12
83365,7
83405,1
83410,4
83430,1
83485,1
83500,1
83525,12
83530,11
83535,12
83540,7
83555,1
83560,8
83585,12
83590,11
83595,12
83600,11
83605,10
83610,1
83615,8
83655,6
83665,1
83670,8
83675,4
83695,1
83700,8
83720,1
83725,4
83750,1
83750,4
83765,1
83770,1
83775,8
83780,1
83785,8
83825,1
83835,1
83840,4
83865,4
83865,12
83870,11
83875,10
83880,1
83885,4
83885,1
83905,6
83925,6
83925,4
83940,1
83945,1
83945,4
83960,1
83965,1
83995,1
84000,4
84015,1
84020,1
84020,6
84035,1
84040,8
84040,12
84040,10
84045,7
84070,1
84085,1
84090,6
84090,1
84110,4
84130,6
84140,1
84145,1
84150,4
84150,4
84170,6
84175,4
84190,4
84195,1
84200,4
84200,4
84215,4
84220,1
84220,1
84235,6
84255,10
84275,1
84275,1
84280,4
84280,4
84300,6
84300,6
84305,11
84310,12
84315,11
84320,12
84320,10
84320,4
84325,11
84330,10
84340,6
84360,10
84370,11
84375,12
84380,7
84380,6
84400,4
84410,11
84415,10
84425,4
84445,6
84465,6
84465,10
84485,4
84510,4
84515,11
84520,10
84530,1
84545,12
84550,11
84555,10
84570,6
84585,1
84590,4
84600,1
84605,4
84605,6
84615,4
84625,10
84625,1
84630,8
84635,1
84640,4
84660,6
84675,6
84680,1
84680,4
84695,10
84705,4
84725,6
84735,1
84745,4
84745,6
84765,10
84765,1
84770,8
84790,1
84815,11
84820,10
84820,1
84825,4
84845,1
84845,1
84870,6
84880,12
84885,11
84890,10
84890,10
84900,1
84900,1
84905,4
84905,8
84930,4
84940,11
84940,6
84945,12
84950,6
84950,7
84955,1
84960,10
84960,8
84970,4
84990,1
85010,6
85010,1
85015,8
85030,10
85045,1
85065,1
85070,8
85080,11
85085,10
85100,1
85105,4
85120,1
85125,8
85125,1
85135,11
85140,10
85175,1
85180,1
85185,4
85190,6
85190,1
85195,4
85205,6
85210,10
85220,4
85225,10
85245,4
85260,11
85265,10
85265,1
85275,11
85280,10
85315,11
85320,1
85320,12
85325,7
85330,11
85335,12
85340,7
85375,1
85390,1
85395,4
85415,6
85435,4
85450,12
85455,6
85455,7
85475,10
85525,6
85545,4
85570,4
85590,1
85645,1
85660,1
85665,8
85715,1
85720,8
85770,1
85775,8
85825,12
85825,1
85830,11
85835,10
85840,1
85840,12
85845,7
85885,6
85895,1
85900,4
85905,10
85920,1
85925,8
85955,6
85955,12
85960,7
85975,10
85975,1
85990,1
85995,8
86025,6
86045,4
86045,1
86050,4
86070,6
86070,4
86090,6
86090,10
86110,4
86130,6
86140,6
86150,10
86160,10
86200,6
86210,6
86220,10
86230,4
86250,1
86270,11
86275,10
86305,1
86310,4
86325,11
86330,10
86335,4
86345,12
86350,11
86355,1
86355,12
86360,4
86360,7
86380,1
86380,6
86400,4
86425,4
86435,1
86440,8
86445,6
86460,12
86465,11
86465,4
86470,12
86475,11
86480,12
86485,11
86490,1
86490,4
86490,12
86495,8
86495,7
86515,4
86535,1
86540,8
86545,1
86550,8
86590,1
86600,1
86605,1
86610,8
86615,1
86620,4
86645,4
86660,1
86665,4
86665,1
86670,4
86685,6
86695,4
86705,4
86720,4
86725,1
86740,1
86780,1
86785,4
86795,1
86805,1
86820,1
86835,1
86850,1
86850,1
86860,12
86865,11
86865,1
86870,8
86870,10
86905,1
86910,8
86920,1
86920,11
86925,10
86960,1
86975,1
86975,1
86975,11
86980,4
86980,10
86995,12
87000,7
87000,6
87020,4
87030,1
87030,11
87035,10
87040,6
87060,10
87085,6
87085,1
87090,4
87105,4
87110,6
87110,1
87115,8
87125,6
87130,10
87145,4
87165,1
87165,1
87170,8
87170,4
87180,6
87195,4
87200,10
87215,1
87220,8
87220,1
87225,8
87250,11
87255,10
87270,1
87275,1
87285,1
87300,1
87305,6
87325,10
87330,1
87345,1
87350,8
87355,1
87360,8
87375,11
87380,12
87385,11
87390,10
87400,1
87410,1
87415,1
87440,6
87460,4
87465,1
87470,1
87475,4
87480,1
87485,8
87485,4
87495,6
87500,12
87505,1
87505,7
87515,10
87535,1
87540,8
87560,1
87565,11
87570,12
87575,11
87580,10
87590,1
87615,1
87620,4
87630,11
87635,12
87640,7
87640,6
87645,1
87660,4
87660,1
87675,1
87680,6
87680,4
87700,4
87700,6
87720,1
87720,4
87725,8
87740,1
87775,1
87790,1
87795,1
87845,1
87850,4
87850,1
87855,4
87870,6
87875,6
87890,4
87895,4
87910,1
87915,1
87920,4
87945,4
87965,1
87970,4
87995,4
88005,12
88010,7
88015,1
88020,1
88070,1
88075,1
88080,4
88100,1
88105,8
88125,1
88130,8
88140,12
88145,7
88155,1
88170,1
88175,8
88180,1
88185,8
88225,1
88235,1
88240,1
88290,1
88295,4
88295,1
88315,6
88335,10
88350,1
88355,8
88385,11
88390,10
88405,1
88410,8
88440,11
88445,10
88460,1
88475,1
88480,4
88495,11
88500,10
88500,6
88510,12
88515,7
88520,4
88545,4
88550,11
88555,10
88565,1
88605,11
88610,10
88620,1
88625,4
88645,12
88650,7
88650,4
88660,6
88670,1
88675,4
88680,10
88695,6
88715,4
88730,11
88735,6
88735,10
88755,4
88780,4
88785,11
88790,10
88800,1
88815,1
88820,4
88840,6
88840,6
88860,4
88860,4
88880,1
88880,6
88900,10
88935,1
88940,8
88950,11
88955,10
88990,1
88995,8
89005,6
89015,12
89020,7
89025,4
89045,6
89045,1
89065,10
89100,1
89105,4
89115,6
89130,4
89135,4
89150,12
89150,1
89155,11
89160,4
89160,12
89165,1
89165,7
89170,4
89185,4
89195,4
89210,4
89215,1
89230,1
89230,1
89235,4
89235,8
89255,6
89275,4
89285,1
89290,8
89295,6
89315,4
89335,6
89340,1
89355,10
89395,1
89405,11
89410,10
89450,1
89460,6
89480,4
89505,1
89505,4
89520,12
89525,7
89525,1
89530,4
89550,1
89560,1
89565,1
89575,1
89580,8
89620,1
89630,1
89635,8
89665,12
89670,7
89675,1
89685,1
89690,4
89710,1
89715,8
89730,1
89765,1
89770,8
89785,1
89800,1
89805,8
89820,1
89855,1
89860,8
89875,1
89880,4
89905,4
89910,1
89915,8
89930,4
89950,6
89965,1
89970,8
89970,10
90020,1
90020,11
90025,12
90025,12
90030,7
90030,7
90075,1
90090,1
90145,1
90160,1
90165,8
90170,12
90175,7
90215,1
90270,1
90275,8
90325,1
90330,4
90350,1
90355,8
90405,1
90410,8
90460,1
90515,1
90530,1
90530,12
90530,12
90535,7
90535,11
90540,10
90585,1
90590,11
90595,12
90600,11
90605,10
90640,1
90645,4
90655,11
90660,10
90670,4
90675,12
90680,11
90685,12
90690,6
90690,11
90695,10
90710,6
90710,4
90730,6
90730,10
90745,11
90750,10
90750,12
90755,11
90760,10
90780,11
90785,12
90790,11
90795,10
90800,6
90810,6
90820,4
90830,10
90840,1
90845,11
90850,12
90855,1
90855,7
90860,8
90880,6
90900,4
90910,1
90920,6
90940,10
90965,1
90990,6
91010,10
91020,1
91035,12
91040,7
91060,6
91075,1
91080,4
91080,4
91100,6
91105,4
91120,4
91125,6
91140,1
91145,4
91145,4
91165,1
91170,8
91170,4
91195,4
91215,6
91220,1
91235,10
91275,1
91280,8
91285,6
91305,10
91330,1
91335,4
91355,1
91355,6
91355,12
91360,11
91365,10
91375,10
91410,1
91415,11
91420,10
91425,11
91430,12
91435,7
91465,1
91470,11
91475,12
91480,7
91520,1
91540,12
91545,11
91550,10
91575,1
91600,6
91620,10
91630,1
91670,11
91675,10
91685,1
91690,8
91725,6
91740,1
91745,10
91755,1
91760,8
91795,6
91810,1
91815,8
91815,10
91865,6
91865,1
91885,10
91920,1
91925,8
91935,11
91935,12
91940,12
91940,11
91945,7
91945,12
91950,11
91955,10
91975,1
91980,8
91980,12
91985,7
92005,6
92025,10
92030,1
92035,4
92055,1
92075,6
92095,10
92110,1
92145,6
92165,4
92165,1
92170,4
92190,1
92190,4
92210,6
92230,4
92245,1
92250,8
92250,6
92270,4
92290,1
92295,8
92300,1
92305,8
92345,1
92350,4
92355,1
92370,1
92375,4
92395,1
92400,8
92410,1
92415,4
92435,1
92440,8
92445,12
92450,7
92450,1
92455,8
92485,12
92490,7
92490,1
92505,1
92510,4
92535,4
92545,1
92550,4
92555,6
92570,6
92575,10
92590,4
92615,4
92625,6
92635,6
92645,4
92655,4
92665,1
92675,1
92680,8
92720,1
92730,1
92735,8
92775,1
92785,1
92790,8
92830,1
92840,1
92855,1
92860,8
92885,1
92910,1
92940,1
92950,12
92955,7
92955,1
92965,1
92970,1
92975,8
92990,12
92995,11
93000,12
93005,7
93020,1
93025,1
93030,4
93050,1
93075,1
93105,1
93120,1
93125,4
93130,1
93150,4
93170,6
93185,1
93190,4
93200,1
93210,6
93230,4
93255,4
93255,1
93260,8
93275,6
93295,4
93310,1
93315,1
93320,8
93325,1
93330,4
93350,6
93370,10
93370,1
93375,8
93420,6
93425,1
93440,10
93455,12
93460,7
93480,1
93490,11
93495,12
93500,7
93505,12
93510,11
93515,12
93520,11
93525,10
93535,1
93540,4
93560,6
93575,6
93580,10
93595,10
93630,6
93645,6
93650,10
93665,4
93685,6
93700,6
93705,4
93720,10
93725,1
93730,8
93770,6
93780,1
93785,4
93790,4
93805,1
93810,6
93810,8
93830,4
93850,6
93860,1
93865,8
93870,4
93895,4
93915,6
93915,1
93935,10
93960,12
93965,7
93970,1
93975,8
93985,6
94000,12
94005,10
94005,11
94010,12
94015,7
94025,1
94030,8
94055,6
94075,10
94080,1
94085,4
94110,4
94125,11
94130,12
94130,1
94135,7
94185,1
94190,4
94210,6
94230,10
94280,11
94285,10
94335,6
94355,10
94405,11
94410,10
94460,11
94465,12
94465,10
94470,11
94475,12
94480,11
94485,10
94515,11
94515,12
94520,11
94520,12
94525,7
94525,12
94530,7
94535,11
94540,10
94590,11
94595,10
94635,12
94640,7
94645,11
94650,12
94655,7
95025,12
95030,11
95030,12
95035,7
95035,12
95040,11
95045,12
95050,11
95055,10
95105,11
95110,12
95115,7
95140,12
95145,7
95155,12
95160,11
95165,10
95215,6
95235,4
95255,6
95275,4
95295,1
95300,8
95350,1
95405,1
95410,8
95460,1
95515,1
95520,8
95535,12
95540,11
95545,10
95570,1
95595,6
95615,12
95615,10
95620,11
95625,10
95625,1
95645,12
95650,7
95665,6
95675,6
95680,1
95685,4
95695,10
95705,1
95735,1
95745,6
95760,1
95765,10
95775,1
95790,1
95815,11
95820,10
95830,1
95845,1
95860,1
95870,11
95875,10
95885,1
95890,4
95915,4
95915,1
95920,4
95925,11
95930,10
95935,1
95940,6
95950,1
95960,10
95965,1
95980,6
96000,4
96010,11
96015,10
96020,1
96020,1
96035,1
96050,1
96065,11
96065,1
96070,10
96075,1
96120,6
96120,1
96125,8
96130,1
96135,8
96140,10
96150,12
96155,7
96175,1
96185,1
96190,6
96210,4
96230,1
96235,4
96240,1
96245,1
96250,8
96255,1
96295,1
96300,1
96310,1
96350,1
96355,4
96355,1
96365,1
96370,8
96375,1
96410,1
96420,1
96425,4
96425,1
96430,8
96430,1
96445,1
96450,4
96470,6
96480,1
96485,8
96485,1
96490,4
96510,1
96515,8
96535,1
96540,1
96545,8
96550,1
96565,1
96595,1
96605,1
96620,1
96620,1
96650,1
96655,4
96655,12
96660,11
96665,12
96670,7
96675,1
96675,1
96680,8
96680,4
96700,6
96720,4
96730,1
96730,1
96745,1
96745,4
96765,1
96770,4
96785,1
96790,4
96795,4
96800,1
96810,1
96820,4
96840,1
96845,4
96855,1
96865,1
96865,1
96910,1
96915,8
96920,1
96920,1
96925,8
96965,1
96970,4
96975,1
96975,1
96990,6
97010,4
97030,1
97030,6
97030,1
97045,1
97050,8
97050,10
97085,1
97090,4
97100,1
97100,11
97105,4
97105,10
97115,4
97125,1
97135,6
97155,11
97155,10
97160,10
97170,12
97175,7
97180,1
97205,6
97210,11
97215,10
97225,10
97235,1
97250,1
97255,4
97265,11
97270,12
97275,11
97275,11
97280,12
97280,4
97280,10
97285,11
97290,12
97295,7
97305,4
97330,4
97330,11
97335,12
97340,7
97350,6
97370,4
97390,6
97410,10
97460,11
97465,10
97515,11
97520,10
97570,6
97590,10
97640,6
97660,10
97675,12
97680,11
97685,10
97710,6
97730,10
97735,6
97755,10
97780,11
97785,12
97790,11
97795,12
97795,12
97800,7
97800,7
97805,11
97810,10
97840,12
97845,7
97860,6
97880,10
97930,6
97950,10
98000,11
98005,12
98010,11
98015,12
98020,7
98300,12
98300,12
98305,11
98305,11
98310,12
98310,10
98315,7
98345,12
98350,11
98355,10
98360,11
98365,12
98370,11
98375,10
98405,11
98410,10
98425,6
98445,10
98460,6
98480,4
98495,11
98500,6
98500,12
98505,11
98510,12
98515,11
98520,12
98520,4
98520,12
98525,11
98525,11
98530,12
98530,10
98535,11
98540,6
98540,10
98560,4
98580,1
98580,6
98585,8
98590,11
98595,12
98600,7
98600,4
98620,1
98635,1
98635,1
98650,1
98650,1
98665,1
98680,1
98685,4
98705,1
98710,4
98730,1
98745,1
98760,1
98800,1
98805,8
98815,12
98815,1
98820,8
98820,11
98825,12
98830,7
98855,1
98860,4
98870,1
98875,4
98885,4
98900,4
98905,1
98910,8
98925,4
98945,6
98960,1
98965,8
98965,10
99015,1
99015,11
99020,4
99020,10
99040,1
99045,8
99070,6
99090,4
99095,1
99100,12
99105,7
99110,6
99130,10
99150,1
99155,8
99180,6
99200,10
99205,1
99210,8
99250,11
99255,10
99260,1
99305,11
99310,10
99315,1
99330,12
99335,11
99340,12
99345,11
99350,10
99360,6
99370,1
99375,4
99380,10
99400,6
99400,4
99420,6
99420,10
99430,6
99440,10
99450,4
99470,11
99475,4
99475,12
99480,11
99485,10
99490,6
99495,6
99510,10
99515,4
99535,11
99540,4
99540,12
99545,7
99560,6
99560,6
99580,4
99580,4
99600,6
99605,12
99605,4
99610,11
99615,12
99620,11
99620,4
99625,12
99630,4
99630,11
99635,12
99640,1
99640,11
99645,12
99650,7
99650,1
99695,1
99700,8
99705,1
99710,4
99730,1
99750,1
99785,1
99805,1
99810,4
99835,4
99840,1
99855,6
99875,4
99895,6
99895,1
99900,8
99915,10
99950,1
99955,8
99965,6
99985,4
100005,1
100005,1
100010,4
100010,8
100030,6
100045,12
100050,10
100050,11
100055,10
100060,1
100065,8
100100,6
100105,11
100110,10
100115,1
100120,8
100120,4
100140,1
100145,4
100150,12
100155,11
100160,6
100160,12
100165,7
100170,4
100170,1
100180,4
100185,1
100190,1
100200,1
100200,1
100245,1
100255,1
100255,1
100260,8
100300,1
100310,1
100310,1
100325,1
100325,1
100330,8
100330,8
100355,1
100380,1
100380,1
100385,8
100410,1
100435,1
100435,1
100440,4
100440,4
100460,1
100465,8
100465,4
100465,1
100470,4
100490,4
100495,4
100510,6
100515,6
100515,1
100520,8
100530,4
100535,10
100555,4
100570,1
100575,8
100575,1
100585,6
100605,4
100625,1
100630,4
100630,1
100640,1
100645,8
100645,1
100650,1
100655,4
100660,1
100665,8
100665,12
100670,11
100675,10
100680,4
100695,1
100700,6
100700,8
100715,1
100720,4
100725,11
100730,12
100735,11
100740,12
100745,7
100745,4
100750,1
100765,6
100765,1
100770,4
100770,1
100785,4
100790,6
100805,1
100810,10
100825,1
100860,6
100860,1
100875,1
100880,4
100880,1
100880,10
100900,6
100920,10
100930,11
100935,1
100935,10
100940,8
100970,11
100975,10
100985,6
100990,1
101005,4
101025,6
101025,1
101045,1
101045,10
101060,1
101075,1
101080,8
101080,1
101095,6
101115,4
101130,1
101135,1
101135,1
101140,4
101140,8
101160,1
101185,1
101190,4
101190,1
101195,4
101210,1
101215,4
101215,1
101215,6
101230,1
101235,4
101240,4
101245,12
101245,1
101250,8
101250,11
101255,10
101255,6
101260,6
101275,10
101280,10
101300,1
101305,6
101325,11
101325,10
101330,11
101330,12
101335,10
101335,7
101355,1
101370,1
101375,11
101380,12
101385,6
101385,7
101405,4
101425,1
101425,1
101440,1
101480,1
101485,4
101495,1
101505,1
101510,8
101550,1
101555,8
101560,1
101565,8
101605,1
101610,4
101615,1
101635,4
101660,4
101670,1
101685,4
101710,4
101725,1
101730,6
101750,4
101770,6
101780,1
101785,8
101790,4
101810,6
101830,4
101835,12
101835,1
101840,7
101850,1
101850,1
101855,4
101875,6
101885,12
101890,11
101895,10
101895,10
101905,1
101945,6
101945,11
101950,10
101960,1
101965,8
101965,4
101985,6
102000,6
102005,10
102015,1
102020,4
102040,1
102045,8
102055,6
102070,1
102075,10
102095,1
102100,8
102125,1
102125,6
102145,4
102150,1
102165,6
102180,1
102185,4
102185,8
102205,1
102205,6
102220,1
102225,4
102235,1
102235,1
102240,8
102245,1
102260,1
102290,1