data,horario,kwh_hcanal1,kwh_hcanal2,chuveiro,arcond,ilum1,ilum2,tem_h_med,tem_h_min,tem_h_max,kwh_total
2/3/2020,0,0.295,0.003,0.001,0.004,0.299,0.013,25.5,25.3,25.6,0.298
2/3/2020,1,0.295,0,0,0.001,0.305,0.01,25.2,25.1,25.3,0.295
2/3/2020,2,0.184,0.003,0.003,0.001,0.193,0.01,25.1,25,25.3,0.187
2/3/2020,3,0.171,0.001,0.003,0,0.18,0.008,25,24.9,25.1,0.172
2/3/2020,4,0.172,0,0,0,0.181,0.007,24.9,24.7,24.9,0.172
2/3/2020,5,0.166,0.001,0.001,0,0.176,0.006,24.7,24.7,24.8,0.167
2/3/2020,6,1.144,0.793,1.538,0.014,0.37,0.016,24.7,24.6,24.7,1.937
2/3/2020,7,1.161,0.967,1.883,0.006,0.217,0.027,24.8,24.7,24.9,2.128
2/3/2020,8,0.279,0.002,0,0,0.288,0.023,25.1,24.9,25.3,0.281
2/3/2020,9,0.297,0.004,0,0.003,0.302,0.025,25.3,25.2,25.4,0.301
2/3/2020,10,0.185,0.036,0,0.007,0.195,0.051,25.2,25.2,25.3,0.221
2/3/2020,11,0.454,0.342,0.585,0.003,0.172,0.064,25.2,25.1,25.3,0.796
2/3/2020,12,0.416,0.013,0,0.024,0.409,0.024,25.4,25.2,25.4,0.429
2/3/2020,13,0.292,0.002,0,0,0.304,0.024,25.4,25.3,25.4,0.294
2/3/2020,14,0.236,0.006,0,0.001,0.241,0.028,25.4,25.3,25.4,0.242
2/3/2020,15,0.269,0.057,0.002,0.002,0.274,0.078,25.3,25.3,25.3,0.326
2/3/2020,16,0.507,0.181,0.353,0.001,0.341,0.025,25.2,25.2,25.3,0.688
2/3/2020,17,0.869,0.606,1.188,0,0.304,0.027,25.2,25.1,25.3,1.475
2/3/2020,18,0.391,0.101,0.191,0.001,0.304,0.026,25.1,25,25.1,0.492
2/3/2020,19,0.27,0.005,0.001,0.004,0.275,0.024,24.8,24.6,25,0.275
2/3/2020,20,0.332,0.003,0,0.003,0.342,0.023,24.5,24.4,24.7,0.335
2/3/2020,21,0.296,0.04,0,0.076,0.272,0.023,24.4,24.3,24.5,0.336
2/3/2020,22,0.378,0.026,0.001,0.046,0.364,0.025,24.2,24.1,24.3,0.404
2/3/2020,23,0.635,0.361,0.315,0.398,0.32,0.014,24.1,24,24.3,0.996
2/4/2020,0,0.24,0.004,0,0.005,0.245,0.013,24.1,24.1,24.2,0.244
2/4/2020,1,0.146,0,0.001,0.002,0.154,0.01,24,23.9,24.1,0.146
2/4/2020,2,0.15,0.001,0.003,0.001,0.159,0.009,23.9,23.8,23.9,0.151
2/4/2020,3,0.149,0,0,0.001,0.162,0.009,23.8,23.7,23.8,0.149
2/4/2020,4,0.126,0,0,0,0.134,0.008,23.7,23.6,23.7,0.126
2/4/2020,5,0.121,0.001,0.001,0.003,0.128,0.009,23.6,23.5,23.7,0.122
2/4/2020,6,0.148,0,0,0,0.157,0.008,23.5,23.5,23.6,0.148
2/4/2020,7,0.15,0.001,0,0,0.157,0.023,23.5,23.4,23.6,0.151
2/4/2020,8,0.212,0.002,0.001,0.001,0.216,0.023,23.6,23.5,23.7,0.214
2/4/2020,9,0.462,0.066,0,0.129,0.406,0.023,23.8,23.7,23.9,0.528
2/4/2020,10,0.187,0.009,0.001,0.017,0.189,0.023,24,23.8,24.2,0.196
2/4/2020,11,0.722,0.472,0.907,0.012,0.281,0.029,24.3,24.1,24.4,1.194
2/4/2020,12,0.347,0.014,0,0.015,0.339,0.034,24.5,24.3,24.8,0.361
2/4/2020,13,0.243,0.016,0,0.017,0.246,0.029,24.7,24.6,24.8,0.259
2/4/2020,14,0.186,0.049,0,0,0.194,0.064,24.9,24.7,25,0.235
2/4/2020,15,0.264,0.007,0,0.001,0.269,0.027,24.9,24.9,25,0.271
2/4/2020,16,0.709,0.331,0.65,0,0.399,0.025,24.9,24.8,25.1,1.04
2/4/2020,17,0.383,0.094,0.043,0.138,0.301,0.023,25,24.9,25.1,0.477
2/4/2020,18,0.59,0.244,0.479,0,0.368,0.024,25.1,25,25.1,0.834
2/4/2020,19,0.445,0.001,0,0,0.448,0.023,25.1,25,25.1,0.446
2/4/2020,20,0.415,0.002,0.002,0,0.418,0.023,25,24.9,25.1,0.417
2/4/2020,21,0.341,0.001,0.001,0,0.348,0.023,25,24.9,25,0.342
2/4/2020,22,0.536,0.175,0,0.343,0.386,0.023,25,24.9,25.1,0.711
2/4/2020,23,0.456,0.193,0.002,0.384,0.289,0.01,25,24.9,25.1,0.649
2/5/2020,0,0.238,0.001,0.003,0.001,0.243,0.007,25,24.9,25,0.239
2/5/2020,1,0.146,0.002,0.001,0.001,0.151,0.022,24.9,24.8,24.9,0.148
2/5/2020,2,0.174,0,0,0,0.185,0.009,24.8,24.7,24.9,0.174
2/5/2020,3,0.251,0,0,0,0.261,0.004,24.7,24.6,24.7,0.251
2/5/2020,4,0.196,0.001,0.001,0.001,0.203,0.005,24.6,24.6,24.7,0.197
2/5/2020,5,0.132,0,0,0,0.138,0.007,24.6,24.5,24.6,0.132
2/5/2020,6,0.137,0,0.001,0,0.144,0.005,24.5,24.4,24.6,0.137
2/5/2020,7,0.151,0.001,0,0,0.159,0.022,24.5,24.4,24.5,0.152
2/5/2020,8,0.149,0.001,0,0,0.154,0.022,24.5,24.4,24.6,0.15
2/5/2020,9,0.913,0.612,1.187,0.012,0.319,0.022,24.6,24.6,24.7,1.525
2/5/2020,10,0.799,0.595,1.083,0.08,0.23,0.027,25,24.7,25.2,1.394
2/5/2020,11,0.663,0.001,0,0,0.667,0.022,25.3,25.2,25.4,0.664
2/5/2020,12,0.351,0.011,0,0.021,0.349,0.022,25.6,25.4,25.8,0.362
2/5/2020,13,0.549,0.215,0,0.421,0.351,0.022,25.8,25.7,25.9,0.764
2/5/2020,14,0.676,0.364,0,0.712,0.33,0.021,25.8,25.7,25.9,1.04
2/5/2020,15,0.611,0.228,0.001,0.445,0.407,0.022,25.7,25.7,25.8,0.839
2/5/2020,16,0.488,0.188,0.001,0.364,0.319,0.023,25.7,25.7,25.8,0.676
2/5/2020,17,0.355,0.002,0,0.004,0.362,0.022,25.7,25.6,25.8,0.357
2/5/2020,18,0.657,0.436,0.814,0.02,0.259,0.035,25.6,25.6,25.7,1.093
2/5/2020,19,0.29,0.031,0,0.061,0.269,0.022,25.7,25.6,25.8,0.321
2/5/2020,20,0.235,0.001,0,0,0.245,0.022,25.7,25.6,25.8,0.236
2/5/2020,21,0.241,0.001,0,0,0.251,0.022,25.6,25.6,25.7,0.242
2/5/2020,22,0.605,0.222,0.431,0,0.414,0.024,25.5,25.3,25.6,0.827
2/5/2020,23,0.323,0,0,0,0.335,0.007,25.2,25.1,25.4,0.323
2/6/2020,0,0.256,0,0,0,0.264,0.007,25.2,25.1,25.3,0.256
2/6/2020,1,0.19,0.001,0.001,0,0.198,0.005,25,24.9,25.1,0.191
2/6/2020,2,0.135,0,0,0,0.145,0.004,24.9,24.8,24.9,0.135
2/6/2020,3,0.142,0,0,0,0.153,0.004,24.8,24.7,24.9,0.142
2/6/2020,4,0.15,0,0,0,0.16,0.004,24.6,24.5,24.7,0.15
2/6/2020,5,0.145,0.006,0.003,0.002,0.156,0.005,24.5,24.4,24.6,0.151
2/6/2020,6,0.147,0.001,0.001,0,0.157,0.004,24.4,24.3,24.4,0.148
2/6/2020,7,0.149,0.001,0,0,0.161,0.021,24.4,24.3,24.4,0.15
2/6/2020,8,0.421,0.271,0.528,0.001,0.168,0.025,24.5,24.4,24.6,0.692
2/6/2020,9,0.277,0.003,0.004,0.003,0.277,0.023,24.7,24.6,24.9,0.28
2/6/2020,10,0.496,0.027,0,0.001,0.498,0.048,25,24.8,25.3,0.523
2/6/2020,11,0.218,0.005,0,0.006,0.22,0.023,25.2,25.1,25.4,0.223
2/6/2020,12,0.37,0.002,0,0.003,0.37,0.023,25.4,25.3,25.5,0.372
2/6/2020,13,0.43,0.001,0,0,0.439,0.022,25.6,25.5,25.7,0.431
2/6/2020,14,0.24,0.076,0.135,0.007,0.186,0.027,25.7,25.6,25.9,0.316
2/6/2020,15,0.501,0.345,0.673,0,0.201,0.026,25.9,25.8,25.9,0.846
2/6/2020,16,0.311,0.001,0,0,0.321,0.022,25.9,25.9,26,0.312
2/6/2020,17,0.311,0.002,0,0,0.321,0.023,26,25.9,26.1,0.313
2/6/2020,18,0.485,0.24,0.462,0.016,0.278,0.028,26,25.9,26.1,0.725
2/6/2020,19,0.351,0.008,0.002,0.011,0.354,0.024,25.9,25.9,26,0.359
2/6/2020,20,0.408,0.015,0.002,0.026,0.4,0.024,25.9,25.8,26,0.423
2/6/2020,21,0.246,0.003,0.001,0,0.258,0.024,25.9,25.8,25.9,0.249
2/6/2020,22,0.222,0.001,0,0,0.233,0.022,25.8,25.7,25.9,0.223
2/6/2020,23,0.359,0.13,0.257,0.005,0.243,0.012,25.7,25.6,25.8,0.489
2/7/2020,0,0.698,0.369,0.624,0.129,0.349,0.009,25.6,25.6,25.7,1.067
2/7/2020,1,0.26,0.003,0,0.003,0.265,0.01,25.6,25.4,25.6,0.263
2/7/2020,2,0.158,0.002,0,0,0.168,0.02,25.5,25.4,25.6,0.16
2/7/2020,3,0.167,0.001,0,0,0.176,0.009,25.3,25.2,25.4,0.168
2/7/2020,4,0.129,0,0,0,0.141,0.007,25.1,25,25.3,0.129
2/7/2020,5,0.13,0,0,0,0.142,0.009,25,24.9,25.1,0.13
2/7/2020,6,0.171,0.001,0,0,0.18,0.009,25.2,24.9,25.6,0.172
2/7/2020,7,0.132,0.001,0,0,0.144,0.022,25.7,25.6,25.8,0.133
2/7/2020,8,0.604,0.43,0.452,0.388,0.213,0.024,25.8,25.7,25.9,1.034
2/7/2020,9,0.313,0.067,0.124,0.005,0.261,0.023,26,25.9,26.2,0.38
2/7/2020,10,0.509,0.285,0.001,0.504,0.277,0.039,26.1,26,26.2,0.794
2/7/2020,11,0.486,0.163,0,0.317,0.341,0.022,26.2,26.1,26.3,0.649
2/7/2020,12,0.619,0.243,0,0.449,0.409,0.03,26.3,26.2,26.5,0.862
2/7/2020,13,0.449,0.141,0,0.188,0.368,0.045,26.6,26.4,26.6,0.59
2/7/2020,14,0.556,0.319,0.004,0.544,0.311,0.045,26.6,26.6,26.7,0.875
2/7/2020,15,0.95,0.297,0.001,0.563,0.679,0.025,26.6,26.5,26.6,1.247
2/7/2020,16,0.805,0.298,0.002,0.534,0.549,0.038,26.6,26.5,26.6,1.103
2/7/2020,17,0.587,0.185,0.007,0.302,0.439,0.043,26.7,26.6,26.7,0.772
2/7/2020,18,0.243,0.015,0,0,0.256,0.028,26.6,26.5,26.7,0.258
2/7/2020,19,0.954,0.477,0.867,0.011,0.573,0.035,26.6,26.5,26.6,1.431
2/7/2020,20,0.409,0.009,0,0.016,0.411,0.023,26.5,26.4,26.6,0.418
2/7/2020,21,0.265,0.021,0,0.035,0.255,0.023,26.4,26.3,26.4,0.286
2/7/2020,22,0.219,0.003,0.001,0.003,0.225,0.023,26.3,26.2,26.4,0.222
2/7/2020,23,0.414,0.197,0.324,0.083,0.241,0.011,26.1,26.1,26.2,0.611
2/8/2020,0,0.464,0.216,0,0.423,0.27,0.012,26,25.9,26.1,0.68
2/8/2020,1,0.482,0.282,0.536,0.002,0.236,0.023,25.9,25.8,26,0.764
2/8/2020,2,0.275,0.001,0.001,0.001,0.282,0.019,25.7,25.6,25.9,0.276
2/8/2020,3,0.288,0.001,0,0,0.3,0.015,25.6,25.5,25.7,0.289
2/8/2020,4,0.186,0.001,0.001,0.001,0.187,0.01,25.5,25.4,25.6,0.187
2/8/2020,5,0.18,0.001,0.001,0.002,0.182,0.009,25.3,25.3,25.4,0.181
2/8/2020,6,0.192,0.015,0.001,0.027,0.18,0.01,25.5,25.3,25.9,0.207
2/8/2020,7,0.28,0.017,0.008,0.002,0.282,0.029,26,25.9,26.1,0.297
2/8/2020,8,0.173,0.006,0,0.003,0.179,0.026,26.1,26,26.1,0.179
2/8/2020,9,0.137,0.001,0,0,0.15,0.022,26.1,26.1,26.2,0.138
2/8/2020,10,0.143,0.001,0.002,0.001,0.154,0.022,26.3,26.2,26.4,0.144
2/8/2020,11,0.171,0.001,0.001,0,0.18,0.023,26.5,26.4,26.7,0.172
2/8/2020,12,0.141,0.002,0.001,0.001,0.151,0.023,26.8,26.7,26.9,0.143
2/8/2020,13,0.132,0,0,0,0.144,0.022,26.9,26.8,27.1,0.132
2/8/2020,14,0.155,0.001,0,0,0.166,0.022,27.2,27.1,27.3,0.156
2/8/2020,15,0.177,0.001,0,0,0.19,0.022,27.4,27.2,27.6,0.178
2/8/2020,16,0.252,0.001,0,0,0.266,0.022,27.5,27.4,27.6,0.253
2/8/2020,17,0.186,0.001,0,0,0.197,0.022,27.5,27.4,27.6,0.187
2/8/2020,18,0.182,0.001,0.001,0.002,0.19,0.022,27.4,27.3,27.5,0.183
2/8/2020,19,0.141,0.001,0.001,0,0.149,0.022,27.3,27.2,27.4,0.142
2/8/2020,20,0.135,0.001,0.001,0.001,0.143,0.022,27.3,27.2,27.3,0.136
2/8/2020,21,0.177,0.001,0.001,0,0.185,0.023,27.2,27.1,27.3,0.178
2/8/2020,22,0.141,0.001,0,0.001,0.152,0.022,27.1,27,27.2,0.142
2/8/2020,23,0.147,0,0.001,0,0.159,0.004,27,26.9,27.1,0.147
2/9/2020,0,0.164,0,0,0,0.176,0.004,26.8,26.8,26.9,0.164
2/9/2020,1,0.155,0,0,0,0.165,0.004,26.7,26.6,26.8,0.155
2/9/2020,2,0.132,0,0.001,0,0.142,0.004,26.5,26.4,26.6,0.132
2/9/2020,3,0.145,0,0,0,0.155,0.004,26.3,26.2,26.4,0.145
2/9/2020,4,0.166,0.003,0.001,0.001,0.172,0.007,26.1,26,26.2,0.169
2/9/2020,5,0.128,0,0.001,0,0.138,0.004,26,25.9,26.1,0.128
2/9/2020,6,0.134,0,0,0,0.144,0.004,26.2,25.9,26.5,0.134
2/9/2020,7,0.176,0.001,0,0,0.185,0.022,26.7,26.5,26.8,0.177
2/9/2020,8,0.131,0.003,0.001,0.001,0.138,0.024,26.6,26.5,26.7,0.134
2/9/2020,9,0.13,0.001,0,0.001,0.14,0.022,26.6,26.6,26.8,0.131
2/9/2020,10,0.17,0,0,0,0.179,0.022,26.8,26.7,26.8,0.17
2/9/2020,11,0.143,0.001,0.001,0.001,0.153,0.022,26.9,26.8,27,0.144
2/9/2020,12,0.129,0.001,0,0.001,0.14,0.022,27,26.9,27.1,0.13
2/9/2020,13,0.161,0.001,0,0,0.17,0.022,27.2,27.1,27.3,0.162
2/9/2020,14,0.155,0.001,0,0.002,0.165,0.022,27.4,27.3,27.5,0.156
2/9/2020,15,0.129,0.001,0.002,0.002,0.14,0.022,27.5,27.4,27.6,0.13
2/9/2020,16,0.148,0.001,0,0.001,0.158,0.022,27.6,27.5,27.6,0.149
2/9/2020,17,0.178,0.005,0,0,0.184,0.026,27.5,27.4,27.7,0.183
2/9/2020,18,0.856,0.371,0.017,0.699,0.506,0.03,27.4,27.3,27.5,1.227
2/9/2020,19,0.538,0.301,0,0.577,0.264,0.022,27.2,27.1,27.3,0.839
2/9/2020,20,0.661,0.37,0.003,0.723,0.311,0.025,27,26.9,27.2,1.031
2/9/2020,21,0.516,0.291,0.005,0.572,0.249,0.024,26.9,26.8,27.1,0.807
2/9/2020,22,0.222,0.001,0,0,0.231,0.022,26.9,26.8,26.9,0.223
2/9/2020,23,0.332,0,0,0,0.343,0.005,26.7,26.5,26.8,0.332
2/10/2020,0,0.339,0,0,0,0.349,0.006,26.5,26.3,26.6,0.339
2/10/2020,1,0.328,0.094,0,0.188,0.246,0.012,26.4,26.2,26.4,0.422
2/10/2020,2,0.378,0.259,0.001,0.51,0.149,0.01,26.3,26.2,26.4,0.637
2/10/2020,3,0.139,0,0,0,0.153,0.007,26.1,26,26.2,0.139
2/10/2020,4,0.155,0.002,0.001,0.001,0.17,0.009,26,25.9,26.1,0.157
2/10/2020,5,0.141,0.003,0.002,0.001,0.146,0.009,25.9,25.8,26,0.144
2/10/2020,6,0.131,0.001,0,0,0.137,0.007,25.8,25.6,25.9,0.132
2/10/2020,7,0.188,0.003,0.001,0.001,0.2,0.024,25.7,25.6,25.8,0.191
2/10/2020,8,0.186,0.003,0,0,0.199,0.023,25.6,25.6,25.7,0.189
2/10/2020,9,0.536,0.313,0.548,0.003,0.27,0.045,25.5,25.4,25.6,0.849
2/10/2020,10,0.622,0.368,0.635,0,0.306,0.048,25.4,25.4,25.6,0.99
2/10/2020,11,0.494,0.306,0.588,0.005,0.217,0.026,25.4,25.3,25.6,0.8
2/10/2020,12,0.283,0.002,0,0,0.297,0.022,25.3,25.3,25.4,0.285
2/10/2020,13,0.412,0.166,0,0.327,0.268,0.022,25.3,25.3,25.4,0.578
2/10/2020,14,0.201,0.009,0.003,0.011,0.209,0.023,25.2,25.1,25.4,0.21
2/10/2020,15,0.313,0.055,0.002,0.098,0.267,0.027,25,24.9,25.1,0.368
2/10/2020,16,0.301,0.085,0,0.163,0.233,0.022,24.9,24.7,25,0.386
2/10/2020,17,0.546,0.243,0.439,0.029,0.335,0.025,24.6,24.5,24.8,0.789
2/10/2020,18,0.382,0.017,0,0.014,0.384,0.027,24.3,24.1,24.6,0.399
2/10/2020,19,0.331,0.03,0,0.046,0.317,0.025,24,23.8,24.2,0.361
2/10/2020,20,0.322,0.034,0,0.051,0.307,0.027,23.9,23.8,24,0.356
2/10/2020,21,0.605,0.385,0.751,0.002,0.264,0.024,23.7,23.6,23.9,0.99
2/10/2020,22,0.362,0.016,0,0.031,0.357,0.021,23.7,23.5,23.8,0.378
2/10/2020,23,0.504,0.286,0.387,0.196,0.239,0.008,23.5,23.3,23.6,0.79
2/11/2020,0,0.197,0,0.001,0.001,0.204,0.005,23.2,23.1,23.4,0.197
2/11/2020,1,0.168,0,0,0,0.18,0.003,23,22.9,23.2,0.168
2/11/2020,2,0.166,0.001,0,0,0.178,0.003,22.8,22.6,23,0.167
2/11/2020,3,0.251,0,0,0,0.259,0.003,22.6,22.4,22.7,0.251
2/11/2020,4,0.177,0,0,0,0.182,0.003,22.4,22.2,22.5,0.177
2/11/2020,5,0.118,0,0,0,0.125,0.003,22.1,21.9,22.2,0.118
2/11/2020,6,0.125,0.004,0,0,0.129,0.008,21.9,21.8,22,0.129
2/11/2020,7,0.193,0.01,0,0,0.199,0.028,22,21.9,22.1,0.203
2/11/2020,8,0.229,0.023,0.001,0.012,0.232,0.034,22,21.9,22.1,0.252
2/11/2020,9,0.198,0.032,0,0.032,0.189,0.033,22.1,22,22.2,0.23
2/11/2020,10,0.364,0.036,0,0.055,0.344,0.027,22.3,22.2,22.4,0.4
2/11/2020,11,0.371,0.059,0.003,0.09,0.328,0.032,22.3,22.2,22.4,0.43
2/11/2020,12,0.312,0.085,0,0.15,0.247,0.028,22.5,22.3,22.6,0.397
2/11/2020,13,0.176,0.005,0,0.003,0.181,0.024,22.6,22.5,22.6,0.181
2/11/2020,14,0.197,0.011,0,0.006,0.201,0.027,22.6,22.6,22.7,0.208
2/11/2020,15,0.22,0.007,0,0,0.229,0.026,22.6,22.6,22.8,0.227
2/11/2020,16,0.374,0.011,0,0.013,0.375,0.025,22.7,22.6,22.8,0.385
2/11/2020,17,0.661,0.393,0.759,0.008,0.288,0.026,22.7,22.6,22.7,1.054
2/11/2020,18,0.563,0.348,0.467,0.202,0.254,0.027,22.6,22.5,22.7,0.911
2/11/2020,19,0.278,0.004,0,0,0.29,0.025,22.5,22.4,22.6,0.282
2/11/2020,20,0.539,0.023,0.012,0.033,0.526,0.028,22.3,22.2,22.4,0.562
2/11/2020,21,0.451,0.103,0.006,0.178,0.377,0.033,22.2,22.1,22.3,0.554
2/11/2020,22,0.254,0.009,0.001,0.004,0.262,0.026,22.1,22,22.2,0.263
2/11/2020,23,0.551,0.321,0.621,0,0.265,0.02,22,21.9,22.1,0.872
2/12/2020,0,0.185,0.007,0,0,0.193,0.014,21.9,21.9,22,0.192
2/12/2020,1,0.219,0.007,0,0,0.228,0.019,21.8,21.8,21.9,0.226
2/12/2020,2,0.267,0.007,0,0,0.274,0.019,21.7,21.6,21.8,0.274
2/12/2020,3,0.127,0.007,0,0,0.139,0.015,21.6,21.5,21.7,0.134
2/12/2020,4,0.128,0.008,0,0,0.139,0.015,21.5,21.4,21.6,0.136
2/12/2020,5,0.163,0.009,0.001,0.001,0.169,0.013,21.4,21.2,21.4,0.172
2/12/2020,6,0.12,0.008,0,0,0.133,0.013,21.3,21.2,21.3,0.128
2/12/2020,7,0.129,0.025,0.001,0.026,0.128,0.029,21.2,21.2,21.3,0.154
2/12/2020,8,0.309,0.156,0.251,0.004,0.191,0.045,21.4,21.2,21.4,0.465
2/12/2020,9,1,0.826,1.571,0.028,0.203,0.031,21.5,21.4,21.7,1.826
2/12/2020,10,0.168,0.039,0.001,0.002,0.175,0.056,21.9,21.7,21.9,0.207
2/12/2020,11,0.119,0.009,0,0,0.129,0.028,22,21.9,22.1,0.128
2/12/2020,12,0.277,0.007,0,0.002,0.286,0.026,22.1,22,22.1,0.284
2/12/2020,13,0.51,0.247,0.472,0.002,0.287,0.028,22.1,22.1,22.2,0.757
2/12/2020,14,0.187,0.008,0,0,0.2,0.027,22.2,22.1,22.2,0.195
2/12/2020,15,0.326,0.126,0,0.227,0.222,0.029,22.2,22.2,22.2,0.452
2/12/2020,16,0.607,0.326,0.543,0.082,0.319,0.028,22.2,22.2,22.3,0.933
2/12/2020,17,0.434,0.007,0,0.001,0.44,0.025,22.3,22.2,22.3,0.441
2/12/2020,18,0.497,0.28,0.536,0,0.247,0.027,22.2,22.1,22.3,0.777
2/12/2020,19,0.337,0.045,0.008,0.056,0.314,0.033,22.1,22.1,22.2,0.382
2/12/2020,20,0.513,0.074,0.001,0.126,0.469,0.027,22,22,22.1,0.587
2/12/2020,21,0.226,0.005,0,0,0.236,0.025,22,21.9,22.1,0.231
2/12/2020,22,0.515,0.053,0,0.089,0.483,0.026,21.9,21.8,22,0.568
2/12/2020,23,0.642,0.245,0.346,0.13,0.419,0.018,21.9,21.8,21.9,0.887
2/13/2020,0,0.291,0.058,0.002,0.1,0.249,0.019,21.9,21.8,21.9,0.349
2/13/2020,1,0.146,0.006,0,0,0.152,0.013,21.8,21.7,21.9,0.152
2/13/2020,2,0.164,0.007,0,0,0.175,0.014,21.7,21.6,21.7,0.171
2/13/2020,3,0.158,0.008,0.002,0.002,0.163,0.014,21.6,21.5,21.6,0.166
2/13/2020,4,0.122,0.008,0,0,0.135,0.014,21.5,21.4,21.6,0.13
2/13/2020,5,0.154,0.007,0,0,0.163,0.013,21.5,21.4,21.5,0.161
2/13/2020,6,0.278,0.029,0,0.044,0.266,0.015,21.4,21.4,21.5,0.307
2/13/2020,7,1.111,0.847,1.629,0.003,0.3,0.037,21.5,21.4,21.7,1.958
2/13/2020,8,0.961,0.743,1.434,0.004,0.24,0.031,22,21.7,22.2,1.704
2/13/2020,9,0.478,0.337,0.636,0.006,0.168,0.031,22.4,22.2,22.4,0.815
2/13/2020,10,0.234,0.006,0,0,0.243,0.026,22.6,22.4,22.8,0.24
2/13/2020,11,0.525,0.055,0.001,0.003,0.526,0.072,22.9,22.7,23.3,0.58
2/13/2020,12,0.409,0.099,0,0.174,0.33,0.029,23.2,23,23.3,0.508
2/13/2020,13,0.216,0.005,0.001,0.006,0.218,0.023,23.5,23.3,23.7,0.221
2/13/2020,14,0.319,0.113,0.207,0,0.224,0.028,23.8,23.6,23.9,0.432
2/13/2020,15,0.43,0.236,0.454,0,0.21,0.026,24,23.9,24.1,0.666
2/13/2020,16,0.141,0.001,0,0,0.151,0.022,24,23.9,24.1,0.142
2/13/2020,17,0.349,0.184,0.356,0.003,0.183,0.024,24,23.9,24,0.533
2/13/2020,18,0.466,0.036,0.007,0.063,0.439,0.025,24,23.9,24.1,0.502
2/13/2020,19,0.613,0.23,0.435,0.011,0.405,0.024,23.9,23.9,24,0.843
2/13/2020,20,0.377,0.005,0.001,0.001,0.381,0.025,23.8,23.7,23.9,0.382
2/13/2020,21,0.264,0.027,0,0.046,0.252,0.023,23.8,23.7,23.9,0.291
2/13/2020,22,0.394,0.137,0.259,0.001,0.278,0.025,23.7,23.6,23.7,0.531
2/13/2020,23,0.462,0.213,0.419,0,0.277,0.01,23.6,23.5,23.6,0.675
2/14/2020,0,0.232,0,0.001,0,0.236,0.007,23.4,23.3,23.6,0.232
2/14/2020,1,0.209,0,0,0,0.219,0.006,23.3,23.2,23.4,0.209
2/14/2020,2,0.178,0,0,0,0.189,0.007,23.1,22.9,23.3,0.178
2/14/2020,3,0.14,0.001,0,0,0.148,0.007,22.9,22.8,23,0.141
2/14/2020,4,0.153,0.003,0,0,0.162,0.008,22.7,22.5,22.8,0.156
2/14/2020,5,0.158,0.004,0,0,0.17,0.01,22.5,22.4,22.6,0.162
2/14/2020,6,0.116,0.017,0.001,0.004,0.128,0.02,22.7,22.4,23.1,0.133
2/14/2020,7,0.149,0.002,0,0,0.157,0.023,23.3,23.1,23.4,0.151
2/14/2020,8,0.171,0.002,0.002,0.001,0.176,0.023,23.2,23.1,23.3,0.173
2/14/2020,9,0.269,0.002,0.002,0.001,0.274,0.023,23.3,23.2,23.6,0.271
2/14/2020,10,0.762,0.499,0.974,0,0.28,0.023,23.7,23.6,23.8,1.261
2/14/2020,11,0.142,0.001,0,0,0.153,0.022,24,23.7,24.2,0.143
2/14/2020,12,0.293,0.001,0,0,0.303,0.022,24.2,24.1,24.4,0.294
2/14/2020,13,0.195,0.001,0,0,0.205,0.022,24.4,24.3,24.6,0.196
2/14/2020,14,0.179,0.001,0.001,0.001,0.185,0.023,24.5,24.4,24.6,0.18
2/14/2020,15,0.315,0.096,0,0.189,0.23,0.022,24.6,24.5,24.6,0.411
2/14/2020,16,0.247,0.001,0,0,0.255,0.022,24.5,24.4,24.6,0.248
2/14/2020,17,0.41,0.001,0,0,0.415,0.022,24.5,24.4,24.6,0.411
2/14/2020,18,0.511,0.095,0.127,0.057,0.433,0.023,24.4,24.4,24.5,0.606
2/14/2020,19,0.798,0.406,0.747,0.052,0.42,0.024,24.5,24.4,24.5,1.204
2/14/2020,20,0.325,0.096,0.146,0.03,0.25,0.027,24.5,24.4,24.6,0.421
2/14/2020,21,0.226,0.04,0,0.003,0.234,0.058,24.5,24.4,24.5,0.266
2/14/2020,22,0.276,0.003,0,0.003,0.286,0.023,24.4,24.3,24.4,0.279
2/14/2020,23,0.476,0.197,0.34,0.053,0.302,0.015,24.2,24.2,24.3,0.673
2/15/2020,0,0.248,0,0,0,0.26,0.007,24.1,24,24.2,0.248
2/15/2020,1,0.218,0,0,0,0.23,0.005,23.9,23.8,24,0.218
2/15/2020,2,0.253,0,0,0,0.264,0.005,23.8,23.7,23.9,0.253
2/15/2020,3,0.246,0.004,0.001,0.001,0.252,0.015,23.6,23.5,23.7,0.25
2/15/2020,4,0.157,0,0,0,0.165,0.007,23.4,23.3,23.6,0.157
2/15/2020,5,0.129,0,0,0,0.139,0.007,23.3,23.2,23.4,0.129
2/15/2020,6,0.185,0.017,0.001,0.006,0.189,0.022,23.2,23.1,23.3,0.202
2/15/2020,7,0.138,0.001,0,0,0.148,0.022,23.2,23.1,23.3,0.139
2/15/2020,8,0.147,0.001,0.001,0.001,0.156,0.022,23.5,23.3,23.6,0.148
2/15/2020,9,0.178,0.001,0,0,0.191,0.022,23.8,23.6,23.9,0.179
2/15/2020,10,0.445,0.251,0.496,0,0.216,0.024,24.1,23.9,24.4,0.696
2/15/2020,11,0.219,0.001,0,0,0.231,0.022,24.5,24.3,24.6,0.22
2/15/2020,12,0.246,0.002,0,0.003,0.255,0.022,24.8,24.6,24.9,0.248
2/15/2020,13,0.329,0.043,0,0.085,0.296,0.024,25.1,24.9,25.2,0.372
2/15/2020,14,0.19,0,0,0,0.2,0.022,25.3,25.2,25.5,0.19
2/15/2020,15,0.204,0.002,0.001,0.002,0.21,0.022,25.6,25.4,25.7,0.206
2/15/2020,16,0.301,0.001,0.001,0.001,0.308,0.022,25.8,25.7,25.9,0.302
2/15/2020,17,0.33,0.074,0.001,0.142,0.263,0.025,25.9,25.8,25.9,0.404
2/15/2020,18,0.812,0.558,0.415,0.706,0.298,0.045,25.9,25.8,25.9,1.37
2/15/2020,19,0.223,0.005,0,0.001,0.23,0.023,25.9,25.8,25.9,0.228
2/15/2020,20,0.238,0.021,0,0.036,0.229,0.023,25.9,25.8,25.9,0.259
2/15/2020,21,0.331,0.007,0.002,0.002,0.338,0.027,25.9,25.8,25.9,0.338
2/15/2020,22,0.627,0.433,0.859,0,0.24,0.025,25.8,25.8,25.9,1.06
2/15/2020,23,0.226,0,0,0.001,0.233,0.006,25.8,25.8,25.9,0.226
2/16/2020,0,0.214,0.002,0,0,0.225,0.018,25.7,25.6,25.8,0.216
2/16/2020,1,0.258,0.001,0.002,0.001,0.266,0.008,25.5,25.4,25.6,0.259
2/16/2020,2,0.143,0.001,0,0.001,0.153,0.007,25.4,25.3,25.5,0.144
2/16/2020,3,0.133,0.002,0.002,0.001,0.138,0.014,25.2,25.2,25.3,0.135
2/16/2020,4,0.151,0,0,0.001,0.159,0.006,25.1,24.9,25.3,0.151
2/16/2020,5,0.148,0.001,0,0.002,0.152,0.007,24.9,24.8,25,0.149
2/16/2020,6,0.142,0,0,0,0.151,0.006,25,24.7,25.4,0.142
2/16/2020,7,0.159,0.001,0,0,0.168,0.022,25.5,25.1,25.7,0.16
2/16/2020,8,0.205,0.002,0.001,0.003,0.213,0.022,25.5,25.4,25.6,0.207
2/16/2020,9,0.395,0.155,0,0.303,0.267,0.022,25.6,25.5,25.8,0.55
2/16/2020,10,0.554,0.229,0,0.448,0.351,0.022,25.9,25.8,26.1,0.783
2/16/2020,11,1.243,0.849,1.159,0.565,0.441,0.033,26.3,26,26.6,2.092
2/16/2020,12,0.838,0.384,0,0.747,0.487,0.022,26.7,26.4,27.2,1.222
2/16/2020,13,0.594,0.208,0.011,0.392,0.414,0.031,27.2,26.9,27.6,0.802
2/16/2020,14,0.678,0.382,0.001,0.733,0.336,0.023,27,26.9,27.1,1.06
2/16/2020,15,0.329,0.117,0.005,0.222,0.232,0.024,26.8,26.8,27,0.446
2/16/2020,16,0.65,0.331,0.002,0.642,0.35,0.023,26.7,26.6,26.8,0.981
2/16/2020,17,0.624,0.257,0.001,0.503,0.383,0.023,26.6,26.5,26.8,0.881
2/16/2020,18,0.667,0.217,0.392,0.038,0.479,0.024,26.4,26.3,26.6,0.884
2/16/2020,19,0.557,0.024,0,0.048,0.549,0.022,26.3,26.2,26.4,0.581
2/16/2020,20,0.352,0.053,0.001,0.1,0.318,0.023,26.1,26,26.3,0.405
2/16/2020,21,0.388,0.024,0.002,0.042,0.378,0.023,25.9,25.8,26.1,0.412
2/16/2020,22,0.299,0.002,0,0,0.307,0.023,25.9,25.8,25.9,0.301
2/16/2020,23,0.326,0.005,0,0.008,0.333,0.013,25.8,25.8,25.9,0.331
2/17/2020,0,0.3,0,0,0,0.31,0.011,25.8,25.7,25.9,0.3
2/17/2020,1,0.163,0.002,0.001,0.001,0.171,0.011,25.8,25.8,25.9,0.165
2/17/2020,2,0.171,0,0,0,0.183,0.005,25.7,25.6,25.8,0.171
2/17/2020,3,0.16,0,0,0,0.169,0.005,25.6,25.5,25.7,0.16
2/17/2020,4,0.149,0,0,0,0.161,0.004,25.5,25.4,25.6,0.149
2/17/2020,5,0.183,0,0,0.001,0.194,0.006,25.3,25.3,25.4,0.183
2/17/2020,6,0.279,0.161,0.271,0.004,0.16,0.03,25.4,25.2,25.8,0.44
2/17/2020,7,0.151,0.001,0,0,0.165,0.022,25.8,25.4,26,0.152
2/17/2020,8,0.218,0.003,0,0,0.226,0.025,25.6,25.4,25.7,0.221
2/17/2020,9,0.362,0.167,0.328,0.004,0.21,0.025,25.8,25.6,26.1,0.529
2/17/2020,10,0.388,0.153,0.001,0.3,0.248,0.023,26.1,25.9,26.2,0.541
2/17/2020,11,0.698,0.536,1.04,0.036,0.194,0.034,26.4,26.1,26.6,1.234
2/17/2020,12,0.582,0.217,0.002,0.423,0.371,0.022,26.7,26.6,26.9,0.799
2/17/2020,13,0.446,0.1,0.002,0.196,0.359,0.024,27.1,26.8,27.6,0.546
2/17/2020,14,0.381,0.113,0.004,0.216,0.286,0.022,27.3,27.2,27.5,0.494
2/17/2020,15,0.304,0.116,0.001,0.226,0.199,0.023,27.5,27.4,27.6,0.42
2/17/2020,16,0.605,0.368,0.002,0.721,0.264,0.022,27.5,27.4,27.6,0.973
2/17/2020,17,0.489,0.257,0,0.5,0.258,0.023,27.5,27.4,27.5,0.746
2/17/2020,18,0.769,0.573,0.29,0.854,0.238,0.025,27.3,27.2,27.4,1.342
2/17/2020,19,0.747,0.38,0.006,0.721,0.407,0.03,27.2,27.1,27.4,1.127
2/17/2020,20,0.537,0.022,0,0.042,0.523,0.022,27,26.9,27.1,0.559
2/17/2020,21,0.517,0.163,0.308,0.006,0.375,0.028,27,26.9,27.1,0.68
2/17/2020,22,0.413,0.002,0,0,0.42,0.023,27,26.9,27.1,0.415
2/17/2020,23,0.321,0.094,0.187,0,0.242,0.007,27,26.9,27.1,0.415
2/18/2020,0,0.254,0.001,0,0,0.265,0.006,26.9,26.8,26.9,0.255
2/18/2020,1,0.192,0.001,0,0,0.204,0.007,26.7,26.6,26.8,0.193
2/18/2020,2,0.128,0.001,0,0,0.139,0.013,26.5,26.4,26.7,0.129
2/18/2020,3,0.245,0.003,0.002,0.001,0.25,0.009,26.4,26.2,26.5,0.248
2/18/2020,4,0.237,0,0,0,0.242,0.006,26.2,26.1,26.3,0.237
2/18/2020,5,0.174,0,0,0.001,0.179,0.007,26,25.9,26.1,0.174
2/18/2020,6,0.245,0.082,0.126,0.013,0.188,0.015,26.2,25.9,26.4,0.327
2/18/2020,7,0.171,0.001,0,0,0.178,0.022,26.7,26.4,26.8,0.172
2/18/2020,8,0.146,0.001,0,0,0.155,0.022,26.7,26.6,26.8,0.147
2/18/2020,9,0.522,0.347,0,0.681,0.198,0.022,26.8,26.7,26.9,0.869
2/18/2020,10,0.478,0.188,0,0.365,0.308,0.022,27,26.9,27.1,0.666
2/18/2020,11,0.606,0.293,0,0.572,0.332,0.022,27.2,27.1,27.4,0.899
2/18/2020,12,0.47,0.224,0,0.437,0.261,0.022,27.5,27.3,27.7,0.694
2/18/2020,13,0.626,0.391,0.005,0.754,0.262,0.024,27.8,27.7,28,1.017
2/18/2020,14,0.454,0.295,0.001,0.571,0.179,0.022,28.1,27.9,28.3,0.749
2/18/2020,15,0.461,0.225,0,0.438,0.256,0.022,28.4,28.2,28.6,0.686
2/18/2020,16,0.632,0.289,0.01,0.554,0.356,0.027,28.6,28.5,28.7,0.921
2/18/2020,17,0.797,0.361,0.012,0.695,0.455,0.026,28.5,28.4,28.7,1.158
2/18/2020,18,0.593,0.342,0.006,0.659,0.279,0.025,28.5,28.4,28.5,0.935
2/18/2020,19,0.224,0.001,0,0,0.235,0.022,28.3,28.1,28.5,0.225
2/18/2020,20,0.812,0.15,0.241,0.003,0.703,0.049,28.1,28.1,28.2,0.962
2/18/2020,21,0.894,0.439,0.305,0.571,0.482,0.026,28,27.9,28.2,1.333
2/18/2020,22,1.012,0.696,0.569,0.844,0.377,0.028,27.9,27.8,28,1.708
2/18/2020,23,0.82,0.478,0.736,0.213,0.379,0.011,27.7,27.7,27.9,1.298
2/19/2020,0,0.34,0.018,0,0.035,0.333,0.017,27.7,27.6,27.8,0.358
2/19/2020,1,0.229,0,0,0,0.243,0.006,27.5,27.3,27.6,0.229
2/19/2020,2,0.174,0.001,0,0,0.185,0.005,27.2,27.1,27.4,0.175
2/19/2020,3,0.18,0,0,0,0.191,0.008,27,26.9,27.1,0.18
2/19/2020,4,0.13,0,0.001,0.001,0.14,0.006,26.9,26.8,26.9,0.13
2/19/2020,5,0.154,0.001,0,0.003,0.163,0.007,26.7,26.6,26.8,0.155
2/19/2020,6,0.289,0.096,0.186,0.003,0.206,0.008,26.7,26.6,26.9,0.385
2/19/2020,7,0.25,0.001,0,0,0.258,0.022,27.2,26.9,27.2,0.251
2/19/2020,8,0.186,0.002,0.001,0.004,0.187,0.023,27.2,27.1,27.2,0.188
2/19/2020,9,0.174,0.001,0,0,0.179,0.023,27.3,27.2,27.4,0.175
2/19/2020,10,0.586,0.419,0.327,0.486,0.207,0.027,27.4,27.4,27.6,1.005
2/19/2020,11,0.295,0.14,0.005,0.265,0.174,0.023,27.6,27.5,27.7,0.435
2/19/2020,12,0.609,0.346,0.036,0.64,0.289,0.025,27.8,27.6,27.9,0.955
2/19/2020,13,0.743,0.451,0.002,0.878,0.323,0.023,27.9,27.9,28,1.194
2/19/2020,14,0.742,0.494,0.004,0.969,0.285,0.024,28,27.9,28.1,1.236
2/19/2020,15,0.446,0.213,0,0.376,0.276,0.036,28,27.9,28.1,0.659
2/19/2020,16,0.383,0.238,0,0.384,0.209,0.044,28,27.9,28.1,0.621
2/19/2020,17,0.322,0.025,0.003,0.002,0.33,0.034,27.9,27.6,28.1,0.347
2/19/2020,18,0.56,0.16,0.298,0.02,0.428,0.025,27.6,27.4,27.8,0.72
2/19/2020,19,0.538,0.005,0.001,0.001,0.54,0.027,27.5,27.5,27.6,0.543
2/19/2020,20,0.405,0.002,0,0,0.413,0.022,27.5,27.4,27.6,0.407
2/19/2020,21,0.491,0.091,0,0.174,0.413,0.023,27.4,27.3,27.5,0.582
2/19/2020,22,0.291,0.028,0.001,0,0.3,0.046,27.2,27.1,27.4,0.319
2/19/2020,23,0.315,0.001,0.001,0.001,0.323,0.006,27.1,26.9,27.1,0.316
2/20/2020,0,0.311,0,0.001,0.001,0.321,0.006,26.9,26.8,27,0.311
2/20/2020,1,0.236,0,0,0,0.244,0.005,26.8,26.7,26.9,0.236
2/20/2020,2,0.216,0,0,0,0.228,0.005,26.7,26.6,26.8,0.216
2/20/2020,3,0.168,0,0,0,0.178,0.005,26.5,26.4,26.6,0.168
2/20/2020,4,0.142,0,0.001,0,0.153,0.004,26.4,26.3,26.5,0.142
2/20/2020,5,0.187,0,0,0,0.198,0.006,26.3,26.2,26.4,0.187
2/20/2020,6,0.271,0.115,0.226,0.003,0.167,0.007,26.1,26.1,26.2,0.386
2/20/2020,7,0.144,0,0,0,0.148,0.022,26.2,26.1,26.3,0.144
2/20/2020,8,0.159,0.006,0,0,0.163,0.028,26.4,26.2,26.6,0.165
2/20/2020,9,0.14,0,0,0,0.145,0.022,26.8,26.5,26.9,0.14
2/20/2020,10,0.811,0.6,0.54,0.687,0.244,0.024,26.9,26.9,27,1.411
2/20/2020,11,0.606,0.267,0.256,0.274,0.356,0.023,27.1,26.9,27.2,0.873
2/20/2020,12,0.316,0.158,0,0.307,0.172,0.023,27.2,27.1,27.2,0.474
2/20/2020,13,0.197,0,0,0.001,0.206,0.022,27.3,27.2,27.4,0.197
2/20/2020,14,0.266,0.001,0.001,0.001,0.272,0.022,27.3,27.2,27.4,0.267
2/20/2020,15,0.137,0.001,0.003,0.001,0.135,0.022,27.3,27.2,27.3,0.138
2/20/2020,16,0.139,0.001,0,0,0.142,0.022,27.3,27.2,27.4,0.14
2/20/2020,17,0.153,0,0,0,0.155,0.022,27.4,27.3,27.4,0.153
2/20/2020,18,0.405,0.174,0.341,0.004,0.247,0.024,27.2,27.1,27.4,0.579
2/20/2020,19,0.457,0.007,0.005,0.017,0.451,0.023,27.2,27.1,27.2,0.464
2/20/2020,20,0.299,0.001,0,0,0.305,0.023,27.2,27.1,27.2,0.3
2/20/2020,21,0.712,0.395,0.01,0.737,0.359,0.031,27.1,27.1,27.1,1.107
2/20/2020,22,0.861,0.562,0.422,0.676,0.362,0.03,27.1,27.1,27.1,1.423
2/20/2020,23,0.298,0.064,0.116,0.012,0.249,0.008,27.1,27,27.1,0.362
2/21/2020,0,0.312,0.001,0,0.001,0.317,0.005,27,26.9,27.1,0.313
2/21/2020,1,0.26,0,0,0,0.272,0.004,26.9,26.8,27,0.26
2/21/2020,2,0.169,0,0,0,0.175,0.015,26.8,26.8,26.9,0.169
2/21/2020,3,0.171,0.001,0.002,0.001,0.174,0.012,26.7,26.6,26.8,0.172
2/21/2020,4,0.168,0,0,0,0.175,0.014,26.5,26.4,26.6,0.168
2/21/2020,5,0.215,0.002,0,0.002,0.224,0.011,26.4,26.3,26.5,0.217
2/21/2020,6,0.26,0.13,0.221,0.005,0.168,0.025,26.3,26.2,26.4,0.39
2/21/2020,7,0.156,0.001,0,0,0.168,0.022,26.2,26.1,26.3,0.157
2/21/2020,8,0.692,0.507,1.006,0,0.208,0.024,26.2,26.1,26.2,1.199
2/21/2020,9,0.186,0,0,0,0.195,0.022,26.2,26.1,26.2,0.186
2/21/2020,10,0.184,0.003,0.002,0.001,0.191,0.023,26.1,26.1,26.2,0.187
2/21/2020,11,0.18,0.002,0,0,0.187,0.023,26.1,26,26.1,0.182
2/21/2020,12,0.256,0.002,0,0.001,0.268,0.023,26,25.8,26.1,0.258
2/21/2020,13,0.316,0.002,0,0.002,0.327,0.022,25.9,25.8,25.9,0.318
2/21/2020,14,0.331,0.001,0,0,0.338,0.022,25.9,25.8,26,0.332
2/21/2020,15,0.234,0,0,0,0.244,0.022,25.8,25.7,25.9,0.234
2/21/2020,16,0.168,0,0.001,0.001,0.178,0.022,25.8,25.8,25.9,0.168
2/21/2020,17,0.253,0.002,0.002,0,0.266,0.023,25.7,25.6,25.8,0.255
2/21/2020,18,0.425,0.218,0.391,0.042,0.231,0.024,25.6,25.5,25.7,0.643
2/21/2020,19,0.278,0.001,0,0,0.288,0.022,25.5,25.3,25.5,0.279
2/21/2020,20,0.733,0.501,0.993,0.001,0.273,0.025,25.2,25.2,25.3,1.234
2/21/2020,21,0.245,0.002,0,0.003,0.257,0.022,25.1,25.1,25.2,0.247
2/21/2020,22,0.352,0.002,0,0.003,0.361,0.022,25,24.9,25.1,0.354
2/21/2020,23,0.64,0.287,0.426,0.146,0.383,0.01,24.9,24.9,25,0.927
2/22/2020,0,0.225,0.001,0,0,0.235,0.006,24.8,24.6,24.9,0.226
2/22/2020,1,0.159,0.001,0,0,0.171,0.017,24.6,24.4,24.7,0.16
2/22/2020,2,0.139,0.001,0.001,0.001,0.144,0.013,24.4,24.3,24.5,0.14
2/22/2020,3,0.141,0,0,0,0.15,0.005,24.3,24.2,24.4,0.141
2/22/2020,4,0.136,0,0,0,0.143,0.011,24.2,24.1,24.3,0.136
2/22/2020,5,0.136,0,0,0,0.142,0.006,24.1,24,24.1,0.136
2/22/2020,6,0.188,0.009,0,0.019,0.191,0.009,24,23.9,24.1,0.197
2/22/2020,7,0.359,0.077,0.006,0.159,0.292,0.029,23.9,23.8,23.9,0.436
2/22/2020,8,0.475,0.002,0,0.001,0.477,0.022,23.8,23.7,23.9,0.477
2/22/2020,9,0.422,0.05,0,0.002,0.427,0.068,23.8,23.7,23.9,0.472
2/22/2020,10,0.27,0.019,0,0.003,0.277,0.038,23.6,23.4,23.8,0.289
2/22/2020,11,0.375,0.014,0,0.026,0.371,0.022,23.4,23.3,23.5,0.389
2/22/2020,12,0.446,0.019,0,0.037,0.438,0.022,23.4,23.4,23.5,0.465
2/22/2020,13,0.292,0.004,0.002,0.001,0.304,0.022,23.6,23.5,23.6,0.296
2/22/2020,14,0.197,0.004,0.002,0.006,0.202,0.023,23.6,23.4,23.6,0.201
2/22/2020,15,0.642,0.388,0.627,0.155,0.289,0.025,23.4,23.3,23.5,1.03
2/22/2020,16,0.34,0.129,0.24,0.002,0.236,0.028,23.4,23.4,23.6,0.469
2/22/2020,17,0.202,0.003,0,0.003,0.21,0.023,23.3,23.2,23.4,0.205
2/22/2020,18,0.208,0.001,0,0.001,0.221,0.022,23.1,23,23.3,0.209
2/22/2020,19,0.29,0.004,0,0.009,0.299,0.022,22.7,22.6,23,0.294
2/22/2020,20,0.623,0.33,0.642,0.01,0.317,0.025,22.6,22.5,22.8,0.953
2/22/2020,21,0.286,0.001,0,0.001,0.301,0.022,22.5,22.3,22.6,0.287
2/22/2020,22,0.626,0.343,0.526,0.152,0.316,0.025,22.3,22.1,22.4,0.969
2/22/2020,23,0.504,0.07,0,0.138,0.446,0.007,22.2,22.1,22.2,0.574
2/23/2020,0,0.28,0.005,0,0.001,0.291,0.01,22.1,22,22.2,0.285
2/23/2020,1,0.302,0.007,0.002,0.002,0.311,0.013,21.8,21.7,22,0.309
2/23/2020,2,0.142,0.01,0.002,0.001,0.15,0.013,21.6,21.6,21.8,0.152
2/23/2020,3,0.132,0.009,0.001,0.001,0.14,0.014,21.5,21.4,21.6,0.141
2/23/2020,4,0.134,0.009,0,0,0.147,0.014,21.3,21.2,21.4,0.143
2/23/2020,5,0.13,0.009,0,0,0.142,0.014,21.2,21.1,21.2,0.139
2/23/2020,6,0.175,0.012,0,0.004,0.18,0.017,21.1,21,21.2,0.187
2/23/2020,7,0.284,0.09,0,0.153,0.221,0.031,21.2,21.1,21.3,0.374
2/23/2020,8,0.138,0.009,0,0,0.146,0.028,21.4,21.2,21.5,0.147
2/23/2020,9,0.144,0.009,0,0.005,0.148,0.027,21.5,21.4,21.6,0.153
2/23/2020,10,0.265,0.013,0,0.01,0.266,0.027,21.7,21.6,21.8,0.278
2/23/2020,11,0.551,0.007,0,0.001,0.555,0.026,21.8,21.7,21.9,0.558
2/23/2020,12,0.444,0.007,0,0,0.451,0.026,21.9,21.8,22,0.451
2/23/2020,13,0.327,0.007,0.004,0.002,0.334,0.027,22.1,22,22.2,0.334
2/23/2020,14,0.437,0.122,0,0.228,0.339,0.026,22.2,22.1,22.3,0.559
2/23/2020,15,0.206,0.006,0,0,0.215,0.026,22.3,22.2,22.3,0.212
2/23/2020,16,0.357,0.013,0,0.016,0.357,0.025,22.3,22.3,22.4,0.37
2/23/2020,17,0.251,0.008,0,0.006,0.255,0.025,22.3,22.1,22.4,0.259
2/23/2020,18,0.405,0.125,0.002,0.239,0.303,0.025,22.2,22.1,22.2,0.53
2/23/2020,19,0.339,0.056,0,0.102,0.304,0.025,22.1,22.1,22.2,0.395
2/23/2020,20,0.502,0.202,0.001,0.388,0.331,0.026,22.1,22.1,22.2,0.704
2/23/2020,21,0.416,0.135,0.247,0.004,0.306,0.03,22.1,22.1,22.2,0.551
2/23/2020,22,1.421,1.175,2.297,0.014,0.302,0.036,22.1,22,22.2,2.596
2/23/2020,23,0.702,0.463,0.838,0.049,0.313,0.044,22.2,22.1,22.2,1.165
2/24/2020,0,0.314,0.008,0.001,0.002,0.319,0.016,22.2,22.1,22.2,0.322
2/24/2020,1,0.208,0.007,0,0,0.217,0.012,22,21.9,22.2,0.215
2/24/2020,2,0.159,0.007,0,0,0.169,0.011,21.9,21.8,21.9,0.166
2/24/2020,3,0.195,0.008,0,0,0.203,0.016,21.7,21.6,21.8,0.203
2/24/2020,4,0.202,0.009,0,0,0.21,0.015,21.6,21.5,21.6,0.211
2/24/2020,5,0.15,0.01,0,0.001,0.155,0.014,21.5,21.4,21.6,0.16
2/24/2020,6,0.138,0.01,0,0,0.144,0.013,21.4,21.4,21.6,0.148
2/24/2020,7,0.147,0.01,0,0,0.157,0.029,21.5,21.4,21.6,0.157
2/24/2020,8,0.215,0.026,0,0.035,0.206,0.027,21.8,21.6,21.9,0.241
2/24/2020,9,0.15,0.012,0.001,0.01,0.153,0.027,22,21.9,22.2,0.162
2/24/2020,10,0.323,0.174,0.327,0.004,0.173,0.028,22.4,22.2,22.6,0.497
2/24/2020,11,0.343,0.036,0,0.064,0.318,0.024,22.8,22.6,23,0.379
2/24/2020,12,0.375,0.003,0,0,0.38,0.023,23.2,22.9,23.4,0.378
2/24/2020,13,0.378,0.048,0,0.09,0.345,0.024,23.5,23.3,23.8,0.426
2/24/2020,14,0.279,0.001,0,0,0.289,0.022,24.1,23.7,24.2,0.28
2/24/2020,15,0.267,0.003,0,0.006,0.272,0.022,24,23.9,24.2,0.27
2/24/2020,16,0.619,0.301,0.592,0.003,0.342,0.025,24,24,24.1,0.92
2/24/2020,17,0.927,0.664,1.311,0.003,0.293,0.028,24,23.9,24.1,1.591
2/24/2020,18,0.288,0.002,0,0.003,0.293,0.022,23.9,23.9,24.1,0.29
2/24/2020,19,0.277,0.001,0,0,0.278,0.022,23.9,23.7,23.9,0.278
2/24/2020,20,0.645,0.405,0.771,0.03,0.287,0.026,23.9,23.8,23.9,1.05
2/24/2020,21,0.342,0.014,0.001,0.025,0.339,0.022,23.8,23.6,23.9,0.356
2/24/2020,22,0.343,0.079,0.004,0.153,0.278,0.022,23.7,23.6,23.8,0.422
2/24/2020,23,0.322,0.003,0.001,0.005,0.326,0.007,23.6,23.4,23.7,0.325
2/25/2020,0,0.538,0.302,0.597,0,0.25,0.016,23.5,23.4,23.6,0.84
2/25/2020,1,0.307,0.001,0.002,0.001,0.313,0.008,23.5,23.4,23.6,0.308
2/25/2020,2,0.315,0.001,0,0.002,0.324,0.004,23.4,23.4,23.5,0.316
2/25/2020,3,0.137,0.001,0.001,0.001,0.141,0.017,23.3,23.3,23.4,0.138
2/25/2020,4,0.148,0,0,0,0.152,0.007,23.2,23.1,23.3,0.148
2/25/2020,5,0.144,0.002,0,0,0.147,0.006,23.1,23.1,23.2,0.146
2/25/2020,6,0.135,0.002,0,0.001,0.144,0.008,23,22.9,23.1,0.137
2/25/2020,7,0.295,0.058,0,0.108,0.253,0.023,23.2,23,23.6,0.353
2/25/2020,8,0.28,0.058,0.005,0.1,0.247,0.026,23.6,23.4,23.7,0.338
2/25/2020,9,0.275,0.06,0.003,0.116,0.226,0.022,23.9,23.7,24.1,0.335
2/25/2020,10,0.332,0.051,0,0.096,0.291,0.023,24.2,24.1,24.3,0.383
2/25/2020,11,0.453,0.001,0,0,0.463,0.022,24.4,24.3,24.6,0.454
2/25/2020,12,0.34,0.001,0,0.001,0.347,0.022,24.7,24.5,24.9,0.341
2/25/2020,13,0.266,0.002,0,0.003,0.276,0.022,25,24.8,25.1,0.268
2/25/2020,14,0.345,0,0,0,0.354,0.016,25.3,25.1,25.5,0.345
2/25/2020,15,0.67,0.354,0.003,0.68,0.352,0.023,25.4,25.4,25.5,1.024
2/25/2020,16,0.909,0.602,0.466,0.718,0.351,0.028,25.4,25.3,25.4,1.511
2/25/2020,17,0.86,0.504,0.302,0.7,0.4,0.026,25.3,25.3,25.4,1.364
2/25/2020,18,0.53,0.207,0,0.396,0.342,0.024,25.3,25.3,25.4,0.737
2/25/2020,19,0.415,0.04,0,0.075,0.383,0.022,25.4,25.3,25.4,0.455
2/25/2020,20,0.557,0.282,0.408,0.147,0.303,0.027,25.3,25.3,25.4,0.839
2/25/2020,21,0.349,0.006,0.001,0.002,0.353,0.028,25.2,25.1,25.4,0.355
2/25/2020,22,0.338,0.001,0,0,0.349,0.021,25.1,25.1,25.2,0.339
2/25/2020,23,0.298,0,0.001,0,0.306,0.008,25,24.9,25.2,0.298
2/26/2020,0,0.196,0,0,0,0.203,0.008,24.9,24.8,25,0.196
2/26/2020,1,0.162,0.001,0,0.001,0.167,0.018,24.8,24.6,24.9,0.163
2/26/2020,2,0.2,0,0,0,0.212,0.009,24.6,24.4,24.7,0.2
2/26/2020,3,0.255,0.003,0.003,0,0.27,0.007,24.4,24.3,24.5,0.258
2/26/2020,4,0.169,0,0,0,0.181,0.006,24.3,24.3,24.4,0.169
2/26/2020,5,0.274,0.004,0,0.007,0.28,0.007,24.2,24.1,24.3,0.278
2/26/2020,6,0.332,0.145,0.251,0.012,0.217,0.022,24.2,24.1,24.3,0.477
2/26/2020,7,0.148,0.001,0,0,0.159,0.022,24.2,24.1,24.3,0.149
2/26/2020,8,0.147,0.002,0,0,0.155,0.023,24.2,24.2,24.3,0.149
2/26/2020,9,0.433,0.233,0.004,0.463,0.217,0.024,24.3,24.3,24.4,0.666
2/26/2020,10,1.143,0.962,1.887,0.024,0.229,0.032,24.4,24.3,24.6,2.105
2/26/2020,11,0.347,0.001,0,0,0.358,0.022,24.7,24.6,24.8,0.348
2/26/2020,12,0.388,0.007,0,0.014,0.388,0.022,24.8,24.7,24.9,0.395
2/26/2020,13,0.698,0.366,0.72,0.005,0.358,0.026,24.8,24.7,24.9,1.064
2/26/2020,14,0.23,0.001,0.001,0.001,0.24,0.022,24.9,24.8,25,0.231
2/26/2020,15,0.26,0,0,0,0.266,0.022,25,24.9,25.1,0.26
2/26/2020,16,0.259,0.001,0,0,0.271,0.022,24.9,24.8,25,0.26
2/26/2020,17,0.269,0.002,0,0.003,0.277,0.022,24.8,24.7,24.9,0.271
2/26/2020,18,0.703,0.276,0.398,0.148,0.465,0.027,24.7,24.7,24.8,0.979
2/26/2020,19,0.993,0.55,1.09,0,0.472,0.024,24.7,24.7,24.8,1.543
2/26/2020,20,0.417,0.015,0,0.027,0.413,0.022,24.8,24.7,24.9,0.432
2/26/2020,21,0.316,0.026,0,0,0.325,0.046,24.7,24.6,24.8,0.342
2/26/2020,22,0.532,0.259,0.488,0.021,0.308,0.04,24.5,24.4,24.7,0.791
2/26/2020,23,0.397,0.001,0,0,0.402,0.009,24.4,24.3,24.6,0.398
2/27/2020,0,0.226,0,0,0,0.236,0.011,24.2,24.1,24.3,0.226
2/27/2020,1,0.223,0.001,0.002,0.001,0.229,0.007,24.1,23.9,24.2,0.224
2/27/2020,2,0.173,0.001,0,0,0.183,0.014,23.8,23.7,24,0.174
2/27/2020,3,0.282,0,0,0,0.29,0.009,23.6,23.4,23.7,0.282
2/27/2020,4,0.304,0,0.002,0.001,0.305,0.008,23.3,23.1,23.6,0.304
2/27/2020,5,0.188,0,0,0,0.196,0.006,23,22.9,23.2,0.188
2/27/2020,6,0.328,0.091,0.179,0.004,0.244,0.01,22.9,22.9,23,0.419
2/27/2020,7,0.164,0.001,0,0,0.167,0.022,22.8,22.6,22.9,0.165
2/27/2020,8,0.157,0.002,0.001,0.001,0.164,0.022,22.6,22.5,22.7,0.159
2/27/2020,9,0.348,0.192,0.377,0,0.173,0.024,22.6,22.4,22.7,0.54
2/27/2020,10,0.215,0.001,0,0,0.225,0.022,22.7,22.6,22.8,0.216
2/27/2020,11,0.219,0.001,0,0,0.232,0.022,22.8,22.8,22.9,0.22
2/27/2020,12,0.225,0.002,0.002,0.001,0.235,0.023,22.8,22.8,22.9,0.227
2/27/2020,13,0.506,0.163,0.317,0.003,0.356,0.028,22.8,22.8,22.9,0.669
2/27/2020,14,0.275,0.001,0,0.002,0.282,0.022,22.8,22.8,22.9,0.276
2/27/2020,15,0.302,0.001,0.001,0.001,0.311,0.022,22.7,22.6,22.8,0.303
2/27/2020,16,0.232,0.003,0.002,0.002,0.237,0.025,22.6,22.5,22.8,0.235
2/27/2020,17,0.335,0.003,0.001,0.001,0.344,0.024,22.4,22.2,22.6,0.338
2/27/2020,18,0.613,0.29,0.452,0.114,0.352,0.027,22.2,22.1,22.3,0.903
2/27/2020,19,0.467,0.142,0.214,0.06,0.347,0.026,22.1,22,22.2,0.609
2/27/2020,20,0.554,0.379,0.535,0.066,0.317,0.121,22,21.9,22.1,0.933
2/27/2020,21,0.559,0.128,0,0.239,0.458,0.026,21.9,21.9,22,0.687
2/27/2020,22,0.412,0.069,0,0.119,0.361,0.027,21.9,21.8,21.9,0.481
2/27/2020,23,0.197,0.006,0,0,0.208,0.018,21.7,21.6,21.8,0.203
2/28/2020,0,0.152,0.007,0,0,0.162,0.024,21.6,21.4,21.7,0.159
2/28/2020,1,0.133,0.008,0,0,0.146,0.018,21.4,21.3,21.5,0.141
2/28/2020,2,0.132,0.01,0,0,0.144,0.016,21.3,21.1,21.3,0.142
2/28/2020,3,0.133,0.009,0.003,0.001,0.141,0.016,21.1,21,21.2,0.142
2/28/2020,4,0.184,0.01,0.001,0,0.197,0.016,20.9,20.8,21.1,0.194
2/28/2020,5,0.314,0.018,0,0.018,0.313,0.017,20.8,20.7,20.9,0.332
2/28/2020,6,0.257,0.074,0,0.121,0.204,0.02,20.8,20.7,20.8,0.331
2/28/2020,7,0.175,0.011,0,0.001,0.184,0.029,20.8,20.7,21,0.186
2/28/2020,8,0.173,0.01,0,0,0.186,0.028,21.1,20.9,21.2,0.183
2/28/2020,9,0.175,0.009,0,0,0.179,0.028,21.1,21.1,21.2,0.184
2/28/2020,10,0.171,0.009,0,0,0.18,0.028,21.2,21.1,21.2,0.18
2/28/2020,11,0.874,0.663,1.289,0.005,0.241,0.033,21.2,21.1,21.3,1.537
2/28/2020,12,0.303,0.033,0.001,0.048,0.282,0.027,21.4,21.2,21.4,0.336
2/28/2020,13,0.2,0.007,0,0,0.209,0.027,21.5,21.4,21.6,0.207
2/28/2020,14,0.173,0.008,0,0,0.183,0.027,21.4,21.4,21.5,0.181
2/28/2020,15,0.433,0.009,0.004,0,0.441,0.028,21.3,21.3,21.4,0.442
2/28/2020,16,0.362,0.013,0.002,0.007,0.365,0.027,21.3,21.2,21.4,0.375
2/28/2020,17,0.232,0.008,0,0,0.241,0.027,21.3,21.2,21.4,0.24
2/28/2020,18,0.627,0.407,0.549,0.243,0.259,0.03,21.2,21.2,21.3,1.034
2/28/2020,19,0.35,0.084,0,0.15,0.287,0.027,21.3,21.2,21.3,0.434
2/28/2020,20,0.661,0.399,0.778,0.001,0.29,0.03,21.3,21.2,21.4,1.06
2/28/2020,21,0.297,0.008,0.001,0.001,0.302,0.027,21.2,21.2,21.3,0.305
2/28/2020,22,0.394,0.016,0,0.016,0.394,0.027,21.1,21.1,21.2,0.41
2/28/2020,23,0.545,0.312,0.445,0.17,0.268,0.021,21.1,21.1,21.1,0.857
2/29/2020,0,0.295,0.019,0.002,0.018,0.295,0.017,21.1,21,21.2,0.314
2/29/2020,1,0.292,0.01,0.002,0,0.3,0.017,21,20.9,21.1,0.302
2/29/2020,2,0.289,0.009,0,0,0.303,0.016,21,20.9,21,0.298
2/29/2020,3,0.182,0.009,0,0.001,0.191,0.018,20.9,20.9,21,0.191
2/29/2020,4,0.136,0.01,0,0.001,0.147,0.018,20.9,20.8,21,0.146
2/29/2020,5,0.134,0.009,0.001,0.001,0.145,0.017,20.8,20.8,20.9,0.143
2/29/2020,6,0.132,0.01,0,0,0.144,0.017,20.8,20.8,20.9,0.142
2/29/2020,7,0.338,0.105,0,0.188,0.26,0.029,20.9,20.8,21,0.443
2/29/2020,8,0.156,0.012,0,0.003,0.16,0.029,21,20.9,21.1,0.168
2/29/2020,9,0.343,0.195,0.368,0,0.169,0.031,21.1,21.1,21.2,0.538
2/29/2020,10,0.162,0.012,0,0.008,0.167,0.027,21.2,21.1,21.3,0.174
2/29/2020,11,0.227,0.012,0,0.008,0.231,0.028,21.4,21.2,21.5,0.239
2/29/2020,12,0.224,0.008,0.001,0.001,0.23,0.028,21.5,21.4,21.6,0.232
2/29/2020,13,0.204,0.038,0,0.061,0.184,0.027,21.7,21.6,21.8,0.242
2/29/2020,14,0.936,0.426,0.658,0.059,0.653,0.118,21.8,21.7,22.2,1.362
2/29/2020,15,0.32,0.137,0.242,0.002,0.206,0.034,22.2,22.1,22.4,0.457
2/29/2020,16,0.517,0.345,0.661,0,0.204,0.033,22.3,22.2,22.4,0.862
2/29/2020,17,0.234,0.057,0,0.03,0.228,0.048,22.4,22.3,22.4,0.291
2/29/2020,18,0.401,0.08,0.001,0.071,0.368,0.048,22.3,22.2,22.4,0.481
2/29/2020,19,0.404,0.043,0,0,0.41,0.048,22.2,22.1,22.3,0.447
2/29/2020,20,0.425,0.174,0.002,0.271,0.311,0.045,22.2,22.1,22.2,0.599
2/29/2020,21,0.377,0.06,0,0.109,0.333,0.025,22.2,22.2,22.3,0.437
2/29/2020,22,0.348,0.005,0,0,0.358,0.025,22.2,22.1,22.2,0.353
2/29/2020,23,0.274,0.005,0,0,0.281,0.012,22,22,22.1,0.279
3/1/2020,0,0.244,0.005,0,0,0.252,0.011,21.9,21.9,22.1,0.249
3/1/2020,1,0.187,0.008,0,0,0.2,0.022,21.8,21.7,21.9,0.195
3/1/2020,2,0.143,0.008,0.001,0.001,0.153,0.017,21.6,21.6,21.8,0.151
3/1/2020,3,0.14,0.007,0.001,0,0.147,0.014,21.5,21.4,21.6,0.147
3/1/2020,4,0.143,0.007,0,0,0.15,0.017,21.5,21.4,21.5,0.15
3/1/2020,5,0.21,0.007,0,0,0.217,0.016,21.3,21.2,21.4,0.217
3/1/2020,6,0.177,0.008,0,0.001,0.184,0.015,21.2,21.2,21.3,0.185
3/1/2020,7,0.292,0.008,0.001,0.001,0.299,0.027,21.2,21.2,21.3,0.3
3/1/2020,8,0.218,0.023,0,0.027,0.209,0.028,21.4,21.3,21.4,0.241
3/1/2020,9,0.664,0.171,0.006,0.323,0.503,0.034,21.4,21.4,21.5,0.835
3/1/2020,10,0.252,0.061,0,0.109,0.211,0.026,21.6,21.5,21.7,0.313
3/1/2020,11,0.444,0.013,0.005,0.017,0.444,0.029,21.7,21.6,21.8,0.457
3/1/2020,12,1.146,0.768,1.481,0.039,0.414,0.049,21.9,21.8,22.1,1.914
3/1/2020,13,0.274,0.044,0,0.068,0.241,0.031,22.2,22.1,22.4,0.318
3/1/2020,14,0.308,0.121,0,0.226,0.214,0.026,22.4,22.3,22.4,0.429
3/1/2020,15,0.395,0.129,0.001,0.244,0.28,0.025,22.4,22.3,22.4,0.524
3/1/2020,16,0.279,0.006,0,0,0.287,0.025,22.3,22.2,22.4,0.285
3/1/2020,17,0.442,0.149,0.002,0.28,0.318,0.029,22.2,22.1,22.2,0.591
3/1/2020,18,0.553,0.016,0,0.023,0.552,0.025,22.1,22.1,22.2,0.569
3/1/2020,19,0.424,0.022,0.001,0.034,0.415,0.025,22.1,22,22.1,0.446
3/1/2020,20,0.403,0.067,0,0.101,0.358,0.03,22,22,22.1,0.47
3/1/2020,21,0.894,0.54,0.506,0.546,0.414,0.031,22,21.9,22.1,1.434
3/1/2020,22,1.113,0.706,1.191,0.205,0.476,0.037,22.1,22,22.2,1.819
3/1/2020,23,0.262,0.008,0,0.004,0.27,0.017,22.1,21.9,22.2,0.27
3/2/2020,0,0.237,0.006,0,0,0.249,0.02,21.9,21.8,22,0.243
3/2/2020,1,0.177,0.007,0,0,0.188,0.021,21.7,21.6,21.8,0.184
3/2/2020,2,0.131,0.007,0.001,0,0.142,0.017,21.5,21.4,21.7,0.138
3/2/2020,3,0.135,0.007,0,0,0.145,0.016,21.4,21.3,21.5,0.142
3/2/2020,4,0.135,0.009,0.001,0.001,0.137,0.018,21.3,21.2,21.4,0.144
3/2/2020,5,0.15,0.008,0.002,0.001,0.155,0.016,21.1,21,21.2,0.158
3/2/2020,6,0.207,0.076,0,0.084,0.176,0.044,21.1,21,21.1,0.283
3/2/2020,7,0.13,0.012,0.002,0.001,0.136,0.03,21.2,21.1,21.6,0.142
3/2/2020,8,0.229,0.009,0,0,0.237,0.028,21.5,21.4,21.6,0.238
3/2/2020,9,0.19,0.008,0,0.004,0.194,0.026,21.6,21.5,21.7,0.198
3/2/2020,10,0.476,0.264,0.507,0.002,0.24,0.029,21.7,21.6,21.9,0.74
3/2/2020,11,0.282,0.009,0.002,0.001,0.288,0.028,21.9,21.9,22,0.291
3/2/2020,12,0.161,0.006,0,0,0.163,0.026,22,21.9,22.2,0.167
3/2/2020,13,0.138,0.006,0,0,0.143,0.026,22.3,22.1,22.4,0.144
3/2/2020,14,0.134,0.005,0,0,0.139,0.025,22.4,22.3,22.4,0.139
3/2/2020,15,0.715,0.513,1.006,0,0.228,0.03,22.5,22.4,22.5,1.228
3/2/2020,16,0.144,0.005,0,0,0.156,0.025,22.5,22.4,22.6,0.149
3/2/2020,17,0.136,0.005,0.002,0.003,0.145,0.025,22.5,22.4,22.6,0.141
3/2/2020,18,0.482,0.335,0.497,0.161,0.173,0.026,22.4,22.4,22.5,0.817
3/2/2020,19,0.641,0.166,0,0.319,0.5,0.024,22.4,22.4,22.5,0.807
3/2/2020,20,0.358,0.079,0.003,0.14,0.303,0.028,22.4,22.4,22.4,0.437
3/2/2020,21,0.205,0.006,0,0.003,0.22,0.024,22.3,22.2,22.5,0.211
3/2/2020,22,0.498,0.029,0,0.049,0.483,0.024,22.1,22,22.2,0.527
3/2/2020,23,0.397,0.005,0,0.001,0.403,0.013,22,21.9,22.1,0.402