ch1,ch2,ch3,ch4,ch5,ch6,ch7,ch8,ch9,ch10,avgT,minT,maxT,kwh_total,unix_time
0.32899999999999996,0.003,0.0,0.0,0.34299999999999997,0.01,0.0,0.0,0.331,0.353,25.1,25.0,25.2,0.33199999999999996,1576454400
0.163,0.004,0.0,0.0,0.175,0.023,0.0,0.0,0.16699999999999998,0.198,24.9,24.8,25.1,0.167,1576458000
0.14,0.001,0.001,0.001,0.152,0.022000000000000002,0.0,0.0,0.14,0.175,24.8,24.7,24.9,0.14100000000000001,1576461600
0.19,0.001,0.001,0.0,0.198,0.01,0.0,0.0,0.192,0.209,24.6,24.4,24.7,0.191,1576465200
0.136,0.001,0.0,0.0,0.146,0.01,0.0,0.0,0.13699999999999998,0.156,24.3,24.3,24.4,0.137,1576468800
0.152,0.0,0.0,0.0,0.161,0.009000000000000001,0.0,0.0,0.152,0.171,24.3,24.1,24.4,0.152,1576472400
0.157,0.001,0.001,0.0,0.165,0.011000000000000001,0.0,0.0,0.157,0.177,24.1,24.0,24.2,0.158,1576476000
0.13699999999999998,0.002,0.0,0.0,0.151,0.023,0.0,0.0,0.139,0.174,24.0,24.0,24.1,0.13899999999999998,1576479600
0.484,0.293,0.568,0.0,0.217,0.026000000000000002,0.0,0.0,0.777,0.8109999999999999,24.1,24.0,24.3,0.7769999999999999,1576483200
0.292,0.061,0.0,0.11900000000000001,0.24100000000000002,0.023,0.0,0.0,0.35200000000000004,0.384,24.4,24.2,24.6,0.353,1576486800
0.17300000000000001,0.001,0.001,0.0,0.17800000000000002,0.023,0.0,0.0,0.175,0.203,24.8,24.6,24.9,0.17400000000000002,1576490400
0.301,0.0,0.0,0.001,0.306,0.009000000000000001,0.0,0.0,0.302,0.317,26.9,26.7,27.1,0.301,1576494000
0.24600000000000002,0.002,0.002,0.0,0.255,0.018000000000000002,0.0,0.0,0.247,0.275,26.7,26.6,26.8,0.24800000000000003,1576497600
0.16399999999999998,0.0,0.0,0.002,0.171,0.01,0.0,0.0,0.165,0.184,26.5,26.4,26.7,0.16399999999999998,1576501200
0.14,0.0,0.0,0.0,0.142,0.006999999999999999,0.0,0.0,0.14,0.15,26.4,26.2,26.4,0.14,1576504800
0.16,0.0,0.001,0.0,0.165,0.006999999999999999,0.0,0.0,0.16,0.17300000000000001,26.2,26.1,26.3,0.16,1576508400
0.14400000000000002,0.0,0.0,0.0,0.155,0.006999999999999999,0.0,0.0,0.14400000000000002,0.162,26.1,25.9,26.2,0.14400000000000002,1576512000
0.163,0.0,0.0,0.0,0.175,0.009000000000000001,0.0,0.0,0.16399999999999998,0.184,26.0,25.9,26.1,0.163,1576515600
0.195,0.006999999999999999,0.001,0.0,0.205,0.024,0.0,0.0,0.20199999999999999,0.231,25.9,25.9,26.1,0.202,1576519200
0.16899999999999998,0.001,0.0,0.0,0.177,0.022000000000000002,0.0,0.0,0.17,0.2,25.9,25.9,25.9,0.16999999999999998,1576522800
0.233,0.016,0.0,0.031,0.225,0.022000000000000002,0.0,0.0,0.249,0.278,25.8,25.7,25.9,0.249,1576526400
0.535,0.244,0.469,0.008,0.309,0.023,0.0,0.0,0.779,0.809,25.7,25.6,25.8,0.779,1576530000
0.174,0.002,0.001,0.0,0.182,0.023,0.0,0.0,0.17600000000000002,0.20600000000000002,25.6,25.6,25.7,0.176,1576533600
0.222,0.001,0.0,0.002,0.226,0.021,0.0,0.0,0.22399999999999998,0.25,25.6,25.4,25.6,0.223,1576537200
1.248,1.082,2.12,0.0,0.22399999999999998,0.027999999999999997,0.0,0.0,2.33,2.373,25.5,25.4,25.6,2.33,1576540800
0.253,0.003,0.0,0.003,0.256,0.022000000000000002,0.0,0.0,0.256,0.282,25.7,25.6,25.8,0.256,1576544400
0.18899999999999997,0.001,0.0,0.0,0.19399999999999998,0.022000000000000002,0.0,0.0,0.19,0.21600000000000003,25.7,25.6,25.8,0.18999999999999997,1576548000
0.126,0.001,0.0,0.0,0.129,0.022000000000000002,0.0,0.0,0.127,0.151,25.6,25.4,25.7,0.127,1576551600
0.14300000000000002,0.001,0.002,0.001,0.142,0.022000000000000002,0.0,0.0,0.14400000000000002,0.16699999999999998,25.4,25.3,25.6,0.14400000000000002,1576555200
0.354,0.188,0.36200000000000004,0.003,0.18,0.024,0.0,0.0,0.541,0.57,25.2,25.1,25.4,0.542,1576558800
0.168,0.001,0.0,0.0,0.17600000000000002,0.022000000000000002,0.0,0.0,0.16899999999999998,0.19899999999999998,25.1,25.1,25.2,0.169,1576562400
0.263,0.055,0.0,0.106,0.223,0.022000000000000002,0.0,0.0,0.318,0.35100000000000003,24.9,24.7,25.1,0.318,1576566000
0.214,0.001,0.0,0.0,0.223,0.022000000000000002,0.0,0.0,0.215,0.24600000000000002,24.7,24.6,24.8,0.215,1576569600
0.308,0.005,0.0,0.008,0.317,0.022000000000000002,0.0,0.0,0.313,0.34700000000000003,24.5,24.3,24.6,0.313,1576573200
0.396,0.065,0.001,0.127,0.341,0.009000000000000001,0.0,0.0,0.461,0.48,24.4,24.3,24.5,0.461,1576576800
0.297,0.001,0.003,0.001,0.301,0.008,0.0,0.0,0.298,0.313,26.5,26.4,26.6,0.298,1576580400
0.251,0.0,0.0,0.0,0.257,0.008,0.0,0.0,0.251,0.265,26.3,26.2,26.4,0.251,1576584000
0.16899999999999998,0.001,0.0,0.001,0.18100000000000002,0.013999999999999999,0.0,0.0,0.16899999999999998,0.196,26.2,26.1,26.3,0.16999999999999998,1576587600
0.177,0.0,0.0,0.0,0.187,0.011000000000000001,0.0,0.0,0.177,0.198,26.1,25.9,26.2,0.177,1576591200
0.13,0.0,0.0,0.0,0.142,0.008,0.0,0.0,0.13,0.151,25.9,25.8,26.0,0.13,1576594800
0.16699999999999998,0.001,0.001,0.001,0.174,0.009000000000000001,0.0,0.0,0.168,0.185,25.8,25.7,25.8,0.16799999999999998,1576598400
0.139,0.0,0.0,0.001,0.151,0.009000000000000001,0.0,0.0,0.139,0.161,25.9,25.8,26.1,0.139,1576602000
0.14400000000000002,0.001,0.001,0.001,0.151,0.021,0.0,0.0,0.145,0.174,26.2,26.1,26.3,0.14500000000000002,1576605600
0.209,0.001,0.0,0.003,0.221,0.022000000000000002,0.0,0.0,0.21,0.24600000000000002,26.3,26.2,26.4,0.21,1576609200
0.276,0.002,0.0,0.003,0.278,0.021,0.0,0.001,0.278,0.304,26.5,26.4,26.6,0.278,1576612800
0.303,0.001,0.001,0.003,0.314,0.022000000000000002,0.0,0.0,0.304,0.33899999999999997,26.6,26.5,26.8,0.304,1576616400
0.293,0.001,0.0,0.001,0.301,0.022000000000000002,0.0,0.0,0.294,0.324,26.8,26.7,27.0,0.294,1576620000
0.28600000000000003,0.02,0.0,0.039,0.276,0.022000000000000002,0.0,0.0,0.306,0.337,27.1,26.9,27.3,0.30600000000000005,1576623600
0.34,0.002,0.001,0.001,0.35100000000000003,0.022000000000000002,0.0,0.0,0.342,0.375,27.4,27.2,27.4,0.342,1576627200
0.22,0.001,0.001,0.001,0.22,0.022000000000000002,0.0,0.0,0.221,0.245,27.5,27.4,27.6,0.221,1576630800
0.22,0.001,0.0,0.0,0.22699999999999998,0.022000000000000002,0.0,0.0,0.221,0.249,27.5,27.5,27.6,0.221,1576634400
0.273,0.002,0.003,0.001,0.27699999999999997,0.022000000000000002,0.0,0.0,0.275,0.303,27.5,27.4,27.6,0.275,1576638000
0.46299999999999997,0.033,0.0,0.012,0.474,0.049,0.0,0.0,0.496,0.535,27.4,27.3,27.7,0.496,1576641600
0.467,0.145,0.281,0.0,0.342,0.023,0.0,0.0,0.612,0.647,27.3,27.1,27.4,0.612,1576645200
0.652,0.35,0.595,0.043,0.335,0.028999999999999998,0.001,0.003,1.002,1.0070000000000001,27.2,27.1,27.2,1.002,1576648800
0.455,0.006,0.0,0.012,0.45399999999999996,0.025,0.0,0.0,0.46,0.491,27.1,27.1,27.2,0.461,1576652400
0.40299999999999997,0.001,0.0,0.0,0.40700000000000003,0.023,0.0,0.0,0.40299999999999997,0.43,27.0,26.9,27.1,0.40399999999999997,1576656000
0.5870000000000001,0.307,0.59,0.001,0.317,0.028999999999999998,0.0,0.0,0.894,0.9359999999999999,26.9,26.8,27.0,0.8940000000000001,1576659600
0.23399999999999999,0.0,0.0,0.0,0.249,0.008,0.0,0.0,0.235,0.258,26.8,26.7,26.9,0.23399999999999999,1576663200
0.324,0.0,0.0,0.0,0.32799999999999996,0.006999999999999999,0.0,0.0,0.324,0.336,27.3,27.2,27.3,0.324,1576666800
0.231,0.002,0.001,0.0,0.24100000000000002,0.017,0.0,0.0,0.23199999999999998,0.259,27.1,27.1,27.2,0.233,1576670400
0.264,0.0,0.003,0.001,0.27399999999999997,0.012,0.0,0.0,0.265,0.29,27.0,26.9,27.1,0.264,1576674000
0.13699999999999998,0.0,0.0,0.001,0.146,0.011000000000000001,0.0,0.0,0.138,0.158,26.8,26.6,26.9,0.13699999999999998,1576677600
0.16399999999999998,0.0,0.0,0.0,0.17600000000000002,0.01,0.0,0.0,0.165,0.18600000000000003,26.5,26.4,26.7,0.16399999999999998,1576681200
0.16399999999999998,0.0,0.0,0.001,0.17300000000000001,0.01,0.0,0.0,0.16399999999999998,0.184,26.3,26.2,26.4,0.16399999999999998,1576684800
0.131,0.0,0.0,0.0,0.142,0.01,0.0,0.0,0.131,0.152,26.6,26.2,26.9,0.131,1576688400
0.677,0.536,1.025,0.001,0.17600000000000002,0.022000000000000002,0.0,0.0,1.213,1.224,27.0,26.9,27.1,1.213,1576692000
0.18600000000000003,0.002,0.0,0.0,0.19699999999999998,0.022000000000000002,0.0,0.0,0.188,0.22,27.2,27.0,27.3,0.18800000000000003,1576695600
0.18,0.004,0.0,0.003,0.192,0.023,0.0,0.0,0.184,0.218,27.5,27.3,27.6,0.184,1576699200
0.33899999999999997,0.147,0.28800000000000003,0.002,0.207,0.022000000000000002,0.0,0.0,0.486,0.52,27.7,27.6,27.9,0.486,1576702800
0.675,0.508,0.28600000000000003,0.696,0.192,0.023,0.001,0.0,1.183,1.198,27.9,27.8,28.1,1.183,1576706400
0.615,0.36700000000000005,0.002,0.698,0.282,0.022000000000000002,0.0,0.0,0.982,1.004,28.2,28.0,28.3,0.982,1576710000
0.516,0.297,0.40700000000000003,0.187,0.251,0.026000000000000002,0.0,0.001,0.813,0.872,28.4,28.3,28.6,0.813,1576713600
0.604,0.361,0.008,0.6890000000000001,0.27399999999999997,0.023,0.001,0.001,0.965,0.995,28.6,28.5,28.7,0.965,1576717200
0.565,0.363,0.0,0.713,0.23199999999999998,0.022000000000000002,0.0,0.0,0.9279999999999999,0.968,28.9,28.7,29.1,0.9279999999999999,1576720800
0.22,0.001,0.0,0.002,0.22,0.022000000000000002,0.0,0.001,0.222,0.244,29.0,28.9,29.1,0.221,1576724400
0.13699999999999998,0.003,0.0,0.002,0.14400000000000002,0.023,0.0,0.0,0.14,0.16899999999999998,28.9,28.7,28.9,0.13999999999999999,1576728000
0.266,0.066,0.125,0.0,0.221,0.024,0.0,0.0,0.332,0.37,28.8,28.7,28.8,0.332,1576731600
0.17300000000000001,0.001,0.0,0.0,0.183,0.022000000000000002,0.0,0.0,0.174,0.205,28.6,28.6,28.7,0.17400000000000002,1576735200
0.217,0.005,0.003,0.003,0.225,0.024,0.0,0.0,0.222,0.255,28.5,28.4,28.6,0.222,1576738800
0.213,0.002,0.001,0.003,0.22,0.021,0.0,0.0,0.215,0.245,28.4,28.4,28.5,0.215,1576742400
0.32799999999999996,0.001,0.001,0.002,0.336,0.022000000000000002,0.0,0.0,0.32899999999999996,0.36,28.4,28.3,28.4,0.32899999999999996,1576746000
0.326,0.0,0.0,0.003,0.32899999999999996,0.008,0.0,0.0,0.327,0.34,28.3,28.1,28.4,0.326,1576749600
0.21,0.003,0.0,0.001,0.218,0.023,0.0,0.0,0.213,0.243,25.0,24.9,25.1,0.213,1576753200
0.278,0.001,0.001,0.001,0.293,0.016,0.0,0.0,0.27899999999999997,0.312,24.9,24.8,25.0,0.279,1576756800
0.162,0.001,0.0,0.0,0.165,0.008,0.0,0.0,0.163,0.17300000000000001,24.8,24.7,24.9,0.163,1576760400
0.183,0.0,0.0,0.0,0.187,0.008,0.0,0.0,0.183,0.196,24.7,24.6,24.8,0.183,1576764000
0.16699999999999998,0.0,0.0,0.0,0.177,0.008,0.0,0.0,0.16699999999999998,0.185,24.6,24.6,24.7,0.16699999999999998,1576767600
0.136,0.001,0.0,0.0,0.149,0.009000000000000001,0.0,0.0,0.13699999999999998,0.158,24.5,24.4,24.6,0.137,1576771200
0.159,0.001,0.0,0.001,0.172,0.009000000000000001,0.0,0.0,0.16,0.182,24.6,24.5,24.6,0.16,1576774800
0.193,0.001,0.0,0.0,0.20199999999999999,0.023,0.0,0.0,0.19399999999999998,0.225,24.7,24.5,24.9,0.194,1576778400
0.27699999999999997,0.001,0.001,0.0,0.287,0.024,0.0,0.0,0.278,0.311,24.8,24.7,24.9,0.27799999999999997,1576782000
0.215,0.005,0.0,0.0,0.222,0.026000000000000002,0.0,0.0,0.22,0.248,24.9,24.8,25.0,0.22,1576785600
0.361,0.077,0.141,0.0,0.303,0.027000000000000003,0.0,0.0,0.43799999999999994,0.47100000000000003,25.0,24.9,25.1,0.438,1576789200
0.618,0.23600000000000002,0.45899999999999996,0.0,0.41,0.025,0.0,0.0,0.8540000000000001,0.895,25.1,25.0,25.1,0.854,1576792800
0.263,0.004,0.0,0.002,0.271,0.025,0.0,0.001,0.267,0.3,25.1,25.1,25.3,0.267,1576796400
0.278,0.025,0.0,0.039,0.263,0.026000000000000002,0.0,0.0,0.303,0.32799999999999996,25.4,25.2,25.6,0.30300000000000005,1576800000
0.7929999999999999,0.24100000000000002,0.376,0.003,0.622,0.07,0.001,0.001,1.035,1.072,25.4,25.2,25.6,1.034,1576803600
0.344,0.001,0.0,0.0,0.353,0.023,0.0,0.0,0.344,0.377,25.1,25.1,25.3,0.345,1576807200
0.318,0.004,0.005,0.005,0.325,0.025,0.002,0.002,0.322,0.363,25.2,25.1,25.3,0.322,1576810800
0.158,0.003,0.0,0.0,0.17,0.025,0.0,0.0,0.161,0.195,25.2,25.1,25.3,0.161,1576814400
0.5870000000000001,0.055,0.0,0.105,0.5429999999999999,0.023,0.0,0.0,0.642,0.6709999999999999,25.0,24.8,25.2,0.6420000000000001,1576818000
0.314,0.008,0.001,0.013999999999999999,0.315,0.024,0.0,0.0,0.322,0.354,24.7,24.6,24.9,0.322,1576821600
0.767,0.513,0.872,0.125,0.303,0.028999999999999998,0.0,0.0,1.28,1.329,24.6,24.5,24.7,1.28,1576825200
0.32899999999999996,0.023,0.0,0.04,0.316,0.024,0.0,0.0,0.35200000000000004,0.38,24.7,24.6,24.7,0.352,1576828800
0.4,0.001,0.0,0.0,0.41,0.016,0.0,0.0,0.401,0.42700000000000005,24.5,24.4,24.6,0.401,1576832400
0.303,0.001,0.0,0.001,0.312,0.001,0.0,0.001,0.304,0.316,24.4,24.3,24.5,0.304,1576836000
0.251,0.012,0.021,0.0,0.254,0.013000000000000001,0.0,0.0,0.263,0.28800000000000003,27.1,26.9,27.2,0.263,1576839600
0.162,0.002,0.001,0.0,0.172,0.022000000000000002,0.0,0.0,0.163,0.195,26.9,26.8,27.0,0.164,1576843200
0.16699999999999998,0.0,0.0,0.0,0.17600000000000002,0.009000000000000001,0.0,0.0,0.168,0.18600000000000003,26.8,26.7,26.9,0.16699999999999998,1576846800
0.16899999999999998,0.001,0.0,0.001,0.177,0.008,0.0,0.0,0.17,0.187,26.7,26.6,26.8,0.16999999999999998,1576850400
0.158,0.0,0.0,0.0,0.17,0.006,0.0,0.0,0.158,0.17600000000000002,26.5,26.4,26.6,0.158,1576854000
0.141,0.0,0.0,0.0,0.154,0.006999999999999999,0.0,0.0,0.142,0.161,26.4,26.3,26.4,0.141,1576857600
0.158,0.0,0.0,0.0,0.17,0.006999999999999999,0.0,0.0,0.158,0.177,26.3,26.2,26.4,0.158,1576861200
0.165,0.002,0.0,0.001,0.17800000000000002,0.023,0.0,0.0,0.166,0.20199999999999999,26.4,26.2,26.5,0.167,1576864800
0.431,0.256,0.5,0.0,0.196,0.025,0.0,0.0,0.687,0.721,26.6,26.4,26.7,0.687,1576868400
0.903,0.691,1.3530000000000002,0.002,0.23600000000000002,0.023,0.0,0.0,1.594,1.614,26.7,26.6,26.8,1.5939999999999999,1576872000
0.257,0.004,0.0,0.003,0.268,0.025,0.0,0.0,0.261,0.295,27.0,26.8,27.1,0.261,1576875600
0.287,0.001,0.001,0.001,0.294,0.023,0.0,0.0,0.28800000000000003,0.321,27.0,26.9,27.1,0.288,1576879200
0.36700000000000005,0.001,0.0,0.0,0.38,0.023,0.0,0.0,0.36700000000000005,0.40299999999999997,27.2,27.1,27.2,0.36800000000000005,1576882800
0.27399999999999997,0.006999999999999999,0.0,0.01,0.282,0.024,0.0,0.0,0.28,0.316,27.4,27.2,27.4,0.28099999999999997,1576886400
0.41200000000000003,0.19699999999999998,0.382,0.002,0.233,0.025,0.0,0.0,0.608,0.6409999999999999,27.6,27.4,27.6,0.609,1576890000
0.21,0.003,0.001,0.0,0.22,0.024,0.0,0.0,0.212,0.24600000000000002,27.7,27.6,27.8,0.213,1576893600
0.531,0.363,0.711,0.001,0.201,0.026000000000000002,0.0,0.0,0.894,0.9390000000000001,27.8,27.7,27.9,0.894,1576897200
0.252,0.034,0.065,0.0,0.235,0.024,0.0,0.0,0.287,0.324,27.8,27.6,27.9,0.28600000000000003,1576900800
0.26899999999999996,0.001,0.0,0.0,0.27699999999999997,0.023,0.0,0.0,0.27,0.3,27.7,27.6,27.8,0.26999999999999996,1576904400
0.33,0.001,0.0,0.0,0.342,0.023,0.0,0.0,0.331,0.366,27.5,27.4,27.7,0.331,1576908000
0.39299999999999996,0.001,0.0,0.0,0.40299999999999997,0.023,0.0,0.0,0.39399999999999996,0.42700000000000005,27.5,27.4,27.6,0.39399999999999996,1576911600
0.331,0.003,0.0,0.004,0.336,0.024,0.0,0.0,0.33399999999999996,0.365,27.5,27.4,27.6,0.334,1576915200
0.4,0.091,0.16899999999999998,0.0,0.331,0.026000000000000002,0.0,0.0,0.491,0.527,27.5,27.4,27.5,0.491,1576918800
0.268,0.0,0.0,0.001,0.276,0.008,0.0,0.0,0.268,0.285,27.4,27.4,27.5,0.268,1576922400
0.196,0.002,0.0,0.0,0.20800000000000002,0.015,0.0,0.0,0.198,0.223,25.7,25.6,25.9,0.198,1576926000
0.142,0.001,0.0,0.002,0.153,0.012,0.001,0.0,0.14300000000000002,0.168,25.5,25.4,25.6,0.143,1576929600
0.146,0.001,0.001,0.001,0.156,0.009000000000000001,0.0,0.0,0.147,0.16699999999999998,25.4,25.2,25.5,0.147,1576933200
0.145,0.0,0.0,0.0,0.156,0.009000000000000001,0.0,0.0,0.145,0.165,25.1,25.0,25.3,0.145,1576936800
0.146,0.0,0.0,0.0,0.157,0.009000000000000001,0.0,0.0,0.146,0.16699999999999998,25.0,24.9,25.1,0.146,1576940400
0.14300000000000002,0.0,0.0,0.0,0.155,0.009000000000000001,0.0,0.0,0.14400000000000002,0.16399999999999998,24.9,24.7,24.9,0.14300000000000002,1576944000
0.14300000000000002,0.0,0.0,0.0,0.154,0.008,0.0,0.0,0.14300000000000002,0.162,24.9,24.7,25.1,0.14300000000000002,1576947600
0.158,0.002,0.0,0.0,0.16899999999999998,0.022000000000000002,0.0,0.0,0.16,0.192,24.9,24.8,25.1,0.16,1576951200
0.171,0.001,0.0,0.0,0.174,0.022000000000000002,0.0,0.0,0.172,0.196,25.1,24.9,25.2,0.17200000000000001,1576954800
0.203,0.001,0.0,0.0,0.21,0.022000000000000002,0.0,0.0,0.204,0.231,25.1,25.0,25.2,0.20400000000000001,1576958400
0.312,0.05,0.002,0.002,0.318,0.069,0.0,0.0,0.36200000000000004,0.391,25.3,25.1,25.4,0.362,1576962000
0.489,0.002,0.0,0.002,0.49,0.024,0.0,0.0,0.491,0.516,25.5,25.3,25.6,0.491,1576965600
0.247,0.016,0.001,0.03,0.24,0.021,0.0,0.0,0.263,0.292,25.6,25.5,25.7,0.263,1576969200
0.223,0.005,0.0,0.0,0.23199999999999998,0.024,0.0,0.0,0.228,0.257,25.6,25.5,25.8,0.228,1576972800
0.32799999999999996,0.006999999999999999,0.001,0.0,0.33399999999999996,0.028999999999999998,0.0,0.0,0.335,0.364,25.9,25.8,26.0,0.33499999999999996,1576976400
0.42700000000000005,0.233,0.41700000000000004,0.004,0.239,0.024,0.004,0.0,0.66,0.688,25.9,25.8,26.0,0.66,1576980000
0.225,0.011000000000000001,0.0,0.013000000000000001,0.231,0.022000000000000002,0.0,0.0,0.23600000000000002,0.266,26.0,25.9,26.1,0.23600000000000002,1576983600
0.376,0.179,0.324,0.0,0.22899999999999998,0.034,0.0,0.0,0.5539999999999999,0.588,26.0,25.9,26.1,0.5549999999999999,1576987200
0.605,0.44799999999999995,0.856,0.013000000000000001,0.204,0.028999999999999998,0.0,0.0,1.053,1.103,25.8,25.8,25.9,1.053,1576990800
0.344,0.040999999999999995,0.003,0.071,0.317,0.026000000000000002,0.001,0.0,0.385,0.418,25.8,25.6,25.8,0.38499999999999995,1576994400
0.41200000000000003,0.08800000000000001,0.001,0.172,0.336,0.022000000000000002,0.0,0.0,0.5,0.532,25.5,25.3,25.7,0.5,1576998000
0.6459999999999999,0.319,0.0,0.609,0.355,0.026000000000000002,0.001,0.0,0.965,0.991,25.3,25.3,25.4,0.9649999999999999,1577001600
0.37799999999999995,0.015,0.001,0.017,0.377,0.024,0.0,0.0,0.39299999999999996,0.42,25.2,25.1,25.4,0.39299999999999996,1577005200
0.27699999999999997,0.003,0.0,0.006,0.28300000000000003,0.011000000000000001,0.0,0.0,0.281,0.3,24.8,24.6,25.1,0.27999999999999997,1577008800
0.252,0.001,0.0,0.0,0.263,0.01,0.0,0.0,0.252,0.273,26.4,26.2,26.6,0.253,1577012400
0.156,0.005,0.0,0.0,0.165,0.023,0.0,0.0,0.161,0.18899999999999997,26.3,26.2,26.4,0.161,1577016000
0.18,0.001,0.003,0.0,0.18600000000000003,0.017,0.001,0.0,0.18100000000000002,0.207,26.1,26.0,26.2,0.181,1577019600
0.17800000000000002,0.0,0.0,0.0,0.184,0.01,0.0,0.0,0.17800000000000002,0.19399999999999998,25.8,25.6,26.0,0.17800000000000002,1577023200
0.136,0.0,0.0,0.0,0.152,0.01,0.0,0.0,0.13699999999999998,0.163,25.7,25.6,25.8,0.136,1577026800
0.268,0.0,0.0,0.0,0.285,0.01,0.0,0.0,0.26899999999999996,0.295,25.5,25.4,25.6,0.268,1577030400
0.207,0.002,0.0,0.002,0.217,0.011000000000000001,0.0,0.0,0.209,0.231,25.4,25.3,25.5,0.209,1577034000
0.14800000000000002,0.001,0.0,0.0,0.162,0.023,0.0,0.0,0.149,0.185,25.4,25.3,25.4,0.14900000000000002,1577037600
0.358,0.183,0.308,0.048,0.192,0.025,0.0,0.0,0.541,0.573,25.5,25.4,25.6,0.5409999999999999,1577041200
0.163,0.004,0.0,0.006,0.17300000000000001,0.023,0.0,0.0,0.16699999999999998,0.20199999999999999,25.5,25.4,25.6,0.167,1577044800
0.598,0.45899999999999996,0.423,0.47100000000000003,0.177,0.023,0.0,0.0,1.057,1.094,25.5,25.4,25.6,1.057,1577048400
0.758,0.519,0.722,0.317,0.271,0.025,0.0,0.0,1.2770000000000001,1.3359999999999999,25.6,25.5,25.8,1.2770000000000001,1577052000
0.307,0.07200000000000001,0.0,0.136,0.254,0.024,0.0,0.0,0.379,0.414,25.8,25.7,25.8,0.379,1577055600
0.33,0.1,0.0,0.19699999999999998,0.25,0.023,0.0,0.0,0.429,0.47,25.9,25.8,25.9,0.43000000000000005,1577059200
0.275,0.004,0.0,0.008,0.282,0.023,0.0,0.0,0.27899999999999997,0.313,25.9,25.9,26.0,0.279,1577062800
0.24600000000000002,0.003,0.001,0.001,0.254,0.024,0.0,0.0,0.249,0.28,25.9,25.9,26.0,0.24900000000000003,1577066400
0.302,0.004,0.0,0.006999999999999999,0.308,0.023,0.0,0.0,0.307,0.33799999999999997,25.9,25.9,26.0,0.306,1577070000
0.37799999999999995,0.023,0.001,0.037000000000000005,0.37200000000000005,0.026000000000000002,0.0,0.0,0.401,0.43700000000000006,25.9,25.9,26.0,0.40099999999999997,1577073600
0.581,0.193,0.374,0.003,0.41100000000000003,0.025,0.0,0.0,0.775,0.812,25.9,25.8,25.9,0.774,1577077200
0.406,0.001,0.0,0.0,0.41600000000000004,0.023,0.0,0.0,0.40700000000000003,0.44,25.8,25.7,25.9,0.40700000000000003,1577080800
0.48700000000000004,0.161,0.251,0.052000000000000005,0.35200000000000004,0.027999999999999997,0.0,0.0,0.648,0.6829999999999999,25.7,25.6,25.8,0.648,1577084400
0.349,0.042,0.07400000000000001,0.0,0.321,0.025,0.0,0.0,0.391,0.42,25.6,25.4,25.7,0.39099999999999996,1577088000
0.259,0.004,0.0,0.0,0.26899999999999996,0.025,0.0,0.0,0.264,0.295,25.4,25.3,25.6,0.263,1577091600
0.261,0.0,0.0,0.001,0.267,0.009000000000000001,0.0,0.0,0.262,0.278,25.2,25.1,25.4,0.261,1577095200
0.628,0.308,0.499,0.107,0.354,0.013000000000000001,0.001,0.0,0.9359999999999999,0.973,24.4,24.3,24.5,0.9359999999999999,1577098800
0.245,0.004,0.0,0.0,0.253,0.009000000000000001,0.0,0.0,0.248,0.262,24.2,24.0,24.4,0.249,1577102400
0.13699999999999998,0.001,0.0,0.0,0.149,0.022000000000000002,0.0,0.0,0.138,0.171,24.0,23.9,24.1,0.13799999999999998,1577106000
0.135,0.001,0.0,0.001,0.14400000000000002,0.011000000000000001,0.0,0.0,0.136,0.156,23.9,23.7,24.0,0.136,1577109600
0.142,0.0,0.001,0.001,0.153,0.006,0.0,0.0,0.142,0.161,23.8,23.7,23.9,0.142,1577113200
0.127,0.0,0.004,0.0,0.135,0.005,0.0,0.0,0.127,0.14400000000000002,23.7,23.6,23.7,0.127,1577116800
0.12,0.001,0.0,0.001,0.126,0.006,0.0,0.0,0.12,0.133,23.5,23.5,23.6,0.121,1577120400
0.136,0.002,0.001,0.0,0.145,0.021,0.0,0.0,0.138,0.16699999999999998,23.6,23.5,23.7,0.138,1577124000
0.141,0.001,0.0,0.0,0.14800000000000002,0.022000000000000002,0.0,0.0,0.141,0.16899999999999998,23.8,23.6,23.9,0.142,1577127600
0.213,0.009000000000000001,0.0,0.016,0.213,0.022000000000000002,0.0,0.0,0.222,0.252,23.9,23.8,23.9,0.222,1577131200
0.397,0.19,0.369,0.0,0.222,0.024,0.0,0.0,0.5870000000000001,0.615,23.9,23.8,23.9,0.587,1577134800
0.239,0.09,0.16699999999999998,0.0,0.168,0.024,0.0,0.0,0.32899999999999996,0.36,24.0,23.9,24.1,0.32899999999999996,1577138400
0.278,0.004,0.003,0.004,0.28,0.024,0.0,0.001,0.28300000000000003,0.313,24.1,24.1,24.3,0.28200000000000003,1577142000
0.452,0.16,0.289,0.006,0.304,0.025,0.002,0.001,0.612,0.627,24.2,24.1,24.3,0.612,1577145600
0.23600000000000002,0.001,0.001,0.001,0.239,0.021,0.0,0.0,0.23600000000000002,0.263,24.3,24.2,24.3,0.23700000000000002,1577149200
0.233,0.002,0.0,0.003,0.235,0.022000000000000002,0.0,0.0,0.23399999999999999,0.26,24.2,24.2,24.3,0.23500000000000001,1577152800
0.201,0.002,0.0,0.002,0.214,0.022000000000000002,0.0,0.0,0.20199999999999999,0.23800000000000002,24.2,24.2,24.3,0.203,1577156400
0.151,0.001,0.0,0.0,0.161,0.022000000000000002,0.0,0.0,0.152,0.183,24.2,24.1,24.3,0.152,1577160000
0.503,0.396,0.736,0.0,0.14800000000000002,0.036000000000000004,0.0,0.0,0.899,0.9209999999999999,24.1,24.1,24.2,0.899,1577163600
0.425,0.054000000000000006,0.001,0.0,0.433,0.046,0.0,0.0,0.479,0.48,24.1,23.9,24.1,0.479,1577167200
0.28800000000000003,0.026000000000000002,0.0,0.033,0.28,0.026000000000000002,0.0,0.0,0.314,0.33899999999999997,23.9,23.9,24.0,0.31400000000000006,1577170800
0.33399999999999996,0.016,0.0,0.027000000000000003,0.332,0.022000000000000002,0.0,0.0,0.35,0.381,23.8,23.7,23.9,0.35,1577174400
0.261,0.001,0.002,0.003,0.268,0.022000000000000002,0.0,0.0,0.262,0.294,23.8,23.7,23.9,0.262,1577178000
0.289,0.017,0.032,0.001,0.282,0.01,0.0,0.0,0.305,0.324,23.7,23.7,23.8,0.306,1577181600
0.637,0.39299999999999996,0.003,0.74,0.284,0.027999999999999997,0.001,0.001,1.03,1.056,28.5,28.1,28.8,1.03,1577185200
0.253,0.03,0.001,0.02,0.254,0.036000000000000004,0.0,0.0,0.282,0.311,28.1,27.9,28.3,0.28300000000000003,1577188800
0.214,0.013999999999999999,0.001,0.0,0.223,0.028999999999999998,0.0,0.0,0.22699999999999998,0.253,27.8,27.7,27.9,0.22799999999999998,1577192400
0.22899999999999998,0.0,0.0,0.0,0.24,0.011000000000000001,0.0,0.0,0.22899999999999998,0.252,27.8,27.7,27.9,0.22899999999999998,1577196000
0.21600000000000003,0.0,0.0,0.0,0.221,0.011000000000000001,0.0,0.0,0.217,0.233,27.6,27.4,27.7,0.21600000000000003,1577199600
0.327,0.001,0.0,0.0,0.33299999999999996,0.011000000000000001,0.0,0.0,0.32799999999999996,0.345,27.4,27.3,27.5,0.328,1577203200
0.222,0.001,0.002,0.001,0.22899999999999998,0.008,0.001,0.0,0.22399999999999998,0.24100000000000002,27.3,27.2,27.4,0.223,1577206800
0.193,0.001,0.0,0.0,0.203,0.023,0.0,0.0,0.19399999999999998,0.226,27.2,27.1,27.3,0.194,1577210400
0.28600000000000003,0.001,0.001,0.0,0.294,0.022000000000000002,0.0,0.0,0.287,0.317,27.1,27.0,27.2,0.28700000000000003,1577214000
0.23600000000000002,0.004,0.0,0.0,0.247,0.025,0.0,0.0,0.24,0.27399999999999997,27.1,27.0,27.2,0.24000000000000002,1577217600
0.24,0.003,0.001,0.0,0.247,0.024,0.0,0.0,0.243,0.273,27.3,27.2,27.3,0.243,1577221200
0.8690000000000001,0.305,0.596,0.0,0.601,0.026000000000000002,0.0,0.0,1.175,1.2229999999999999,27.4,27.2,27.6,1.1740000000000002,1577224800
0.36700000000000005,0.003,0.001,0.0,0.37200000000000005,0.021,0.0,0.0,0.37,0.395,27.8,27.6,28.1,0.37000000000000005,1577228400
0.396,0.184,0.36,0.001,0.22899999999999998,0.022000000000000002,0.0,0.0,0.581,0.612,27.9,27.6,28.1,0.5800000000000001,1577232000
0.631,0.397,0.768,0.004,0.27399999999999997,0.027999999999999997,0.002,0.001,1.028,1.0759999999999998,27.8,27.6,27.9,1.028,1577235600
0.177,0.001,0.0,0.0,0.184,0.023,0.0,0.0,0.177,0.20800000000000002,27.8,27.8,27.9,0.178,1577239200
0.22699999999999998,0.001,0.0,0.0,0.235,0.023,0.0,0.0,0.22699999999999998,0.258,27.7,27.6,27.8,0.22799999999999998,1577242800
0.39399999999999996,0.003,0.0,0.003,0.405,0.023,0.0,0.0,0.397,0.431,27.5,27.4,27.6,0.39699999999999996,1577246400
0.295,0.002,0.001,0.001,0.304,0.024,0.0,0.0,0.297,0.331,27.3,27.2,27.4,0.297,1577250000
0.324,0.002,0.0,0.0,0.33299999999999996,0.024,0.0,0.0,0.326,0.35700000000000004,27.2,27.1,27.2,0.326,1577253600
0.46799999999999997,0.179,0.35,0.001,0.312,0.025,0.0,0.0,0.647,0.688,27.1,27.0,27.2,0.647,1577257200
0.41100000000000003,0.126,0.24100000000000002,0.0,0.309,0.026000000000000002,0.0,0.0,0.537,0.5760000000000001,26.9,26.8,27.0,0.537,1577260800
0.391,0.002,0.0,0.002,0.392,0.025,0.0,0.0,0.39299999999999996,0.42,26.8,26.8,26.9,0.393,1577264400
0.29100000000000004,0.005,0.002,0.0,0.298,0.011000000000000001,0.0,0.0,0.29600000000000004,0.312,26.7,26.6,26.8,0.29600000000000004,1577268000
0.21,0.0,0.0,0.001,0.22,0.006999999999999999,0.0,0.0,0.21,0.22899999999999998,26.1,26.0,26.2,0.21,1577271600
0.18100000000000002,0.002,0.001,0.001,0.192,0.017,0.0,0.0,0.183,0.21100000000000002,25.9,25.9,26.1,0.18300000000000002,1577275200
0.138,0.0,0.0,0.0,0.15,0.013000000000000001,0.0,0.0,0.138,0.16399999999999998,25.9,25.8,25.9,0.138,1577278800
0.147,0.0,0.0,0.0,0.158,0.009000000000000001,0.0,0.0,0.147,0.16699999999999998,25.8,25.7,25.9,0.147,1577282400
0.152,0.0,0.0,0.0,0.162,0.009000000000000001,0.0,0.0,0.152,0.171,25.7,25.6,25.8,0.152,1577286000
0.226,0.0,0.004,0.0,0.233,0.009000000000000001,0.0,0.0,0.226,0.24600000000000002,25.5,25.4,25.6,0.226,1577289600
0.223,0.0,0.001,0.0,0.23199999999999998,0.008,0.0,0.0,0.223,0.24100000000000002,25.5,25.4,25.6,0.223,1577293200
0.168,0.001,0.0,0.002,0.174,0.022000000000000002,0.0,0.0,0.16899999999999998,0.198,25.6,25.4,25.8,0.169,1577296800
0.254,0.001,0.0,0.001,0.259,0.021,0.0,0.0,0.255,0.281,25.8,25.7,25.9,0.255,1577300400
0.201,0.001,0.0,0.002,0.21100000000000002,0.022000000000000002,0.0,0.0,0.20199999999999999,0.235,26.0,25.9,26.1,0.202,1577304000
0.213,0.002,0.0,0.003,0.22,0.022000000000000002,0.0,0.0,0.215,0.245,26.2,26.0,26.4,0.215,1577307600
0.18600000000000003,0.003,0.0,0.003,0.195,0.018000000000000002,0.0,0.0,0.18899999999999997,0.21600000000000003,26.4,26.3,26.5,0.18900000000000003,1577311200
0.617,0.21899999999999997,0.004,0.41,0.431,0.012,0.0,0.001,0.836,0.858,26.6,26.4,26.8,0.836,1577314800
0.644,0.42,0.011000000000000001,0.8190000000000001,0.255,0.02,0.001,0.001,1.064,1.107,26.9,26.8,27.1,1.064,1577318400
0.691,0.43200000000000005,0.006999999999999999,0.823,0.289,0.02,0.001,0.001,1.124,1.141,27.3,27.1,27.6,1.123,1577322000
0.7909999999999999,0.524,0.266,0.763,0.315,0.027000000000000003,0.0,0.001,1.315,1.3719999999999999,27.5,27.5,27.6,1.315,1577325600
0.562,0.28800000000000003,0.044000000000000004,0.512,0.307,0.024,0.001,0.001,0.85,0.89,27.4,27.3,27.6,0.8500000000000001,1577329200
0.268,0.022000000000000002,0.0,0.033,0.261,0.022000000000000002,0.0,0.0,0.29,0.316,27.3,27.2,27.4,0.29000000000000004,1577332800
0.38,0.124,0.22399999999999998,0.006999999999999999,0.27699999999999997,0.023,0.002,0.002,0.505,0.535,27.1,27.1,27.2,0.504,1577336400
0.321,0.024,0.0,0.045,0.303,0.022000000000000002,0.0,0.0,0.345,0.37,27.1,27.0,27.1,0.34500000000000003,1577340000
0.665,0.244,0.451,0.021,0.45899999999999996,0.027000000000000003,0.0,0.0,0.909,0.9590000000000001,26.9,26.8,27.1,0.909,1577343600
0.716,0.335,0.6559999999999999,0.0,0.42200000000000004,0.024,0.001,0.0,1.052,1.103,26.8,26.8,26.9,1.051,1577347200
0.28600000000000003,0.001,0.0,0.001,0.293,0.022000000000000002,0.0,0.0,0.287,0.316,26.8,26.6,26.9,0.28700000000000003,1577350800
0.28,0.001,0.0,0.001,0.289,0.008,0.0,0.0,0.28,0.298,26.6,26.6,26.8,0.281,1577354400
0.5870000000000001,0.303,0.595,0.0,0.318,0.019,0.0,0.0,0.89,0.932,27.3,27.2,27.4,0.8900000000000001,1577358000
0.184,0.003,0.002,0.001,0.191,0.018000000000000002,0.0,0.0,0.187,0.213,27.3,27.2,27.3,0.187,1577361600
0.16699999999999998,0.001,0.0,0.001,0.17600000000000002,0.015,0.0,0.0,0.168,0.192,27.2,27.1,27.2,0.16799999999999998,1577365200
0.17600000000000002,0.0,0.0,0.001,0.18600000000000003,0.009000000000000001,0.0,0.0,0.17600000000000002,0.196,27.1,27.0,27.1,0.17600000000000002,1577368800
0.139,0.0,0.0,0.001,0.14800000000000002,0.009000000000000001,0.0,0.0,0.14,0.158,27.0,26.9,27.1,0.139,1577372400
0.153,0.0,0.0,0.001,0.16399999999999998,0.009000000000000001,0.0,0.0,0.153,0.17300000000000001,26.8,26.8,26.9,0.153,1577376000
0.161,0.0,0.0,0.0,0.16899999999999998,0.009000000000000001,0.0,0.0,0.161,0.17800000000000002,26.7,26.7,26.8,0.161,1577379600
0.18600000000000003,0.003,0.001,0.002,0.196,0.022000000000000002,0.0,0.0,0.18899999999999997,0.221,26.7,26.6,26.8,0.18900000000000003,1577383200
0.19899999999999998,0.019,0.0,0.037000000000000005,0.18899999999999997,0.022000000000000002,0.0,0.0,0.218,0.249,26.6,26.6,26.7,0.21799999999999997,1577386800
0.16399999999999998,0.006,0.001,0.003,0.17,0.025,0.0,0.0,0.171,0.19899999999999998,26.6,26.6,26.7,0.16999999999999998,1577390400
0.344,0.192,0.37200000000000005,0.0,0.172,0.024,0.0,0.0,0.535,0.568,26.6,26.6,26.7,0.536,1577394000
0.612,0.34299999999999997,0.639,0.004,0.28300000000000003,0.027999999999999997,0.002,0.002,0.955,0.96,26.7,26.6,26.8,0.955,1577397600
0.272,0.003,0.0,0.003,0.276,0.022000000000000002,0.0,0.0,0.275,0.301,26.9,26.8,27.1,0.275,1577401200
0.161,0.001,0.0,0.001,0.165,0.022000000000000002,0.0,0.0,0.161,0.188,27.1,27.1,27.1,0.162,1577404800
0.187,0.002,0.0,0.004,0.18899999999999997,0.022000000000000002,0.0,0.0,0.18899999999999997,0.215,26.9,26.8,27.0,0.189,1577408400
0.266,0.002,0.0,0.0,0.276,0.022000000000000002,0.0,0.0,0.268,0.299,26.7,26.6,26.8,0.268,1577412000
0.261,0.019,0.0,0.037000000000000005,0.252,0.022000000000000002,0.0,0.0,0.28,0.311,26.5,26.3,26.6,0.28,1577415600
0.183,0.004,0.0,0.003,0.187,0.023,0.0,0.0,0.187,0.213,26.4,26.4,26.5,0.187,1577419200
0.445,0.204,0.387,0.005,0.263,0.026000000000000002,0.0,0.0,0.649,0.6809999999999999,26.4,26.3,26.4,0.649,1577422800
0.45,0.052000000000000005,0.001,0.096,0.40700000000000003,0.024,0.0,0.0,0.502,0.528,26.3,26.2,26.4,0.502,1577426400
0.32799999999999996,0.002,0.001,0.0,0.336,0.023,0.0,0.0,0.331,0.359,26.3,26.2,26.3,0.32999999999999996,1577430000
0.664,0.317,0.618,0.004,0.371,0.025,0.0,0.0,0.981,1.0170000000000001,26.1,26.1,26.2,0.9810000000000001,1577433600
0.309,0.005,0.004,0.001,0.321,0.024,0.0,0.0,0.314,0.35,26.1,26.0,26.1,0.314,1577437200
0.258,0.0,0.0,0.0,0.272,0.008,0.0,0.0,0.258,0.28,25.9,25.8,26.1,0.258,1577440800
0.183,0.0,0.001,0.0,0.19399999999999998,0.008,0.0,0.0,0.184,0.204,27.0,26.8,27.1,0.183,1577444400
0.145,0.0,0.0,0.0,0.157,0.008,0.0,0.0,0.146,0.165,26.8,26.7,26.9,0.145,1577448000
0.161,0.0,0.0,0.0,0.17300000000000001,0.008,0.0,0.0,0.162,0.18100000000000002,26.6,26.5,26.7,0.161,1577451600
0.14800000000000002,0.001,0.0,0.0,0.16,0.008,0.0,0.0,0.149,0.16899999999999998,26.4,26.3,26.6,0.14900000000000002,1577455200
0.14800000000000002,0.0,0.001,0.0,0.16,0.008,0.0,0.0,0.14800000000000002,0.17,26.2,26.1,26.4,0.14800000000000002,1577458800
0.158,0.0,0.0,0.001,0.17,0.008,0.0,0.0,0.158,0.179,26.1,26.0,26.1,0.158,1577462400
0.139,0.0,0.0,0.0,0.151,0.008,0.0,0.0,0.139,0.16,26.4,26.1,26.7,0.139,1577466000
0.16699999999999998,0.002,0.0,0.0,0.17800000000000002,0.024,0.0,0.0,0.168,0.20199999999999999,26.8,26.7,26.8,0.16899999999999998,1577469600
0.131,0.001,0.0,0.0,0.14400000000000002,0.023,0.0,0.0,0.132,0.16699999999999998,26.8,26.8,26.9,0.132,1577473200
0.17600000000000002,0.001,0.0,0.0,0.18600000000000003,0.023,0.0,0.0,0.177,0.209,27.0,26.9,27.1,0.17700000000000002,1577476800
0.127,0.001,0.0,0.0,0.14,0.023,0.0,0.0,0.128,0.163,27.2,27.1,27.3,0.128,1577480400
0.17600000000000002,0.001,0.001,0.0,0.18600000000000003,0.023,0.0,0.0,0.17800000000000002,0.21100000000000002,27.5,27.3,27.6,0.17700000000000002,1577484000
0.134,0.001,0.0,0.0,0.146,0.023,0.0,0.0,0.135,0.16899999999999998,27.6,27.5,27.8,0.135,1577487600
0.174,0.001,0.0,0.0,0.18600000000000003,0.023,0.0,0.0,0.175,0.209,27.8,27.7,27.9,0.175,1577491200
0.14400000000000002,0.002,0.0,0.0,0.155,0.024,0.0,0.0,0.146,0.179,28.1,27.9,28.3,0.14600000000000002,1577494800
0.165,0.001,0.0,0.0,0.177,0.023,0.0,0.0,0.166,0.2,28.2,28.1,28.3,0.166,1577498400
0.15,0.001,0.0,0.0,0.162,0.023,0.0,0.0,0.151,0.185,28.3,28.3,28.4,0.151,1577502000
0.16699999999999998,0.002,0.0,0.0,0.17800000000000002,0.024,0.0,0.0,0.16899999999999998,0.20199999999999999,28.4,28.3,28.4,0.16899999999999998,1577505600
0.155,0.002,0.0,0.003,0.168,0.023,0.0,0.0,0.158,0.19399999999999998,28.4,28.4,28.4,0.157,1577509200
0.986,0.47200000000000003,0.861,0.076,0.586,0.027999999999999997,0.0,0.0,1.4580000000000002,1.551,28.3,28.2,28.4,1.458,1577512800
0.44799999999999995,0.002,0.001,0.001,0.455,0.023,0.0,0.0,0.449,0.48100000000000004,28.3,28.2,28.3,0.44999999999999996,1577516400
0.33299999999999996,0.038,0.001,0.07400000000000001,0.308,0.023,0.0,0.0,0.37,0.406,28.3,28.2,28.3,0.37099999999999994,1577520000
0.6459999999999999,0.396,0.0,0.773,0.28300000000000003,0.023,0.0,0.0,1.042,1.08,28.2,28.1,28.3,1.0419999999999998,1577523600
0.6779999999999999,0.37799999999999995,0.005,0.7509999999999999,0.321,0.009000000000000001,0.001,0.001,1.056,1.089,28.1,27.9,28.2,1.0559999999999998,1577527200
0.21600000000000003,0.001,0.001,0.0,0.22399999999999998,0.008,0.0,0.0,0.21600000000000003,0.233,25.3,25.3,25.4,0.21700000000000003,1577530800
0.16,0.001,0.0,0.006,0.16,0.021,0.0,0.0,0.161,0.187,25.2,25.1,25.3,0.161,1577534400
0.259,0.001,0.002,0.001,0.267,0.012,0.0,0.0,0.26,0.282,25.2,25.0,25.3,0.26,1577538000
0.21100000000000002,0.001,0.001,0.0,0.22,0.008,0.0,0.0,0.212,0.22899999999999998,25.1,25.0,25.1,0.21200000000000002,1577541600
0.152,0.001,0.001,0.001,0.16399999999999998,0.009000000000000001,0.0,0.0,0.154,0.174,25.0,24.9,25.1,0.153,1577545200
0.154,0.001,0.0,0.0,0.162,0.008,0.0,0.0,0.155,0.17,24.9,24.9,25.0,0.155,1577548800
0.14300000000000002,0.0,0.0,0.0,0.152,0.006999999999999999,0.0,0.0,0.14400000000000002,0.159,25.0,24.9,25.0,0.14300000000000002,1577552400
0.14400000000000002,0.002,0.001,0.0,0.157,0.022000000000000002,0.0,0.0,0.145,0.18,25.0,24.9,25.1,0.14600000000000002,1577556000
0.188,0.004,0.001,0.003,0.195,0.023,0.0,0.0,0.192,0.222,25.2,25.1,25.4,0.192,1577559600
0.257,0.002,0.0,0.003,0.266,0.022000000000000002,0.0,0.0,0.259,0.29100000000000004,25.5,25.3,25.6,0.259,1577563200
0.594,0.002,0.012,0.001,0.599,0.022000000000000002,0.0,0.0,0.596,0.634,25.8,25.6,26.0,0.596,1577566800
0.29,0.079,0.0,0.0,0.29600000000000004,0.096,0.0,0.0,0.369,0.392,26.1,25.9,26.4,0.369,1577570400
0.267,0.003,0.0,0.001,0.27699999999999997,0.024,0.0,0.0,0.271,0.302,26.2,26.1,26.4,0.27,1577574000
0.28800000000000003,0.001,0.0,0.0,0.298,0.022000000000000002,0.0,0.0,0.289,0.32,26.5,26.3,26.6,0.28900000000000003,1577577600
0.34600000000000003,0.001,0.0,0.002,0.35600000000000004,0.022000000000000002,0.0,0.0,0.34700000000000003,0.381,26.8,26.6,26.9,0.34700000000000003,1577581200
0.785,0.467,0.24100000000000002,0.682,0.359,0.026000000000000002,0.001,0.003,1.252,1.3119999999999998,26.9,26.8,27.0,1.252,1577584800
0.608,0.335,0.009000000000000001,0.628,0.309,0.024,0.001,0.001,0.943,0.971,27.0,26.9,27.1,0.9430000000000001,1577588400
0.584,0.365,0.006999999999999999,0.6779999999999999,0.265,0.023,0.0,0.001,0.9490000000000001,0.975,27.2,27.1,27.3,0.949,1577592000
0.433,0.10300000000000001,0.001,0.195,0.35700000000000004,0.023,0.0,0.0,0.536,0.5760000000000001,27.3,27.3,27.4,0.536,1577595600
0.545,0.02,0.002,0.036000000000000004,0.515,0.022000000000000002,0.0,0.0,0.564,0.5770000000000001,27.4,27.3,27.4,0.5650000000000001,1577599200
1.198,0.87,1.07,0.685,0.391,0.034,0.003,0.002,2.068,2.184,27.4,27.3,27.4,2.068,1577602800
0.951,0.601,0.617,0.547,0.395,0.032,0.0,0.001,1.5519999999999998,1.5930000000000002,27.4,27.4,27.5,1.552,1577606400
0.45799999999999996,0.006999999999999999,0.0,0.008,0.45799999999999996,0.022000000000000002,0.0,0.0,0.465,0.488,27.4,27.4,27.5,0.46499999999999997,1577610000
0.295,0.0,0.003,0.003,0.298,0.009000000000000001,0.0,0.0,0.295,0.313,27.4,27.2,27.4,0.295,1577613600
0.5710000000000001,0.312,0.005,0.608,0.28800000000000003,0.015,0.001,0.001,0.883,0.917,27.9,27.8,28.0,0.883,1577617200
0.377,0.055,0.0,0.083,0.349,0.023,0.0,0.0,0.433,0.455,27.8,27.6,27.9,0.432,1577620800
0.226,0.001,0.001,0.001,0.23800000000000002,0.013999999999999999,0.0,0.0,0.22699999999999998,0.253,27.5,27.3,27.7,0.227,1577624400
0.19,0.0,0.0,0.001,0.2,0.009000000000000001,0.0,0.0,0.19,0.21,27.3,27.1,27.4,0.19,1577628000
0.156,0.001,0.0,0.0,0.16899999999999998,0.011000000000000001,0.0,0.0,0.157,0.18100000000000002,27.1,27.0,27.2,0.157,1577631600
0.155,0.0,0.0,0.0,0.17,0.01,0.0,0.0,0.155,0.18,27.0,26.8,27.1,0.155,1577635200
0.172,0.0,0.0,0.0,0.18600000000000003,0.01,0.0,0.0,0.172,0.19699999999999998,27.2,26.9,27.5,0.172,1577638800
0.14400000000000002,0.002,0.001,0.001,0.16,0.023,0.0,0.0,0.146,0.185,27.6,27.5,27.8,0.14600000000000002,1577642400
0.342,0.13,0.002,0.251,0.23399999999999999,0.025,0.001,0.001,0.47200000000000003,0.514,27.8,27.7,27.9,0.47200000000000003,1577646000
0.748,0.5770000000000001,0.22899999999999998,0.883,0.244,0.04,0.0,0.0,1.325,1.396,27.9,27.8,28.0,1.3250000000000002,1577649600
1.006,0.877,1.057,0.7559999999999999,0.213,0.038,0.002,0.001,1.883,2.068,28.0,27.9,28.2,1.883,1577653200
0.20199999999999999,0.003,0.0,0.003,0.21,0.023,0.0,0.0,0.204,0.23600000000000002,28.3,28.1,28.4,0.205,1577656800
0.136,0.001,0.0,0.0,0.147,0.023,0.0,0.0,0.13699999999999998,0.17,28.6,28.4,28.7,0.137,1577660400
0.187,0.001,0.0,0.0,0.198,0.023,0.0,0.0,0.188,0.221,28.8,28.6,28.9,0.188,1577664000
0.18899999999999997,0.003,0.0,0.001,0.20199999999999999,0.024,0.0,0.0,0.191,0.228,29.1,28.9,29.3,0.19199999999999998,1577667600
0.271,0.003,0.001,0.001,0.285,0.024,0.0,0.0,0.27399999999999997,0.312,29.4,29.2,29.4,0.274,1577671200
0.17800000000000002,0.001,0.0,0.0,0.18899999999999997,0.023,0.0,0.0,0.179,0.212,29.4,29.4,29.4,0.17900000000000002,1577674800
0.15,0.001,0.0,0.001,0.161,0.023,0.0,0.0,0.151,0.185,29.5,29.4,29.5,0.151,1577678400
0.183,0.003,0.0,0.0,0.192,0.025,0.0,0.0,0.185,0.217,29.5,29.4,29.5,0.186,1577682000
0.14300000000000002,0.001,0.0,0.0,0.155,0.023,0.0,0.0,0.14400000000000002,0.17800000000000002,29.5,29.4,29.6,0.14400000000000002,1577685600
0.18600000000000003,0.001,0.0,0.0,0.196,0.023,0.0,0.0,0.187,0.21899999999999997,29.4,29.3,29.5,0.18700000000000003,1577689200
0.424,0.266,0.266,0.266,0.195,0.026000000000000002,0.0,0.0,0.69,0.753,29.2,29.1,29.4,0.69,1577692800
0.669,0.444,0.127,0.74,0.264,0.027999999999999997,0.002,0.001,1.113,1.163,29.0,29.0,29.1,1.113,1577696400
0.624,0.37799999999999995,0.003,0.748,0.28,0.011000000000000001,0.001,0.0,1.002,1.043,28.9,28.8,29.0,1.002,1577700000
0.31,0.001,0.0,0.0,0.316,0.01,0.0,0.0,0.31,0.327,26.4,26.2,26.6,0.311,1577703600
0.28300000000000003,0.002,0.0,0.001,0.294,0.021,0.0,0.0,0.285,0.316,26.1,26.0,26.2,0.28500000000000003,1577707200
0.159,0.002,0.0,0.0,0.16899999999999998,0.021,0.0,0.0,0.161,0.191,25.9,25.8,26.1,0.161,1577710800
0.147,0.001,0.0,0.001,0.156,0.011000000000000001,0.0,0.0,0.147,0.168,25.7,25.6,25.9,0.148,1577714400
0.14300000000000002,0.0,0.0,0.0,0.155,0.008,0.0,0.0,0.14400000000000002,0.16399999999999998,25.6,25.5,25.7,0.14300000000000002,1577718000
0.14400000000000002,0.0,0.001,0.0,0.155,0.008,0.0,0.0,0.14400000000000002,0.165,25.4,25.4,25.5,0.14400000000000002,1577721600
0.141,0.001,0.001,0.001,0.151,0.008,0.0,0.0,0.141,0.161,25.4,25.3,25.4,0.142,1577725200
0.146,0.002,0.001,0.002,0.156,0.022000000000000002,0.0,0.0,0.14800000000000002,0.18,25.4,25.3,25.5,0.148,1577728800
0.318,0.158,0.307,0.0,0.17800000000000002,0.023,0.0,0.0,0.47600000000000003,0.508,25.5,25.4,25.7,0.476,1577732400
0.152,0.001,0.0,0.001,0.162,0.022000000000000002,0.0,0.0,0.152,0.185,25.8,25.6,26.0,0.153,1577736000
0.215,0.002,0.001,0.001,0.22399999999999998,0.023,0.0,0.0,0.217,0.249,26.0,25.9,26.1,0.217,1577739600
0.612,0.42700000000000005,0.0,0.8290000000000001,0.222,0.024,0.0,0.001,1.0390000000000001,1.077,26.3,26.0,26.6,1.0390000000000001,1577743200
0.7390000000000001,0.44,0.019,0.857,0.327,0.023,0.001,0.0,1.178,1.227,26.8,26.6,27.0,1.179,1577746800
0.94,0.445,0.004,0.865,0.528,0.022000000000000002,0.0,0.002,1.385,1.421,27.0,26.8,27.3,1.385,1577750400
0.389,0.193,0.001,0.37,0.221,0.025,0.0,0.0,0.5820000000000001,0.618,27.2,27.0,27.4,0.5820000000000001,1577754000
0.7090000000000001,0.38299999999999995,0.004,0.718,0.364,0.022000000000000002,0.001,0.001,1.092,1.109,27.1,27.1,27.2,1.092,1577757600
0.66,0.384,0.001,0.728,0.309,0.022000000000000002,0.001,0.0,1.044,1.06,27.2,27.1,27.2,1.044,1577761200
0.971,0.8109999999999999,1.183,0.396,0.213,0.027000000000000003,0.0,0.0,1.7819999999999998,1.821,27.1,27.0,27.2,1.782,1577764800
0.389,0.038,0.001,0.07200000000000001,0.364,0.022000000000000002,0.0,0.0,0.42700000000000005,0.45799999999999996,27.0,26.9,27.1,0.427,1577768400
0.5,0.154,0.298,0.0,0.363,0.025,0.001,0.0,0.654,0.687,26.9,26.8,27.1,0.654,1577772000
0.321,0.002,0.0,0.0,0.332,0.023,0.0,0.0,0.32299999999999995,0.35600000000000004,26.8,26.6,26.9,0.323,1577775600
0.364,0.025,0.002,0.05,0.345,0.023,0.0,0.0,0.39,0.42,26.6,26.5,26.7,0.389,1577779200
0.276,0.003,0.0,0.0,0.294,0.023,0.0,0.0,0.27899999999999997,0.317,26.5,26.4,26.6,0.279,1577782800
0.245,0.0,0.0,0.002,0.24600000000000002,0.011000000000000001,0.0,0.0,0.245,0.258,26.3,26.1,26.4,0.245,1577786400
0.363,0.061,0.0,0.11900000000000001,0.312,0.01,0.0,0.0,0.424,0.442,24.6,24.4,24.7,0.424,1577790000
0.255,0.01,0.001,0.019,0.257,0.008,0.0,0.0,0.265,0.284,24.6,24.4,24.7,0.265,1577793600
0.22,0.003,0.0,0.0,0.22899999999999998,0.019,0.0,0.0,0.223,0.248,24.4,24.2,24.5,0.223,1577797200
0.16,0.002,0.004,0.0,0.171,0.019,0.0,0.0,0.161,0.195,24.1,23.9,24.4,0.162,1577800800
0.14300000000000002,0.001,0.0,0.0,0.158,0.015,0.0,0.0,0.14400000000000002,0.174,23.9,23.7,24.1,0.14400000000000002,1577804400
0.142,0.001,0.001,0.0,0.15,0.011000000000000001,0.0,0.0,0.14300000000000002,0.163,23.7,23.7,23.8,0.143,1577808000
0.141,0.001,0.0,0.001,0.15,0.013999999999999999,0.0,0.0,0.142,0.165,23.8,23.7,23.9,0.142,1577811600
0.14,0.003,0.0,0.001,0.151,0.021,0.0,0.0,0.14300000000000002,0.17300000000000001,24.2,23.9,24.4,0.14300000000000002,1577815200
0.145,0.002,0.001,0.001,0.155,0.022000000000000002,0.0,0.0,0.146,0.17800000000000002,24.5,24.3,24.7,0.147,1577818800
0.235,0.001,0.0,0.001,0.243,0.022000000000000002,0.0,0.0,0.237,0.266,24.7,24.6,24.9,0.236,1577822400
0.207,0.002,0.0,0.002,0.214,0.022000000000000002,0.0,0.0,0.209,0.23800000000000002,25.0,24.9,25.1,0.209,1577826000
0.43200000000000005,0.161,0.0,0.297,0.292,0.024,0.0,0.001,0.593,0.614,25.3,25.1,25.5,0.5930000000000001,1577829600
0.41600000000000004,0.04,0.0,0.075,0.38,0.022000000000000002,0.0,0.0,0.456,0.478,25.7,25.5,25.9,0.456,1577833200
0.218,0.003,0.001,0.001,0.21899999999999997,0.022000000000000002,0.0,0.0,0.221,0.244,26.0,25.9,26.1,0.221,1577836800
0.248,0.005,0.0,0.001,0.25,0.025,0.0,0.0,0.253,0.276,26.4,26.1,26.5,0.253,1577840400
0.249,0.001,0.0,0.001,0.255,0.022000000000000002,0.0,0.0,0.25,0.278,26.5,26.4,26.6,0.25,1577844000
0.21600000000000003,0.002,0.0,0.001,0.22,0.022000000000000002,0.0,0.0,0.218,0.243,26.5,26.4,26.6,0.21800000000000003,1577847600
0.228,0.005,0.0,0.0,0.23,0.024,0.0,0.0,0.233,0.255,26.5,26.4,26.5,0.233,1577851200
0.252,0.001,0.0,0.0,0.262,0.022000000000000002,0.0,0.0,0.253,0.28300000000000003,26.5,26.4,26.6,0.253,1577854800
0.353,0.11800000000000001,0.228,0.002,0.255,0.023,0.0,0.0,0.47100000000000003,0.508,26.5,26.4,26.6,0.471,1577858400
0.414,0.032,0.057,0.001,0.387,0.023,0.001,0.0,0.446,0.46799999999999997,26.4,26.4,26.5,0.44599999999999995,1577862000
0.6759999999999999,0.382,0.6829999999999999,0.062,0.332,0.027999999999999997,0.0,0.0,1.058,1.105,26.4,26.3,26.4,1.0579999999999998,1577865600
0.335,0.003,0.0,0.002,0.344,0.022000000000000002,0.0,0.0,0.33799999999999997,0.369,26.3,26.2,26.4,0.338,1577869200
0.457,0.191,0.375,0.0,0.293,0.012,0.0,0.0,0.649,0.68,26.2,26.2,26.3,0.648,1577872800
0.256,0.001,0.0,0.0,0.266,0.006999999999999999,0.0,0.0,0.257,0.273,26.8,26.7,26.9,0.257,1577876400
0.258,0.001,0.001,0.0,0.271,0.016,0.0,0.0,0.259,0.28800000000000003,26.6,26.6,26.8,0.259,1577880000
0.17,0.006999999999999999,0.001,0.0,0.182,0.024,0.0,0.0,0.17600000000000002,0.207,26.5,26.4,26.6,0.17700000000000002,1577883600
0.243,0.002,0.002,0.001,0.255,0.022000000000000002,0.001,0.0,0.245,0.281,26.3,26.2,26.4,0.245,1577887200
0.217,0.0,0.0,0.0,0.23199999999999998,0.011000000000000001,0.0,0.0,0.217,0.243,26.2,26.1,26.3,0.217,1577890800
0.172,0.001,0.001,0.001,0.182,0.01,0.0,0.0,0.172,0.195,26.1,26.1,26.2,0.173,1577894400
0.192,0.0,0.0,0.0,0.204,0.01,0.0,0.0,0.193,0.214,26.5,26.2,26.7,0.192,1577898000
0.20600000000000002,0.001,0.0,0.0,0.223,0.023,0.0,0.0,0.20800000000000002,0.24600000000000002,26.6,26.5,26.7,0.20700000000000002,1577901600
0.75,0.524,1.028,0.0,0.266,0.024,0.0,0.0,1.274,1.318,26.8,26.7,26.9,1.274,1577905200
0.396,0.174,0.337,0.003,0.247,0.024,0.0,0.0,0.57,0.612,27.1,26.9,27.2,0.5700000000000001,1577908800
0.281,0.003,0.0,0.004,0.29,0.023,0.0,0.0,0.284,0.318,27.3,27.2,27.4,0.28400000000000003,1577912400
0.402,0.001,0.0,0.0,0.409,0.023,0.0,0.0,0.402,0.433,27.6,27.4,27.7,0.403,1577916000
0.348,0.001,0.0,0.001,0.36,0.023,0.0,0.0,0.349,0.384,27.8,27.7,27.9,0.349,1577919600
0.32899999999999996,0.004,0.0,0.005,0.336,0.023,0.0,0.0,0.33299999999999996,0.365,28.0,27.9,28.2,0.33299999999999996,1577923200
0.335,0.003,0.001,0.002,0.335,0.025,0.0,0.001,0.337,0.365,28.3,28.1,28.6,0.338,1577926800
0.353,0.002,0.001,0.002,0.361,0.024,0.0,0.001,0.355,0.389,28.6,28.5,28.7,0.355,1577930400
0.34299999999999997,0.001,0.0,0.0,0.35600000000000004,0.023,0.0,0.0,0.344,0.38,28.7,28.6,28.9,0.344,1577934000
0.366,0.129,0.252,0.001,0.267,0.025,0.0,0.0,0.495,0.545,28.9,28.8,29.0,0.495,1577937600
0.7040000000000001,0.003,0.001,0.0,0.706,0.025,0.0,0.0,0.706,0.732,29.0,28.9,29.1,0.7070000000000001,1577941200
0.5589999999999999,0.001,0.001,0.001,0.5670000000000001,0.024,0.0,0.0,0.561,0.594,29.1,29.1,29.2,0.5599999999999999,1577944800
0.6829999999999999,0.315,0.449,0.165,0.418,0.034,0.003,0.002,0.998,1.072,29.1,29.1,29.2,0.998,1577948400
0.701,0.42100000000000004,0.001,0.8079999999999999,0.318,0.024,0.0,0.0,1.122,1.1520000000000001,28.9,28.7,29.1,1.1219999999999999,1577952000
0.298,0.035,0.001,0.061,0.276,0.024,0.0,0.0,0.33299999999999996,0.36200000000000004,28.8,28.7,28.9,0.33299999999999996,1577955600
0.38299999999999995,0.065,0.125,0.0,0.33299999999999996,0.009000000000000001,0.0,0.0,0.44799999999999995,0.46799999999999997,28.7,28.6,28.7,0.44799999999999995,1577959200
0.249,0.0,0.0,0.0,0.258,0.012,0.0,0.0,0.249,0.27,26.1,25.9,26.3,0.249,1577962800
0.23,0.0,0.001,0.001,0.24100000000000002,0.009000000000000001,0.0,0.0,0.23,0.251,25.8,25.8,25.9,0.23,1577966400
0.162,0.004,0.0,0.003,0.174,0.021,0.0,0.0,0.16699999999999998,0.19899999999999998,25.7,25.6,25.9,0.166,1577970000
0.151,0.002,0.0,0.001,0.161,0.02,0.0,0.0,0.153,0.183,25.6,25.4,25.7,0.153,1577973600
0.145,0.001,0.001,0.001,0.154,0.012,0.0,0.0,0.146,0.168,25.4,25.3,25.5,0.146,1577977200
0.146,0.0,0.0,0.001,0.157,0.01,0.0,0.0,0.146,0.168,25.3,25.3,25.4,0.146,1577980800
0.147,0.0,0.0,0.0,0.158,0.008,0.0,0.0,0.147,0.16699999999999998,25.6,25.4,25.9,0.147,1577984400
0.14400000000000002,0.001,0.001,0.0,0.154,0.022000000000000002,0.0,0.0,0.146,0.177,25.9,25.8,25.9,0.14500000000000002,1577988000
0.21100000000000002,0.001,0.0,0.002,0.221,0.022000000000000002,0.0,0.0,0.212,0.245,25.9,25.9,26.0,0.21200000000000002,1577991600
0.377,0.183,0.358,0.0,0.213,0.023,0.0,0.0,0.561,0.594,26.1,25.9,26.2,0.56,1577995200
0.231,0.003,0.001,0.001,0.237,0.023,0.0,0.0,0.23399999999999999,0.262,26.4,26.2,26.5,0.234,1577998800
0.5329999999999999,0.061,0.09699999999999999,0.001,0.49,0.026000000000000002,0.0,0.0,0.594,0.613,26.6,26.4,26.8,0.5939999999999999,1578002400
0.245,0.011000000000000001,0.0,0.0,0.255,0.027999999999999997,0.0,0.0,0.256,0.284,26.9,26.8,27.0,0.256,1578006000
0.885,0.6509999999999999,0.915,0.35100000000000003,0.289,0.026000000000000002,0.0,0.0,1.536,1.5819999999999999,27.1,26.9,27.3,1.536,1578009600
0.485,0.327,0.0,0.635,0.193,0.022000000000000002,0.0,0.0,0.812,0.8490000000000001,27.3,27.2,27.4,0.812,1578013200
0.258,0.10800000000000001,0.0,0.20600000000000002,0.17300000000000001,0.021,0.0,0.0,0.366,0.4,27.4,27.3,27.4,0.366,1578016800
0.156,0.003,0.0,0.006,0.162,0.022000000000000002,0.0,0.0,0.159,0.19,27.4,27.3,27.4,0.159,1578020400
0.155,0.001,0.0,0.0,0.165,0.022000000000000002,0.0,0.0,0.156,0.187,27.3,27.2,27.4,0.156,1578024000
0.336,0.16399999999999998,0.317,0.001,0.196,0.024,0.0,0.0,0.5,0.539,27.2,27.1,27.2,0.5,1578027600
0.20800000000000002,0.004,0.0,0.0,0.22,0.022000000000000002,0.0,0.0,0.21100000000000002,0.243,27.1,27.0,27.2,0.21200000000000002,1578031200
0.244,0.001,0.0,0.002,0.252,0.022000000000000002,0.0,0.0,0.244,0.276,27.0,26.9,27.1,0.245,1578034800
0.21899999999999997,0.002,0.001,0.0,0.22899999999999998,0.023,0.0,0.0,0.221,0.252,26.8,26.8,26.9,0.22099999999999997,1578038400
0.303,0.005,0.001,0.003,0.306,0.022000000000000002,0.0,0.0,0.307,0.332,26.7,26.6,26.8,0.308,1578042000
0.413,0.0,0.0,0.0,0.419,0.008,0.0,0.0,0.413,0.42700000000000005,26.6,26.5,26.7,0.413,1578045600
0.28600000000000003,0.001,0.0,0.0,0.299,0.01,0.0,0.0,0.287,0.309,26.3,26.2,26.4,0.28700000000000003,1578049200
0.19699999999999998,0.001,0.0,0.0,0.209,0.019,0.0,0.0,0.198,0.228,26.2,26.1,26.3,0.19799999999999998,1578052800
0.174,0.0,0.0,0.0,0.184,0.012,0.0,0.0,0.174,0.196,26.0,25.9,26.1,0.174,1578056400
0.214,0.0,0.0,0.0,0.225,0.008,0.0,0.0,0.214,0.233,25.9,25.8,25.9,0.214,1578060000
0.228,0.0,0.0,0.0,0.23800000000000002,0.008,0.0,0.0,0.228,0.24600000000000002,25.7,25.7,25.8,0.228,1578063600
0.19699999999999998,0.0,0.0,0.0,0.20800000000000002,0.006999999999999999,0.0,0.0,0.19699999999999998,0.215,25.7,25.6,25.7,0.19699999999999998,1578067200
0.161,0.0,0.0,0.0,0.175,0.009000000000000001,0.0,0.0,0.162,0.184,25.6,25.6,25.7,0.161,1578070800
0.332,0.159,0.31,0.0,0.185,0.024,0.0,0.0,0.49200000000000005,0.52,25.6,25.6,25.9,0.491,1578074400
0.19899999999999998,0.002,0.0,0.001,0.214,0.023,0.0,0.0,0.201,0.23800000000000002,25.7,25.6,25.9,0.20099999999999998,1578078000
0.213,0.004,0.0,0.003,0.22399999999999998,0.025,0.0,0.0,0.217,0.251,25.8,25.8,25.9,0.217,1578081600
0.138,0.001,0.0,0.0,0.15,0.023,0.0,0.0,0.139,0.17300000000000001,25.9,25.8,26.0,0.139,1578085200
0.24,0.003,0.0,0.002,0.247,0.023,0.0,0.0,0.243,0.273,25.8,25.7,25.9,0.243,1578088800
0.615,0.289,0.563,0.001,0.35600000000000004,0.026000000000000002,0.0,0.0,0.904,0.945,25.9,25.8,26.0,0.9039999999999999,1578092400
0.24100000000000002,0.001,0.002,0.001,0.251,0.024,0.001,0.0,0.242,0.27899999999999997,26.1,26.0,26.1,0.24200000000000002,1578096000
0.742,0.34700000000000003,0.586,0.001,0.5,0.07200000000000001,0.0,0.0,1.09,1.159,26.2,26.0,26.3,1.089,1578099600
0.295,0.002,0.0,0.001,0.306,0.023,0.0,0.0,0.297,0.331,26.0,25.9,26.2,0.297,1578103200
0.191,0.001,0.0,0.0,0.19699999999999998,0.023,0.0,0.0,0.192,0.22,26.0,25.8,26.1,0.192,1578106800
0.373,0.146,0.281,0.001,0.239,0.025,0.0,0.0,0.519,0.546,25.8,25.6,25.9,0.519,1578110400
0.20800000000000002,0.001,0.001,0.001,0.21899999999999997,0.023,0.0,0.0,0.209,0.244,25.7,25.6,25.8,0.20900000000000002,1578114000
0.23600000000000002,0.005,0.0,0.003,0.24600000000000002,0.025,0.0,0.0,0.24100000000000002,0.27399999999999997,25.6,25.5,25.8,0.24100000000000002,1578117600
0.28300000000000003,0.016,0.025,0.003,0.28300000000000003,0.024,0.0,0.0,0.3,0.335,25.5,25.4,25.6,0.29900000000000004,1578121200
0.353,0.001,0.0,0.0,0.361,0.023,0.0,0.0,0.354,0.385,25.4,25.3,25.4,0.354,1578124800
0.49,0.004,0.004,0.001,0.48700000000000004,0.026000000000000002,0.001,0.0,0.494,0.521,25.3,25.3,25.4,0.494,1578128400
0.584,0.324,0.5529999999999999,0.086,0.28800000000000003,0.011000000000000001,0.0,0.0,0.9079999999999999,0.938,25.2,25.1,25.4,0.9079999999999999,1578132000
0.6859999999999999,0.341,0.006999999999999999,0.662,0.37,0.012,0.001,0.001,1.0270000000000001,1.053,28.7,28.6,28.8,1.027,1578135600
0.345,0.096,0.12300000000000001,0.002,0.3,0.045,0.0,0.0,0.441,0.47100000000000003,28.6,28.5,28.7,0.44099999999999995,1578139200
0.397,0.23600000000000002,0.0,0.34299999999999997,0.239,0.07,0.0,0.0,0.633,0.652,28.5,28.4,28.6,0.633,1578142800
0.5479999999999999,0.436,0.0,0.763,0.19,0.069,0.0,0.0,0.9840000000000001,1.022,28.3,28.1,28.4,0.984,1578146400
0.546,0.39399999999999996,0.14300000000000002,0.619,0.205,0.04,0.004,0.004,0.94,1.014,28.2,28.1,28.3,0.94,1578150000
0.185,0.051,0.0,0.114,0.151,0.012,0.0,0.0,0.23600000000000002,0.278,28.0,27.8,28.1,0.236,1578153600
0.20199999999999999,0.051,0.0,0.115,0.171,0.008,0.0,0.0,0.253,0.293,28.0,27.9,28.1,0.253,1578157200
0.29600000000000004,0.07400000000000001,0.0,0.114,0.249,0.023,0.0,0.0,0.371,0.387,28.3,28.1,28.5,0.37000000000000005,1578160800
0.318,0.076,0.001,0.10400000000000001,0.28800000000000003,0.026000000000000002,0.0,0.0,0.39299999999999996,0.419,28.6,28.4,28.7,0.394,1578164400
0.605,0.44799999999999995,0.1,0.762,0.21100000000000002,0.035,0.001,0.001,1.053,1.11,28.7,28.6,28.8,1.053,1578168000
0.915,0.753,0.85,0.615,0.21,0.03,0.001,0.0,1.6680000000000001,1.705,29.0,28.8,29.1,1.6680000000000001,1578171600
0.485,0.24600000000000002,0.187,0.322,0.258,0.026000000000000002,0.0,0.0,0.731,0.7929999999999999,29.3,29.0,29.5,0.731,1578175200
0.721,0.309,0.0,0.603,0.435,0.023,0.0,0.0,1.031,1.062,29.7,29.5,29.9,1.03,1578178800
0.723,0.49,0.005,0.9490000000000001,0.264,0.024,0.001,0.001,1.213,1.244,29.9,29.8,30.1,1.213,1578182400
0.7809999999999999,0.47700000000000004,0.003,0.9329999999999999,0.325,0.023,0.001,0.001,1.258,1.286,30.3,30.0,30.6,1.258,1578186000
0.8740000000000001,0.485,0.053,0.9,0.418,0.025,0.001,0.001,1.359,1.3969999999999998,30.4,30.3,30.6,1.359,1578189600
0.7440000000000001,0.354,0.01,0.682,0.406,0.026000000000000002,0.001,0.002,1.097,1.127,30.1,30.0,30.3,1.098,1578193200
0.475,0.152,0.0,0.289,0.33899999999999997,0.025,0.0,0.0,0.626,0.653,29.7,29.5,30.1,0.627,1578196800
0.573,0.002,0.0,0.003,0.578,0.023,0.0,0.0,0.575,0.604,29.5,29.3,29.6,0.575,1578200400
0.521,0.13,0.251,0.001,0.42,0.025,0.0,0.0,0.6509999999999999,0.6970000000000001,29.5,29.4,29.6,0.651,1578204000
0.447,0.077,0.14800000000000002,0.0,0.389,0.024,0.0,0.0,0.524,0.561,29.4,29.3,29.5,0.524,1578207600
0.496,0.001,0.001,0.0,0.503,0.023,0.0,0.0,0.49700000000000005,0.527,29.1,28.9,29.3,0.497,1578211200
0.672,0.29600000000000004,0.006999999999999999,0.556,0.406,0.026000000000000002,0.001,0.002,0.968,0.997,28.8,28.6,28.9,0.9680000000000001,1578214800
0.614,0.375,0.01,0.755,0.262,0.008,0.001,0.002,0.9890000000000001,1.038,28.5,28.4,28.7,0.989,1578218400
0.185,0.004,0.002,0.002,0.188,0.022000000000000002,0.0,0.0,0.18899999999999997,0.213,26.6,26.4,26.8,0.189,1578222000
0.242,0.001,0.003,0.005,0.25,0.013999999999999999,0.0,0.0,0.243,0.272,26.5,26.4,26.5,0.243,1578225600
0.207,0.0,0.0,0.001,0.21899999999999997,0.009000000000000001,0.0,0.0,0.207,0.23,26.3,26.1,26.4,0.207,1578229200
0.16699999999999998,0.0,0.0,0.0,0.17600000000000002,0.009000000000000001,0.0,0.0,0.168,0.18600000000000003,26.1,26.0,26.2,0.16699999999999998,1578232800
0.14,0.0,0.002,0.0,0.14800000000000002,0.01,0.0,0.0,0.14,0.161,25.9,25.8,26.1,0.14,1578236400
0.149,0.0,0.0,0.001,0.161,0.009000000000000001,0.0,0.0,0.149,0.171,25.8,25.8,25.9,0.149,1578240000
0.153,0.001,0.0,0.0,0.16399999999999998,0.009000000000000001,0.0,0.0,0.154,0.17300000000000001,26.1,25.9,26.2,0.154,1578243600
0.183,0.018000000000000002,0.0,0.034,0.175,0.022000000000000002,0.001,0.0,0.201,0.23199999999999998,26.3,26.2,26.4,0.201,1578247200
0.213,0.002,0.0,0.004,0.21600000000000003,0.023,0.0,0.0,0.215,0.244,26.2,26.1,26.4,0.215,1578250800
0.20600000000000002,0.038,0.024,0.049,0.182,0.024,0.0,0.0,0.244,0.278,26.4,26.3,26.5,0.24400000000000002,1578254400
0.209,0.003,0.0,0.003,0.22399999999999998,0.023,0.0,0.0,0.21100000000000002,0.25,26.6,26.5,26.7,0.212,1578258000
0.9740000000000001,0.8320000000000001,1.624,0.006999999999999999,0.19699999999999998,0.03,0.001,0.001,1.806,1.86,26.8,26.6,27.0,1.806,1578261600
0.317,0.001,0.0,0.0,0.32799999999999996,0.023,0.0,0.0,0.318,0.35100000000000003,27.1,27.0,27.2,0.318,1578265200
0.45799999999999996,0.226,0.44,0.0,0.254,0.025,0.001,0.001,0.684,0.72,27.4,27.2,27.5,0.6839999999999999,1578268800
0.273,0.003,0.001,0.004,0.28600000000000003,0.024,0.0,0.0,0.276,0.314,27.6,27.4,27.7,0.276,1578272400
0.278,0.002,0.0,0.0,0.29100000000000004,0.024,0.0,0.0,0.28,0.316,27.7,27.6,27.8,0.28,1578276000
0.155,0.001,0.0,0.001,0.166,0.023,0.0,0.0,0.156,0.19,27.8,27.8,27.9,0.156,1578279600
0.13699999999999998,0.001,0.0,0.0,0.15,0.023,0.0,0.0,0.138,0.17300000000000001,27.8,27.8,27.8,0.13799999999999998,1578283200
0.18,0.002,0.001,0.001,0.19,0.024,0.0,0.0,0.182,0.21600000000000003,27.7,27.7,27.8,0.182,1578286800
0.13,0.001,0.001,0.001,0.142,0.023,0.0,0.0,0.131,0.166,27.7,27.6,27.8,0.131,1578290400
0.17800000000000002,0.004,0.001,0.001,0.185,0.025,0.0,0.0,0.182,0.213,27.6,27.5,27.6,0.18200000000000002,1578294000
0.127,0.001,0.0,0.0,0.139,0.023,0.0,0.0,0.128,0.163,27.4,27.3,27.6,0.128,1578297600
0.195,0.001,0.0,0.0,0.207,0.023,0.0,0.0,0.196,0.23,27.3,27.2,27.4,0.196,1578301200
0.155,0.0,0.0,0.0,0.16399999999999998,0.009000000000000001,0.0,0.0,0.155,0.17300000000000001,27.1,27.0,27.2,0.155,1578304800
0.297,0.003,0.004,0.002,0.3,0.019,0.001,0.001,0.3,0.32799999999999996,28.4,28.2,28.7,0.3,1578308400
0.292,0.0,0.0,0.0,0.3,0.01,0.0,0.0,0.292,0.309,28.1,27.9,28.3,0.292,1578312000
0.263,0.003,0.002,0.002,0.27399999999999997,0.023,0.001,0.0,0.266,0.303,27.9,27.9,28.1,0.266,1578315600
0.215,0.001,0.0,0.001,0.223,0.015,0.0,0.0,0.215,0.239,27.7,27.7,27.9,0.216,1578319200
0.19,0.0,0.0,0.0,0.2,0.008,0.0,0.0,0.19,0.20800000000000002,27.6,27.5,27.7,0.19,1578322800
0.175,0.0,0.0,0.0,0.184,0.006999999999999999,0.0,0.0,0.175,0.191,27.4,27.3,27.6,0.175,1578326400
0.145,0.0,0.0,0.0,0.155,0.006999999999999999,0.0,0.0,0.145,0.163,27.3,27.2,27.4,0.145,1578330000
0.16399999999999998,0.001,0.0,0.001,0.16899999999999998,0.023,0.0,0.0,0.166,0.19399999999999998,27.3,27.2,27.4,0.16499999999999998,1578333600
0.335,0.12300000000000001,0.19399999999999998,0.055999999999999994,0.233,0.027999999999999997,0.001,0.001,0.45799999999999996,0.513,27.5,27.4,27.6,0.458,1578337200
0.254,0.001,0.0,0.0,0.263,0.023,0.0,0.0,0.255,0.287,27.7,27.6,27.9,0.255,1578340800
0.182,0.001,0.0,0.0,0.196,0.023,0.0,0.0,0.183,0.21899999999999997,27.9,27.8,27.9,0.183,1578344400
0.551,0.37799999999999995,0.736,0.001,0.209,0.027999999999999997,0.0,0.0,0.929,0.975,28.0,27.8,28.1,0.929,1578348000
0.512,0.094,0.183,0.0,0.429,0.023,0.0,0.0,0.606,0.636,28.2,28.0,28.3,0.606,1578351600
0.203,0.002,0.0,0.0,0.21100000000000002,0.023,0.0,0.0,0.204,0.23399999999999999,28.4,28.3,28.5,0.20500000000000002,1578355200
0.242,0.003,0.0,0.003,0.251,0.024,0.0,0.0,0.245,0.278,28.5,28.4,28.6,0.245,1578358800
0.509,0.24600000000000002,0.0,0.479,0.295,0.023,0.0,0.0,0.755,0.797,28.6,28.5,28.7,0.755,1578362400
0.264,0.048,0.0,0.091,0.23199999999999998,0.023,0.0,0.0,0.312,0.34600000000000003,28.3,28.1,28.6,0.312,1578366000
0.182,0.004,0.001,0.003,0.192,0.023,0.0,0.001,0.18600000000000003,0.221,28.1,27.9,28.3,0.186,1578369600
0.21899999999999997,0.001,0.0,0.0,0.235,0.023,0.0,0.0,0.22,0.258,27.9,27.9,28.0,0.21999999999999997,1578373200
0.511,0.228,0.43700000000000006,0.001,0.316,0.028999999999999998,0.0,0.0,0.7390000000000001,0.784,27.8,27.8,27.9,0.739,1578376800
0.36,0.07200000000000001,0.133,0.0,0.308,0.025,0.0,0.0,0.43200000000000005,0.467,27.8,27.6,27.9,0.432,1578380400
0.249,0.002,0.0,0.002,0.261,0.024,0.0,0.0,0.251,0.28800000000000003,27.3,27.0,27.6,0.251,1578384000
0.345,0.003,0.001,0.004,0.353,0.024,0.0,0.001,0.34700000000000003,0.38299999999999995,27.1,27.0,27.2,0.348,1578387600
0.48200000000000004,0.057999999999999996,0.111,0.0,0.44,0.009000000000000001,0.0,0.0,0.54,0.561,27.1,27.0,27.2,0.54,1578391200
1.041,0.856,1.59,0.098,0.215,0.013999999999999999,0.0,0.0,1.8969999999999998,1.9180000000000001,23.8,23.7,23.9,1.8969999999999998,1578394800
0.177,0.003,0.001,0.002,0.187,0.015,0.0,0.0,0.18,0.20600000000000002,23.8,23.6,23.9,0.18,1578398400
0.149,0.003,0.001,0.0,0.158,0.022000000000000002,0.0,0.0,0.152,0.18,23.7,23.6,23.7,0.152,1578402000
0.141,0.001,0.0,0.0,0.152,0.017,0.0,0.0,0.142,0.16899999999999998,23.6,23.5,23.7,0.142,1578405600
0.14,0.0,0.001,0.0,0.15,0.009000000000000001,0.0,0.0,0.14,0.16,23.5,23.4,23.6,0.14,1578409200
0.139,0.0,0.001,0.002,0.15,0.009000000000000001,0.0,0.0,0.139,0.161,23.4,23.3,23.4,0.139,1578412800
0.263,0.001,0.0,0.0,0.272,0.011000000000000001,0.0,0.0,0.264,0.28300000000000003,23.4,23.3,23.5,0.264,1578416400
0.209,0.001,0.0,0.0,0.217,0.021,0.0,0.0,0.21,0.239,23.5,23.4,23.6,0.21,1578420000
0.282,0.002,0.0,0.003,0.28600000000000003,0.022000000000000002,0.0,0.0,0.285,0.312,23.7,23.5,23.8,0.284,1578423600
0.39299999999999996,0.002,0.0,0.003,0.39899999999999997,0.022000000000000002,0.0,0.0,0.395,0.423,23.9,23.7,24.1,0.39499999999999996,1578427200
0.83,0.579,1.082,0.01,0.263,0.031,0.005,0.004,1.409,1.396,24.3,24.1,24.6,1.4089999999999998,1578430800
0.563,0.34,0.6659999999999999,0.001,0.235,0.022000000000000002,0.001,0.0,0.903,0.924,24.8,24.6,25.0,0.903,1578434400
0.595,0.4,0.773,0.0,0.226,0.027000000000000003,0.0,0.0,0.995,1.0270000000000001,25.1,25.0,25.2,0.995,1578438000
0.267,0.01,0.0,0.019,0.267,0.022000000000000002,0.0,0.0,0.27699999999999997,0.308,25.3,25.2,25.4,0.277,1578441600
0.191,0.001,0.0,0.0,0.201,0.022000000000000002,0.0,0.0,0.192,0.22399999999999998,25.4,25.3,25.5,0.192,1578445200
0.145,0.001,0.001,0.0,0.14400000000000002,0.022000000000000002,0.0,0.0,0.147,0.16699999999999998,25.6,25.4,25.8,0.146,1578448800
0.138,0.0,0.001,0.006,0.142,0.022000000000000002,0.0,0.0,0.139,0.171,25.7,25.6,25.8,0.138,1578452400
0.196,0.001,0.0,0.0,0.203,0.022000000000000002,0.0,0.0,0.19699999999999998,0.226,25.6,25.5,25.7,0.197,1578456000
0.513,0.271,0.519,0.002,0.28,0.027000000000000003,0.001,0.0,0.784,0.8290000000000001,25.5,25.5,25.6,0.784,1578459600
0.308,0.002,0.001,0.003,0.316,0.022000000000000002,0.0,0.0,0.31,0.342,25.6,25.5,25.6,0.31,1578463200
0.461,0.17300000000000001,0.33299999999999996,0.003,0.309,0.023,0.0,0.0,0.634,0.669,25.6,25.6,25.7,0.634,1578466800
0.29,0.006,0.0,0.006,0.29600000000000004,0.022000000000000002,0.0,0.0,0.29600000000000004,0.325,25.6,25.5,25.6,0.296,1578470400
0.298,0.003,0.0,0.0,0.309,0.023,0.0,0.0,0.301,0.332,25.5,25.4,25.6,0.301,1578474000
0.233,0.003,0.001,0.0,0.24,0.006,0.0,0.0,0.237,0.248,25.4,25.4,25.5,0.23600000000000002,1578477600
0.207,0.004,0.0,0.0,0.218,0.021,0.0,0.0,0.21100000000000002,0.24,27.2,27.1,27.3,0.211,1578481200
0.218,0.0,0.0,0.0,0.225,0.01,0.0,0.0,0.218,0.23600000000000002,27.1,27.0,27.2,0.218,1578484800
0.17600000000000002,0.0,0.0,0.0,0.18600000000000003,0.008,0.0,0.0,0.17600000000000002,0.195,26.9,26.9,27.1,0.17600000000000002,1578488400
0.151,0.0,0.0,0.0,0.163,0.008,0.0,0.0,0.152,0.172,26.8,26.8,26.9,0.151,1578492000
0.17300000000000001,0.001,0.001,0.0,0.183,0.008,0.0,0.0,0.17300000000000001,0.193,26.7,26.6,26.8,0.17400000000000002,1578495600
0.24100000000000002,0.0,0.0,0.001,0.25,0.008,0.0,0.0,0.242,0.261,26.6,26.4,26.6,0.24100000000000002,1578499200
0.203,0.003,0.0,0.0,0.21100000000000002,0.008,0.0,0.0,0.20600000000000002,0.22,26.4,26.4,26.5,0.20600000000000002,1578502800
0.156,0.001,0.0,0.0,0.166,0.022000000000000002,0.0,0.0,0.157,0.188,26.4,26.3,26.4,0.157,1578506400
0.20600000000000002,0.004,0.0,0.003,0.214,0.022000000000000002,0.0,0.0,0.21,0.239,26.4,26.4,26.5,0.21000000000000002,1578510000
0.183,0.001,0.0,0.001,0.193,0.022000000000000002,0.0,0.0,0.183,0.21600000000000003,26.6,26.5,26.7,0.184,1578513600
0.257,0.003,0.0,0.006999999999999999,0.265,0.022000000000000002,0.001,0.0,0.26,0.29600000000000004,26.7,26.6,26.8,0.26,1578517200
0.34,0.004,0.0,0.001,0.35,0.024,0.0,0.0,0.345,0.375,26.9,26.8,26.9,0.34400000000000003,1578520800
0.48200000000000004,0.032,0.004,0.06,0.44799999999999995,0.023,0.0,0.0,0.514,0.535,27.0,26.9,27.2,0.514,1578524400
0.7240000000000001,0.42200000000000004,0.012,0.8140000000000001,0.33899999999999997,0.022000000000000002,0.001,0.001,1.146,1.189,27.2,27.1,27.2,1.1460000000000001,1578528000
0.718,0.449,0.006999999999999999,0.856,0.313,0.027000000000000003,0.0,0.001,1.166,1.204,27.4,27.2,27.6,1.167,1578531600
0.6559999999999999,0.436,0.0,0.855,0.271,0.022000000000000002,0.0,0.0,1.092,1.149,27.6,27.4,27.7,1.0919999999999999,1578535200
0.436,0.16399999999999998,0.0,0.292,0.307,0.022000000000000002,0.0,0.0,0.599,0.622,27.6,27.6,27.7,0.6,1578538800
0.31,0.01,0.001,0.012,0.305,0.022000000000000002,0.0,0.0,0.32,0.341,27.6,27.5,27.6,0.32,1578542400
0.499,0.267,0.524,0.0,0.27,0.024,0.001,0.0,0.765,0.8190000000000001,27.4,27.3,27.6,0.766,1578546000
0.3,0.001,0.001,0.001,0.311,0.022000000000000002,0.0,0.0,0.301,0.33399999999999996,27.4,27.3,27.6,0.301,1578549600
0.409,0.151,0.289,0.0,0.282,0.024,0.0,0.0,0.56,0.596,27.5,27.5,27.6,0.5599999999999999,1578553200
0.415,0.001,0.0,0.0,0.42200000000000004,0.022000000000000002,0.0,0.0,0.41600000000000004,0.444,27.5,27.4,27.6,0.416,1578556800
0.42100000000000004,0.001,0.001,0.004,0.419,0.022000000000000002,0.001,0.001,0.42200000000000004,0.447,27.5,27.4,27.6,0.42200000000000004,1578560400
0.303,0.002,0.0,0.0,0.312,0.011000000000000001,0.0,0.0,0.305,0.324,27.4,27.3,27.4,0.305,1578564000
0.449,0.17300000000000001,0.0,0.353,0.29,0.006,0.0,0.0,0.622,0.649,28.3,28.2,28.4,0.622,1578567600
0.193,0.013999999999999999,0.0,0.0,0.201,0.025,0.0,0.0,0.20800000000000002,0.22699999999999998,28.2,28.1,28.3,0.20700000000000002,1578571200
0.192,0.021,0.001,0.002,0.19899999999999998,0.035,0.0,0.001,0.214,0.23800000000000002,28.1,27.9,28.2,0.213,1578574800
0.19899999999999998,0.012,0.0,0.0,0.204,0.034,0.0,0.0,0.21,0.239,27.9,27.8,28.0,0.211,1578578400
0.155,0.011000000000000001,0.0,0.0,0.163,0.033,0.0,0.0,0.165,0.19699999999999998,27.8,27.7,27.9,0.166,1578582000
0.281,0.013000000000000001,0.002,0.001,0.28600000000000003,0.027999999999999997,0.0,0.0,0.294,0.318,27.6,27.6,27.8,0.29400000000000004,1578585600
0.244,0.009000000000000001,0.0,0.0,0.253,0.027000000000000003,0.0,0.0,0.253,0.27899999999999997,27.6,27.5,27.6,0.253,1578589200
0.22399999999999998,0.024,0.0,0.0,0.233,0.034,0.0,0.0,0.248,0.267,27.6,27.4,27.6,0.24799999999999997,1578592800
0.201,0.013999999999999999,0.001,0.0,0.21100000000000002,0.028999999999999998,0.0,0.0,0.215,0.24100000000000002,27.5,27.4,27.6,0.21500000000000002,1578596400
0.313,0.044000000000000004,0.0,0.07400000000000001,0.28800000000000003,0.027000000000000003,0.0,0.0,0.35700000000000004,0.389,27.4,27.4,27.5,0.357,1578600000
0.254,0.004,0.0,0.0,0.266,0.025,0.0,0.0,0.258,0.292,27.3,27.0,27.4,0.258,1578603600
0.321,0.002,0.002,0.001,0.332,0.024,0.001,0.0,0.32299999999999995,0.36,27.1,26.9,27.4,0.323,1578607200
0.682,0.39799999999999996,0.778,0.0,0.337,0.027999999999999997,0.0,0.0,1.08,1.143,27.4,27.3,27.6,1.08,1578610800
0.5660000000000001,0.217,0.423,0.002,0.386,0.027999999999999997,0.0,0.001,0.7829999999999999,0.841,27.5,27.3,27.6,0.783,1578614400
0.303,0.005,0.001,0.0,0.312,0.026000000000000002,0.0,0.0,0.308,0.34,27.7,27.4,27.9,0.308,1578618000
0.294,0.003,0.001,0.004,0.3,0.024,0.0,0.0,0.29600000000000004,0.32899999999999996,27.4,27.2,27.5,0.297,1578621600
0.24,0.053,0.1,0.003,0.20199999999999999,0.024,0.0,0.0,0.293,0.32899999999999996,27.4,27.2,27.4,0.293,1578625200
0.354,0.064,0.122,0.0,0.309,0.024,0.0,0.0,0.418,0.456,27.3,27.1,27.4,0.418,1578628800
0.342,0.003,0.002,0.001,0.348,0.025,0.001,0.0,0.345,0.376,27.3,27.2,27.4,0.34500000000000003,1578632400
0.478,0.172,0.337,0.004,0.32299999999999995,0.025,0.0,0.001,0.65,0.691,27.3,27.3,27.4,0.6499999999999999,1578636000
0.38299999999999995,0.003,0.001,0.001,0.392,0.024,0.0,0.0,0.386,0.418,27.0,26.7,27.4,0.38599999999999995,1578639600
0.32799999999999996,0.002,0.001,0.0,0.33799999999999997,0.023,0.0,0.0,0.33,0.36200000000000004,26.7,26.6,26.8,0.32999999999999996,1578643200
1.0590000000000002,0.665,1.3,0.006999999999999999,0.45299999999999996,0.026000000000000002,0.0,0.0,1.724,1.786,26.6,26.4,26.7,1.7240000000000002,1578646800
0.40399999999999997,0.001,0.0,0.0,0.41600000000000004,0.012,0.0,0.0,0.405,0.429,26.5,26.4,26.6,0.40499999999999997,1578650400
0.39899999999999997,0.145,0.282,0.0,0.273,0.01,0.001,0.0,0.544,0.5660000000000001,28.1,28.0,28.2,0.5439999999999999,1578654000
0.261,0.006999999999999999,0.0,0.002,0.271,0.022000000000000002,0.0,0.0,0.268,0.295,27.9,27.8,28.1,0.268,1578657600
0.249,0.006,0.002,0.001,0.258,0.024,0.0,0.0,0.255,0.284,27.7,27.6,27.8,0.255,1578661200
0.149,0.001,0.0,0.001,0.16,0.017,0.0,0.0,0.149,0.17800000000000002,27.5,27.3,27.8,0.15,1578664800
0.155,0.0,0.001,0.0,0.16399999999999998,0.011000000000000001,0.0,0.0,0.156,0.17600000000000002,27.1,27.0,27.3,0.155,1578668400
0.16399999999999998,0.0,0.004,0.0,0.174,0.012,0.0,0.0,0.16399999999999998,0.19,27.0,26.9,27.1,0.16399999999999998,1578672000
0.125,0.0,0.0,0.0,0.13699999999999998,0.011000000000000001,0.0,0.0,0.125,0.14800000000000002,27.2,27.1,27.3,0.125,1578675600
0.162,0.003,0.0,0.002,0.172,0.022000000000000002,0.0,0.0,0.165,0.196,27.2,27.1,27.3,0.165,1578679200
0.171,0.001,0.003,0.001,0.18,0.021,0.0,0.0,0.172,0.20600000000000002,27.5,27.2,27.7,0.17200000000000001,1578682800
0.387,0.146,0.282,0.0,0.258,0.024,0.0,0.0,0.532,0.564,27.8,27.6,27.9,0.533,1578686400
0.171,0.006999999999999999,0.002,0.001,0.177,0.021,0.0,0.0,0.17800000000000002,0.201,28.0,27.9,28.1,0.17800000000000002,1578690000
0.16899999999999998,0.001,0.0,0.0,0.175,0.022000000000000002,0.0,0.0,0.16899999999999998,0.198,28.2,28.0,28.3,0.16999999999999998,1578693600
0.273,0.003,0.001,0.004,0.276,0.023,0.0,0.0,0.27699999999999997,0.303,28.4,28.3,28.5,0.276,1578697200
0.198,0.003,0.0,0.006999999999999999,0.207,0.022000000000000002,0.0,0.0,0.201,0.23600000000000002,28.5,28.4,28.6,0.201,1578700800
0.33299999999999996,0.016,0.002,0.003,0.337,0.024,0.0,0.0,0.349,0.36700000000000005,28.5,28.5,28.6,0.349,1578704400
0.252,0.001,0.001,0.001,0.25,0.021,0.0,0.0,0.252,0.27399999999999997,28.5,28.4,28.6,0.253,1578708000
0.22699999999999998,0.001,0.004,0.001,0.23399999999999999,0.022000000000000002,0.0,0.0,0.228,0.26,28.3,28.2,28.4,0.22799999999999998,1578711600
0.183,0.001,0.0,0.0,0.192,0.022000000000000002,0.0,0.0,0.185,0.215,28.2,28.1,28.3,0.184,1578715200
0.5770000000000001,0.158,0.308,0.003,0.429,0.026000000000000002,0.0,0.0,0.735,0.765,28.0,27.9,28.2,0.7350000000000001,1578718800
0.5710000000000001,0.267,0.523,0.002,0.33299999999999996,0.025,0.001,0.001,0.838,0.884,27.9,27.8,28.1,0.8380000000000001,1578722400
0.23399999999999999,0.001,0.001,0.001,0.243,0.022000000000000002,0.0,0.0,0.23600000000000002,0.267,27.8,27.8,27.9,0.235,1578726000
0.32899999999999996,0.001,0.0,0.0,0.337,0.022000000000000002,0.0,0.0,0.33,0.359,27.7,27.6,27.8,0.32999999999999996,1578729600
0.297,0.004,0.002,0.003,0.3,0.024,0.0,0.0,0.301,0.32899999999999996,27.5,27.2,27.6,0.301,1578733200
0.256,0.0,0.0,0.001,0.262,0.009000000000000001,0.0,0.0,0.256,0.272,27.1,26.9,27.3,0.256,1578736800
0.242,0.0,0.0,0.0,0.252,0.001,0.0,0.0,0.242,0.253,24.4,24.4,24.4,0.242,1578740400
0.613,0.32799999999999996,0.6459999999999999,0.0,0.32299999999999995,0.004,0.0,0.0,0.9420000000000001,0.9740000000000001,24.3,24.3,24.4,0.941,1578744000
0.252,0.001,0.0,0.0,0.26,0.006,0.0,0.0,0.253,0.267,24.2,24.1,24.3,0.253,1578747600
0.184,0.0,0.0,0.0,0.195,0.008,0.0,0.0,0.184,0.203,24.1,24.0,24.1,0.184,1578751200
0.201,0.0,0.0,0.0,0.212,0.002,0.0,0.0,0.201,0.214,23.9,23.7,24.0,0.201,1578754800
0.168,0.001,0.001,0.0,0.177,0.001,0.0,0.0,0.16899999999999998,0.17800000000000002,23.7,23.6,23.8,0.169,1578758400
0.192,0.0,0.001,0.0,0.201,0.001,0.0,0.0,0.193,0.203,23.7,23.6,23.7,0.192,1578762000
0.17600000000000002,0.001,0.0,0.0,0.183,0.011000000000000001,0.0,0.0,0.17800000000000002,0.195,23.7,23.6,23.8,0.17700000000000002,1578765600
0.172,0.001,0.0,0.0,0.17800000000000002,0.011000000000000001,0.0,0.0,0.172,0.19,23.8,23.7,23.9,0.173,1578769200
0.222,0.018000000000000002,0.006,0.022000000000000002,0.21100000000000002,0.026000000000000002,0.002,0.003,0.24,0.27,23.9,23.8,24.0,0.24,1578772800
0.303,0.006999999999999999,0.0,0.004,0.308,0.025,0.0,0.0,0.31,0.337,24.0,23.9,24.1,0.31,1578776400
0.294,0.002,0.0,0.0,0.298,0.024,0.0,0.0,0.295,0.322,24.1,24.0,24.1,0.296,1578780000
0.522,0.16399999999999998,0.313,0.004,0.375,0.027000000000000003,0.0,0.0,0.687,0.7190000000000001,24.1,24.0,24.3,0.6859999999999999,1578783600
0.366,0.001,0.0,0.0,0.371,0.023,0.0,0.0,0.36700000000000005,0.39399999999999996,24.3,24.2,24.4,0.367,1578787200
0.28600000000000003,0.028999999999999998,0.0,0.052000000000000005,0.268,0.023,0.0,0.0,0.315,0.344,24.5,24.4,24.7,0.31500000000000006,1578790800
0.248,0.005,0.001,0.005,0.256,0.027000000000000003,0.0,0.001,0.253,0.289,24.6,24.5,24.7,0.253,1578794400
0.56,0.29,0.564,0.002,0.302,0.026000000000000002,0.0,0.0,0.8490000000000001,0.894,24.5,24.4,24.6,0.8500000000000001,1578798000
0.254,0.001,0.001,0.001,0.264,0.023,0.0,0.0,0.255,0.289,24.5,24.4,24.6,0.255,1578801600
0.248,0.001,0.001,0.001,0.254,0.023,0.0,0.0,0.249,0.27899999999999997,24.5,24.4,24.6,0.249,1578805200
0.228,0.003,0.002,0.0,0.23600000000000002,0.024,0.0,0.0,0.231,0.262,24.5,24.4,24.6,0.231,1578808800
0.561,0.20199999999999999,0.392,0.001,0.382,0.025,0.0,0.0,0.763,0.8009999999999999,24.5,24.4,24.6,0.763,1578812400
0.322,0.015,0.0,0.026000000000000002,0.317,0.024,0.0,0.0,0.337,0.36700000000000005,24.4,24.4,24.5,0.337,1578816000
0.41100000000000003,0.001,0.004,0.001,0.419,0.023,0.001,0.0,0.41200000000000003,0.449,24.3,24.1,24.4,0.41200000000000003,1578819600
0.305,0.0,0.0,0.0,0.315,0.008,0.0,0.0,0.305,0.32299999999999995,24.1,24.1,24.3,0.305,1578823200
0.258,0.0,0.0,0.001,0.266,0.008,0.0,0.0,0.259,0.276,24.0,23.9,24.1,0.258,1578826800
0.272,0.001,0.0,0.0,0.281,0.01,0.0,0.0,0.27399999999999997,0.292,23.9,23.9,24.0,0.273,1578830400
0.157,0.003,0.0,0.0,0.171,0.023,0.0,0.0,0.16,0.19399999999999998,23.8,23.7,23.9,0.16,1578834000
0.18600000000000003,0.001,0.0,0.0,0.195,0.015,0.0,0.0,0.18600000000000003,0.21,23.7,23.6,23.8,0.18700000000000003,1578837600
0.14300000000000002,0.001,0.0,0.0,0.157,0.01,0.0,0.0,0.14400000000000002,0.168,23.6,23.5,23.7,0.14400000000000002,1578841200
0.153,0.002,0.002,0.002,0.16,0.012,0.001,0.0,0.155,0.177,23.5,23.4,23.6,0.155,1578844800
0.23800000000000002,0.0,0.0,0.0,0.253,0.009000000000000001,0.0,0.0,0.23800000000000002,0.262,23.8,23.4,24.1,0.23800000000000002,1578848400
0.245,0.002,0.0,0.001,0.257,0.024,0.0,0.0,0.247,0.284,24.0,23.9,24.1,0.247,1578852000
0.201,0.021,0.0,0.039,0.192,0.023,0.0,0.0,0.222,0.255,24.1,24.0,24.3,0.222,1578855600
0.365,0.21100000000000002,0.401,0.005,0.17600000000000002,0.027000000000000003,0.0,0.001,0.5760000000000001,0.609,24.4,24.2,24.5,0.5760000000000001,1578859200
0.172,0.0,0.001,0.001,0.182,0.023,0.0,0.0,0.172,0.207,24.6,24.4,24.7,0.172,1578862800
0.38299999999999995,0.16,0.306,0.003,0.24100000000000002,0.025,0.0,0.0,0.5429999999999999,0.575,24.8,24.7,25.0,0.5429999999999999,1578866400
0.297,0.002,0.0,0.0,0.303,0.024,0.0,0.0,0.299,0.32799999999999996,25.1,24.9,25.3,0.299,1578870000
0.214,0.002,0.0,0.0,0.217,0.024,0.0,0.0,0.21600000000000003,0.242,25.4,25.2,25.5,0.216,1578873600
0.18899999999999997,0.001,0.0,0.0,0.196,0.023,0.0,0.0,0.19,0.22,25.7,25.5,25.9,0.18999999999999997,1578877200
0.223,0.001,0.0,0.001,0.231,0.024,0.0,0.0,0.22399999999999998,0.256,25.9,25.8,26.1,0.224,1578880800
0.509,0.29600000000000004,0.0,0.5760000000000001,0.242,0.023,0.0,0.0,0.805,0.843,26.2,26.1,26.2,0.805,1578884400
0.408,0.239,0.263,0.2,0.201,0.026000000000000002,0.0,0.0,0.647,0.6890000000000001,26.3,26.2,26.4,0.647,1578888000
0.871,0.619,0.451,0.809,0.309,0.025,0.0,0.0,1.4909999999999999,1.594,26.5,26.4,26.6,1.49,1578891600
0.586,0.062,0.006999999999999999,0.10400000000000001,0.5379999999999999,0.027000000000000003,0.0,0.0,0.648,0.677,26.7,26.6,26.8,0.6479999999999999,1578895200
0.35700000000000004,0.003,0.002,0.005,0.364,0.024,0.0,0.0,0.36,0.395,26.8,26.7,26.9,0.36000000000000004,1578898800
0.64,0.326,0.003,0.631,0.341,0.024,0.0,0.0,0.966,1.0,26.8,26.8,26.9,0.966,1578902400
0.6729999999999999,0.473,0.341,0.579,0.24100000000000002,0.026000000000000002,0.0,0.001,1.145,1.189,26.8,26.8,26.9,1.146,1578906000
0.278,0.022000000000000002,0.001,0.044000000000000004,0.267,0.009000000000000001,0.0,0.0,0.301,0.322,26.8,26.8,26.9,0.30000000000000004,1578909600
0.28,0.001,0.0,0.0,0.29100000000000004,0.017,0.0,0.0,0.281,0.308,27.4,27.2,27.4,0.281,1578913200
0.262,0.001,0.0,0.0,0.272,0.023,0.0,0.0,0.263,0.29600000000000004,27.2,27.1,27.3,0.263,1578916800
0.161,0.002,0.0,0.0,0.172,0.023,0.0,0.0,0.163,0.195,27.2,27.1,27.2,0.163,1578920400
0.207,0.0,0.002,0.001,0.218,0.011000000000000001,0.0,0.0,0.207,0.23199999999999998,27.0,26.9,27.1,0.207,1578924000
0.266,0.001,0.001,0.001,0.275,0.008,0.0,0.0,0.267,0.28600000000000003,26.9,26.8,27.0,0.267,1578927600
0.156,0.0,0.0,0.0,0.16699999999999998,0.006999999999999999,0.0,0.0,0.157,0.175,26.8,26.8,26.9,0.156,1578931200
0.168,0.0,0.0,0.0,0.17800000000000002,0.006999999999999999,0.0,0.0,0.168,0.18600000000000003,26.9,26.8,27.0,0.168,1578934800
0.185,0.006999999999999999,0.0,0.0,0.198,0.027999999999999997,0.0,0.0,0.192,0.226,27.1,26.9,27.2,0.192,1578938400
0.177,0.001,0.0,0.0,0.185,0.023,0.0,0.0,0.17800000000000002,0.20800000000000002,27.3,27.2,27.4,0.178,1578942000
0.43700000000000006,0.23800000000000002,0.449,0.006999999999999999,0.23,0.028999999999999998,0.0,0.001,0.675,0.716,27.4,27.3,27.6,0.675,1578945600
0.155,0.001,0.0,0.0,0.159,0.023,0.0,0.0,0.156,0.182,27.7,27.6,27.8,0.156,1578949200
0.462,0.27,0.155,0.38299999999999995,0.23199999999999998,0.038,0.001,0.001,0.732,0.809,27.8,27.8,27.9,0.732,1578952800
0.235,0.043,0.0,0.085,0.201,0.023,0.0,0.0,0.278,0.309,27.9,27.8,28.2,0.27799999999999997,1578956400
0.226,0.07,0.0,0.138,0.168,0.023,0.0,0.0,0.29600000000000004,0.32899999999999996,28.2,28.1,28.4,0.29600000000000004,1578960000
0.602,0.46399999999999997,0.0,0.903,0.17600000000000002,0.023,0.0,0.0,1.0659999999999998,1.103,28.6,28.4,28.9,1.0659999999999998,1578963600
0.9259999999999999,0.799,0.738,0.903,0.17800000000000002,0.027000000000000003,0.0,0.0,1.726,1.845,28.8,28.7,28.9,1.725,1578967200
0.7190000000000001,0.452,0.005,0.895,0.284,0.025,0.001,0.001,1.171,1.21,29.1,28.9,29.2,1.171,1578970800
0.7020000000000001,0.433,0.003,0.8290000000000001,0.32,0.024,0.001,0.001,1.1340000000000001,1.177,29.2,29.1,29.3,1.135,1578974400
0.5720000000000001,0.313,0.003,0.6,0.294,0.026000000000000002,0.0,0.001,0.884,0.9229999999999999,29.2,29.1,29.4,0.885,1578978000
0.27699999999999997,0.006999999999999999,0.001,0.006,0.28300000000000003,0.026000000000000002,0.0,0.001,0.284,0.317,29.1,29.0,29.1,0.284,1578981600
0.441,0.006,0.001,0.008,0.442,0.027000000000000003,0.0,0.001,0.447,0.479,29.0,28.9,29.1,0.447,1578985200
0.7509999999999999,0.423,0.133,0.687,0.369,0.032,0.002,0.001,1.1740000000000002,1.2229999999999999,28.9,28.9,29.1,1.174,1578988800
0.72,0.508,0.226,0.795,0.259,0.027000000000000003,0.001,0.001,1.228,1.308,28.9,28.8,28.9,1.228,1578992400
0.8170000000000001,0.451,0.003,0.868,0.39,0.006999999999999999,0.001,0.001,1.268,1.271,28.8,28.7,28.9,1.268,1578996000
