data,horario,kwh_hcanal1,kwh_hcanal2,chuveiro,arcond,ilum1,ilum2,tem_h_med,tem_h_min,tem_h_max,kwh_total,unix_time
2/3/2020,0,0.295,0.003,0.001,0.004,0.299,0.013000000000000001,25.5,25.3,25.6,0.298,1580688000
2/3/2020,1,0.295,0.0,0.0,0.001,0.305,0.01,25.2,25.1,25.3,0.295,1580691600
2/3/2020,2,0.184,0.003,0.003,0.001,0.193,0.01,25.1,25.0,25.3,0.187,1580695200
2/3/2020,3,0.171,0.001,0.003,0.0,0.18,0.008,25.0,24.9,25.1,0.172,1580698800
2/3/2020,4,0.172,0.0,0.0,0.0,0.18100000000000002,0.006999999999999999,24.9,24.7,24.9,0.172,1580702400
2/3/2020,5,0.166,0.001,0.001,0.0,0.17600000000000002,0.006,24.7,24.7,24.8,0.16699999999999998,1580706000
2/3/2020,6,1.1440000000000001,0.7929999999999999,1.538,0.013999999999999999,0.37,0.016,24.7,24.6,24.7,1.9369999999999998,1580709600
2/3/2020,7,1.161,0.9670000000000001,1.883,0.006,0.217,0.027000000000000003,24.8,24.7,24.9,2.128,1580713200
2/3/2020,8,0.27899999999999997,0.002,0.0,0.0,0.28800000000000003,0.023,25.1,24.9,25.3,0.281,1580716800
2/3/2020,9,0.297,0.004,0.0,0.003,0.302,0.025,25.3,25.2,25.4,0.301,1580720400
2/3/2020,10,0.185,0.036000000000000004,0.0,0.006999999999999999,0.195,0.051,25.2,25.2,25.3,0.221,1580724000
2/3/2020,11,0.45399999999999996,0.342,0.585,0.003,0.172,0.064,25.2,25.1,25.3,0.7959999999999999,1580727600
2/3/2020,12,0.41600000000000004,0.013000000000000001,0.0,0.024,0.409,0.024,25.4,25.2,25.4,0.429,1580731200
2/3/2020,13,0.292,0.002,0.0,0.0,0.304,0.024,25.4,25.3,25.4,0.294,1580734800
2/3/2020,14,0.23600000000000002,0.006,0.0,0.001,0.24100000000000002,0.027999999999999997,25.4,25.3,25.4,0.242,1580738400
2/3/2020,15,0.26899999999999996,0.057,0.002,0.002,0.27399999999999997,0.078,25.3,25.3,25.3,0.326,1580742000
2/3/2020,16,0.507,0.18100000000000002,0.353,0.001,0.341,0.025,25.2,25.2,25.3,0.688,1580745600
2/3/2020,17,0.8690000000000001,0.606,1.188,0.0,0.304,0.027000000000000003,25.2,25.1,25.3,1.475,1580749200
2/3/2020,18,0.391,0.10099999999999999,0.191,0.001,0.304,0.026000000000000002,25.1,25.0,25.1,0.49200000000000005,1580752800
2/3/2020,19,0.27,0.005,0.001,0.004,0.275,0.024,24.8,24.6,25.0,0.275,1580756400
2/3/2020,20,0.332,0.003,0.0,0.003,0.342,0.023,24.5,24.4,24.7,0.335,1580760000
2/3/2020,21,0.29600000000000004,0.04,0.0,0.076,0.272,0.023,24.4,24.3,24.5,0.336,1580763600
2/3/2020,22,0.37799999999999995,0.026000000000000002,0.001,0.046,0.364,0.025,24.2,24.1,24.3,0.40399999999999997,1580767200
2/3/2020,23,0.635,0.361,0.315,0.39799999999999996,0.32,0.013999999999999999,24.1,24.0,24.3,0.996,1580770800
2/4/2020,0,0.24,0.004,0.0,0.005,0.245,0.013000000000000001,24.1,24.1,24.2,0.244,1580774400
2/4/2020,1,0.146,0.0,0.001,0.002,0.154,0.01,24.0,23.9,24.1,0.146,1580778000
2/4/2020,2,0.15,0.001,0.003,0.001,0.159,0.009000000000000001,23.9,23.8,23.9,0.151,1580781600
2/4/2020,3,0.149,0.0,0.0,0.001,0.162,0.009000000000000001,23.8,23.7,23.8,0.149,1580785200
2/4/2020,4,0.126,0.0,0.0,0.0,0.134,0.008,23.7,23.6,23.7,0.126,1580788800
2/4/2020,5,0.121,0.001,0.001,0.003,0.128,0.009000000000000001,23.6,23.5,23.7,0.122,1580792400
2/4/2020,6,0.14800000000000002,0.0,0.0,0.0,0.157,0.008,23.5,23.5,23.6,0.14800000000000002,1580796000
2/4/2020,7,0.15,0.001,0.0,0.0,0.157,0.023,23.5,23.4,23.6,0.151,1580799600
2/4/2020,8,0.212,0.002,0.001,0.001,0.21600000000000003,0.023,23.6,23.5,23.7,0.214,1580803200
2/4/2020,9,0.462,0.066,0.0,0.129,0.406,0.023,23.8,23.7,23.9,0.528,1580806800
2/4/2020,10,0.187,0.009000000000000001,0.001,0.017,0.18899999999999997,0.023,24.0,23.8,24.2,0.196,1580810400
2/4/2020,11,0.722,0.47200000000000003,0.907,0.012,0.281,0.028999999999999998,24.3,24.1,24.4,1.194,1580814000
2/4/2020,12,0.34700000000000003,0.013999999999999999,0.0,0.015,0.33899999999999997,0.034,24.5,24.3,24.8,0.361,1580817600
2/4/2020,13,0.243,0.016,0.0,0.017,0.24600000000000002,0.028999999999999998,24.7,24.6,24.8,0.259,1580821200
2/4/2020,14,0.18600000000000003,0.049,0.0,0.0,0.19399999999999998,0.064,24.9,24.7,25.0,0.235,1580824800
2/4/2020,15,0.264,0.006999999999999999,0.0,0.001,0.26899999999999996,0.027000000000000003,24.9,24.9,25.0,0.271,1580828400
2/4/2020,16,0.7090000000000001,0.331,0.65,0.0,0.39899999999999997,0.025,24.9,24.8,25.1,1.04,1580832000
2/4/2020,17,0.38299999999999995,0.094,0.043,0.138,0.301,0.023,25.0,24.9,25.1,0.47700000000000004,1580835600
2/4/2020,18,0.59,0.244,0.479,0.0,0.368,0.024,25.1,25.0,25.1,0.8340000000000001,1580839200
2/4/2020,19,0.445,0.001,0.0,0.0,0.44799999999999995,0.023,25.1,25.0,25.1,0.446,1580842800
2/4/2020,20,0.415,0.002,0.002,0.0,0.418,0.023,25.0,24.9,25.1,0.41700000000000004,1580846400
2/4/2020,21,0.341,0.001,0.001,0.0,0.348,0.023,25.0,24.9,25.0,0.342,1580850000
2/4/2020,22,0.536,0.175,0.0,0.34299999999999997,0.386,0.023,25.0,24.9,25.1,0.711,1580853600
2/4/2020,23,0.456,0.193,0.002,0.384,0.289,0.01,25.0,24.9,25.1,0.649,1580857200
2/5/2020,0,0.23800000000000002,0.001,0.003,0.001,0.243,0.006999999999999999,25.0,24.9,25.0,0.239,1580860800
2/5/2020,1,0.146,0.002,0.001,0.001,0.151,0.022000000000000002,24.9,24.8,24.9,0.14800000000000002,1580864400
2/5/2020,2,0.174,0.0,0.0,0.0,0.185,0.009000000000000001,24.8,24.7,24.9,0.174,1580868000
2/5/2020,3,0.251,0.0,0.0,0.0,0.261,0.004,24.7,24.6,24.7,0.251,1580871600
2/5/2020,4,0.196,0.001,0.001,0.001,0.203,0.005,24.6,24.6,24.7,0.19699999999999998,1580875200
2/5/2020,5,0.132,0.0,0.0,0.0,0.138,0.006999999999999999,24.6,24.5,24.6,0.132,1580878800
2/5/2020,6,0.13699999999999998,0.0,0.001,0.0,0.14400000000000002,0.005,24.5,24.4,24.6,0.13699999999999998,1580882400
2/5/2020,7,0.151,0.001,0.0,0.0,0.159,0.022000000000000002,24.5,24.4,24.5,0.152,1580886000
2/5/2020,8,0.149,0.001,0.0,0.0,0.154,0.022000000000000002,24.5,24.4,24.6,0.15,1580889600
2/5/2020,9,0.9129999999999999,0.612,1.187,0.012,0.319,0.022000000000000002,24.6,24.6,24.7,1.525,1580893200
2/5/2020,10,0.799,0.595,1.083,0.08,0.23,0.027000000000000003,25.0,24.7,25.2,1.3940000000000001,1580896800
2/5/2020,11,0.6629999999999999,0.001,0.0,0.0,0.667,0.022000000000000002,25.3,25.2,25.4,0.664,1580900400
2/5/2020,12,0.35100000000000003,0.011000000000000001,0.0,0.021,0.349,0.022000000000000002,25.6,25.4,25.8,0.36200000000000004,1580904000
2/5/2020,13,0.5489999999999999,0.215,0.0,0.42100000000000004,0.35100000000000003,0.022000000000000002,25.8,25.7,25.9,0.764,1580907600
2/5/2020,14,0.6759999999999999,0.364,0.0,0.7120000000000001,0.33,0.021,25.8,25.7,25.9,1.04,1580911200
2/5/2020,15,0.611,0.228,0.001,0.445,0.40700000000000003,0.022000000000000002,25.7,25.7,25.8,0.8390000000000001,1580914800
2/5/2020,16,0.488,0.188,0.001,0.364,0.319,0.023,25.7,25.7,25.8,0.6759999999999999,1580918400
2/5/2020,17,0.355,0.002,0.0,0.004,0.36200000000000004,0.022000000000000002,25.7,25.6,25.8,0.35700000000000004,1580922000
2/5/2020,18,0.657,0.436,0.8140000000000001,0.02,0.259,0.035,25.6,25.6,25.7,1.093,1580925600
2/5/2020,19,0.29,0.031,0.0,0.061,0.26899999999999996,0.022000000000000002,25.7,25.6,25.8,0.321,1580929200
2/5/2020,20,0.235,0.001,0.0,0.0,0.245,0.022000000000000002,25.7,25.6,25.8,0.23600000000000002,1580932800
2/5/2020,21,0.24100000000000002,0.001,0.0,0.0,0.251,0.022000000000000002,25.6,25.6,25.7,0.242,1580936400
2/5/2020,22,0.605,0.222,0.431,0.0,0.414,0.024,25.5,25.3,25.6,0.8270000000000001,1580940000
2/5/2020,23,0.32299999999999995,0.0,0.0,0.0,0.335,0.006999999999999999,25.2,25.1,25.4,0.32299999999999995,1580943600
2/6/2020,0,0.256,0.0,0.0,0.0,0.264,0.006999999999999999,25.2,25.1,25.3,0.256,1580947200
2/6/2020,1,0.19,0.001,0.001,0.0,0.198,0.005,25.0,24.9,25.1,0.191,1580950800
2/6/2020,2,0.135,0.0,0.0,0.0,0.145,0.004,24.9,24.8,24.9,0.135,1580954400
2/6/2020,3,0.142,0.0,0.0,0.0,0.153,0.004,24.8,24.7,24.9,0.142,1580958000
2/6/2020,4,0.15,0.0,0.0,0.0,0.16,0.004,24.6,24.5,24.7,0.15,1580961600
2/6/2020,5,0.145,0.006,0.003,0.002,0.156,0.005,24.5,24.4,24.6,0.151,1580965200
2/6/2020,6,0.147,0.001,0.001,0.0,0.157,0.004,24.4,24.3,24.4,0.14800000000000002,1580968800
2/6/2020,7,0.149,0.001,0.0,0.0,0.161,0.021,24.4,24.3,24.4,0.15,1580972400
2/6/2020,8,0.42100000000000004,0.271,0.528,0.001,0.168,0.025,24.5,24.4,24.6,0.6920000000000001,1580976000
2/6/2020,9,0.27699999999999997,0.003,0.004,0.003,0.27699999999999997,0.023,24.7,24.6,24.9,0.28,1580979600
2/6/2020,10,0.496,0.027000000000000003,0.0,0.001,0.498,0.048,25.0,24.8,25.3,0.523,1580983200
2/6/2020,11,0.218,0.005,0.0,0.006,0.22,0.023,25.2,25.1,25.4,0.223,1580986800
2/6/2020,12,0.37,0.002,0.0,0.003,0.37,0.023,25.4,25.3,25.5,0.37200000000000005,1580990400
2/6/2020,13,0.43,0.001,0.0,0.0,0.439,0.022000000000000002,25.6,25.5,25.7,0.431,1580994000
2/6/2020,14,0.24,0.076,0.135,0.006999999999999999,0.18600000000000003,0.027000000000000003,25.7,25.6,25.9,0.316,1580997600
2/6/2020,15,0.501,0.345,0.6729999999999999,0.0,0.201,0.026000000000000002,25.9,25.8,25.9,0.846,1581001200
2/6/2020,16,0.311,0.001,0.0,0.0,0.321,0.022000000000000002,25.9,25.9,26.0,0.312,1581004800
2/6/2020,17,0.311,0.002,0.0,0.0,0.321,0.023,26.0,25.9,26.1,0.313,1581008400
2/6/2020,18,0.485,0.24,0.462,0.016,0.278,0.027999999999999997,26.0,25.9,26.1,0.725,1581012000
2/6/2020,19,0.35100000000000003,0.008,0.002,0.011000000000000001,0.354,0.024,25.9,25.9,26.0,0.359,1581015600
2/6/2020,20,0.408,0.015,0.002,0.026000000000000002,0.4,0.024,25.9,25.8,26.0,0.423,1581019200
2/6/2020,21,0.24600000000000002,0.003,0.001,0.0,0.258,0.024,25.9,25.8,25.9,0.249,1581022800
2/6/2020,22,0.222,0.001,0.0,0.0,0.233,0.022000000000000002,25.8,25.7,25.9,0.223,1581026400
2/6/2020,23,0.359,0.13,0.257,0.005,0.243,0.012,25.7,25.6,25.8,0.489,1581030000
2/7/2020,0,0.698,0.369,0.624,0.129,0.349,0.009000000000000001,25.6,25.6,25.7,1.067,1581033600
2/7/2020,1,0.26,0.003,0.0,0.003,0.265,0.01,25.6,25.4,25.6,0.263,1581037200
2/7/2020,2,0.158,0.002,0.0,0.0,0.168,0.02,25.5,25.4,25.6,0.16,1581040800
2/7/2020,3,0.16699999999999998,0.001,0.0,0.0,0.17600000000000002,0.009000000000000001,25.3,25.2,25.4,0.168,1581044400
2/7/2020,4,0.129,0.0,0.0,0.0,0.141,0.006999999999999999,25.1,25.0,25.3,0.129,1581048000
2/7/2020,5,0.13,0.0,0.0,0.0,0.142,0.009000000000000001,25.0,24.9,25.1,0.13,1581051600
2/7/2020,6,0.171,0.001,0.0,0.0,0.18,0.009000000000000001,25.2,24.9,25.6,0.172,1581055200
2/7/2020,7,0.132,0.001,0.0,0.0,0.14400000000000002,0.022000000000000002,25.7,25.6,25.8,0.133,1581058800
2/7/2020,8,0.604,0.43,0.452,0.38799999999999996,0.213,0.024,25.8,25.7,25.9,1.034,1581062400
2/7/2020,9,0.313,0.067,0.124,0.005,0.261,0.023,26.0,25.9,26.2,0.38,1581066000
2/7/2020,10,0.509,0.285,0.001,0.504,0.27699999999999997,0.039,26.1,26.0,26.2,0.794,1581069600
2/7/2020,11,0.486,0.163,0.0,0.317,0.341,0.022000000000000002,26.2,26.1,26.3,0.649,1581073200
2/7/2020,12,0.619,0.243,0.0,0.449,0.409,0.03,26.3,26.2,26.5,0.862,1581076800
2/7/2020,13,0.449,0.141,0.0,0.188,0.368,0.045,26.6,26.4,26.6,0.59,1581080400
2/7/2020,14,0.556,0.319,0.004,0.544,0.311,0.045,26.6,26.6,26.7,0.875,1581084000
2/7/2020,15,0.95,0.297,0.001,0.563,0.679,0.025,26.6,26.5,26.6,1.247,1581087600
2/7/2020,16,0.805,0.298,0.002,0.534,0.5489999999999999,0.038,26.6,26.5,26.6,1.103,1581091200
2/7/2020,17,0.5870000000000001,0.185,0.006999999999999999,0.302,0.439,0.043,26.7,26.6,26.7,0.772,1581094800
2/7/2020,18,0.243,0.015,0.0,0.0,0.256,0.027999999999999997,26.6,26.5,26.7,0.258,1581098400
2/7/2020,19,0.9540000000000001,0.47700000000000004,0.867,0.011000000000000001,0.573,0.035,26.6,26.5,26.6,1.431,1581102000
2/7/2020,20,0.409,0.009000000000000001,0.0,0.016,0.41100000000000003,0.023,26.5,26.4,26.6,0.418,1581105600
2/7/2020,21,0.265,0.021,0.0,0.035,0.255,0.023,26.4,26.3,26.4,0.28600000000000003,1581109200
2/7/2020,22,0.21899999999999997,0.003,0.001,0.003,0.225,0.023,26.3,26.2,26.4,0.222,1581112800
2/7/2020,23,0.414,0.19699999999999998,0.324,0.083,0.24100000000000002,0.011000000000000001,26.1,26.1,26.2,0.611,1581116400
2/8/2020,0,0.46399999999999997,0.21600000000000003,0.0,0.423,0.27,0.012,26.0,25.9,26.1,0.68,1581120000
2/8/2020,1,0.48200000000000004,0.282,0.536,0.002,0.23600000000000002,0.023,25.9,25.8,26.0,0.764,1581123600
2/8/2020,2,0.275,0.001,0.001,0.001,0.282,0.019,25.7,25.6,25.9,0.276,1581127200
2/8/2020,3,0.28800000000000003,0.001,0.0,0.0,0.3,0.015,25.6,25.5,25.7,0.289,1581130800
2/8/2020,4,0.18600000000000003,0.001,0.001,0.001,0.187,0.01,25.5,25.4,25.6,0.187,1581134400
2/8/2020,5,0.18,0.001,0.001,0.002,0.182,0.009000000000000001,25.3,25.3,25.4,0.18100000000000002,1581138000
2/8/2020,6,0.192,0.015,0.001,0.027000000000000003,0.18,0.01,25.5,25.3,25.9,0.207,1581141600
2/8/2020,7,0.28,0.017,0.008,0.002,0.282,0.028999999999999998,26.0,25.9,26.1,0.297,1581145200
2/8/2020,8,0.17300000000000001,0.006,0.0,0.003,0.179,0.026000000000000002,26.1,26.0,26.1,0.179,1581148800
2/8/2020,9,0.13699999999999998,0.001,0.0,0.0,0.15,0.022000000000000002,26.1,26.1,26.2,0.138,1581152400
2/8/2020,10,0.14300000000000002,0.001,0.002,0.001,0.154,0.022000000000000002,26.3,26.2,26.4,0.14400000000000002,1581156000
2/8/2020,11,0.171,0.001,0.001,0.0,0.18,0.023,26.5,26.4,26.7,0.172,1581159600
2/8/2020,12,0.141,0.002,0.001,0.001,0.151,0.023,26.8,26.7,26.9,0.14300000000000002,1581163200
2/8/2020,13,0.132,0.0,0.0,0.0,0.14400000000000002,0.022000000000000002,26.9,26.8,27.1,0.132,1581166800
2/8/2020,14,0.155,0.001,0.0,0.0,0.166,0.022000000000000002,27.2,27.1,27.3,0.156,1581170400
2/8/2020,15,0.177,0.001,0.0,0.0,0.19,0.022000000000000002,27.4,27.2,27.6,0.17800000000000002,1581174000
2/8/2020,16,0.252,0.001,0.0,0.0,0.266,0.022000000000000002,27.5,27.4,27.6,0.253,1581177600
2/8/2020,17,0.18600000000000003,0.001,0.0,0.0,0.19699999999999998,0.022000000000000002,27.5,27.4,27.6,0.187,1581181200
2/8/2020,18,0.182,0.001,0.001,0.002,0.19,0.022000000000000002,27.4,27.3,27.5,0.183,1581184800
2/8/2020,19,0.141,0.001,0.001,0.0,0.149,0.022000000000000002,27.3,27.2,27.4,0.142,1581188400
2/8/2020,20,0.135,0.001,0.001,0.001,0.14300000000000002,0.022000000000000002,27.3,27.2,27.3,0.136,1581192000
2/8/2020,21,0.177,0.001,0.001,0.0,0.185,0.023,27.2,27.1,27.3,0.17800000000000002,1581195600
2/8/2020,22,0.141,0.001,0.0,0.001,0.152,0.022000000000000002,27.1,27.0,27.2,0.142,1581199200
2/8/2020,23,0.147,0.0,0.001,0.0,0.159,0.004,27.0,26.9,27.1,0.147,1581202800
2/9/2020,0,0.16399999999999998,0.0,0.0,0.0,0.17600000000000002,0.004,26.8,26.8,26.9,0.16399999999999998,1581206400
2/9/2020,1,0.155,0.0,0.0,0.0,0.165,0.004,26.7,26.6,26.8,0.155,1581210000
2/9/2020,2,0.132,0.0,0.001,0.0,0.142,0.004,26.5,26.4,26.6,0.132,1581213600
2/9/2020,3,0.145,0.0,0.0,0.0,0.155,0.004,26.3,26.2,26.4,0.145,1581217200
2/9/2020,4,0.166,0.003,0.001,0.001,0.172,0.006999999999999999,26.1,26.0,26.2,0.16899999999999998,1581220800
2/9/2020,5,0.128,0.0,0.001,0.0,0.138,0.004,26.0,25.9,26.1,0.128,1581224400
2/9/2020,6,0.134,0.0,0.0,0.0,0.14400000000000002,0.004,26.2,25.9,26.5,0.134,1581228000
2/9/2020,7,0.17600000000000002,0.001,0.0,0.0,0.185,0.022000000000000002,26.7,26.5,26.8,0.177,1581231600
2/9/2020,8,0.131,0.003,0.001,0.001,0.138,0.024,26.6,26.5,26.7,0.134,1581235200
2/9/2020,9,0.13,0.001,0.0,0.001,0.14,0.022000000000000002,26.6,26.6,26.8,0.131,1581238800
2/9/2020,10,0.17,0.0,0.0,0.0,0.179,0.022000000000000002,26.8,26.7,26.8,0.17,1581242400
2/9/2020,11,0.14300000000000002,0.001,0.001,0.001,0.153,0.022000000000000002,26.9,26.8,27.0,0.14400000000000002,1581246000
2/9/2020,12,0.129,0.001,0.0,0.001,0.14,0.022000000000000002,27.0,26.9,27.1,0.13,1581249600
2/9/2020,13,0.161,0.001,0.0,0.0,0.17,0.022000000000000002,27.2,27.1,27.3,0.162,1581253200
2/9/2020,14,0.155,0.001,0.0,0.002,0.165,0.022000000000000002,27.4,27.3,27.5,0.156,1581256800
2/9/2020,15,0.129,0.001,0.002,0.002,0.14,0.022000000000000002,27.5,27.4,27.6,0.13,1581260400
2/9/2020,16,0.14800000000000002,0.001,0.0,0.001,0.158,0.022000000000000002,27.6,27.5,27.6,0.149,1581264000
2/9/2020,17,0.17800000000000002,0.005,0.0,0.0,0.184,0.026000000000000002,27.5,27.4,27.7,0.183,1581267600
2/9/2020,18,0.856,0.371,0.017,0.6990000000000001,0.506,0.03,27.4,27.3,27.5,1.227,1581271200
2/9/2020,19,0.5379999999999999,0.301,0.0,0.5770000000000001,0.264,0.022000000000000002,27.2,27.1,27.3,0.8390000000000001,1581274800
2/9/2020,20,0.6609999999999999,0.37,0.003,0.723,0.311,0.025,27.0,26.9,27.2,1.031,1581278400
2/9/2020,21,0.516,0.29100000000000004,0.005,0.5720000000000001,0.249,0.024,26.9,26.8,27.1,0.807,1581282000
2/9/2020,22,0.222,0.001,0.0,0.0,0.231,0.022000000000000002,26.9,26.8,26.9,0.223,1581285600
2/9/2020,23,0.332,0.0,0.0,0.0,0.34299999999999997,0.005,26.7,26.5,26.8,0.332,1581289200
2/10/2020,0,0.33899999999999997,0.0,0.0,0.0,0.349,0.006,26.5,26.3,26.6,0.33899999999999997,1581292800
2/10/2020,1,0.32799999999999996,0.094,0.0,0.188,0.24600000000000002,0.012,26.4,26.2,26.4,0.42200000000000004,1581296400
2/10/2020,2,0.37799999999999995,0.259,0.001,0.51,0.149,0.01,26.3,26.2,26.4,0.637,1581300000
2/10/2020,3,0.139,0.0,0.0,0.0,0.153,0.006999999999999999,26.1,26.0,26.2,0.139,1581303600
2/10/2020,4,0.155,0.002,0.001,0.001,0.17,0.009000000000000001,26.0,25.9,26.1,0.157,1581307200
2/10/2020,5,0.141,0.003,0.002,0.001,0.146,0.009000000000000001,25.9,25.8,26.0,0.14400000000000002,1581310800
2/10/2020,6,0.131,0.001,0.0,0.0,0.13699999999999998,0.006999999999999999,25.8,25.6,25.9,0.132,1581314400
2/10/2020,7,0.188,0.003,0.001,0.001,0.2,0.024,25.7,25.6,25.8,0.191,1581318000
2/10/2020,8,0.18600000000000003,0.003,0.0,0.0,0.19899999999999998,0.023,25.6,25.6,25.7,0.18899999999999997,1581321600
2/10/2020,9,0.536,0.313,0.5479999999999999,0.003,0.27,0.045,25.5,25.4,25.6,0.8490000000000001,1581325200
2/10/2020,10,0.622,0.368,0.635,0.0,0.306,0.048,25.4,25.4,25.6,0.99,1581328800
2/10/2020,11,0.494,0.306,0.588,0.005,0.217,0.026000000000000002,25.4,25.3,25.6,0.8,1581332400
2/10/2020,12,0.28300000000000003,0.002,0.0,0.0,0.297,0.022000000000000002,25.3,25.3,25.4,0.285,1581336000
2/10/2020,13,0.41200000000000003,0.166,0.0,0.327,0.268,0.022000000000000002,25.3,25.3,25.4,0.578,1581339600
2/10/2020,14,0.201,0.009000000000000001,0.003,0.011000000000000001,0.209,0.023,25.2,25.1,25.4,0.21,1581343200
2/10/2020,15,0.313,0.055,0.002,0.098,0.267,0.027000000000000003,25.0,24.9,25.1,0.368,1581346800
2/10/2020,16,0.301,0.085,0.0,0.163,0.233,0.022000000000000002,24.9,24.7,25.0,0.386,1581350400
2/10/2020,17,0.546,0.243,0.439,0.028999999999999998,0.335,0.025,24.6,24.5,24.8,0.789,1581354000
2/10/2020,18,0.382,0.017,0.0,0.013999999999999999,0.384,0.027000000000000003,24.3,24.1,24.6,0.39899999999999997,1581357600
2/10/2020,19,0.331,0.03,0.0,0.046,0.317,0.025,24.0,23.8,24.2,0.361,1581361200
2/10/2020,20,0.322,0.034,0.0,0.051,0.307,0.027000000000000003,23.9,23.8,24.0,0.35600000000000004,1581364800
2/10/2020,21,0.605,0.385,0.7509999999999999,0.002,0.264,0.024,23.7,23.6,23.9,0.99,1581368400
2/10/2020,22,0.36200000000000004,0.016,0.0,0.031,0.35700000000000004,0.021,23.7,23.5,23.8,0.37799999999999995,1581372000
2/10/2020,23,0.504,0.28600000000000003,0.387,0.196,0.239,0.008,23.5,23.3,23.6,0.79,1581375600
2/11/2020,0,0.19699999999999998,0.0,0.001,0.001,0.204,0.005,23.2,23.1,23.4,0.19699999999999998,1581379200
2/11/2020,1,0.168,0.0,0.0,0.0,0.18,0.003,23.0,22.9,23.2,0.168,1581382800
2/11/2020,2,0.166,0.001,0.0,0.0,0.17800000000000002,0.003,22.8,22.6,23.0,0.16699999999999998,1581386400
2/11/2020,3,0.251,0.0,0.0,0.0,0.259,0.003,22.6,22.4,22.7,0.251,1581390000
2/11/2020,4,0.177,0.0,0.0,0.0,0.182,0.003,22.4,22.2,22.5,0.177,1581393600
2/11/2020,5,0.11800000000000001,0.0,0.0,0.0,0.125,0.003,22.1,21.9,22.2,0.11800000000000001,1581397200
2/11/2020,6,0.125,0.004,0.0,0.0,0.129,0.008,21.9,21.8,22.0,0.129,1581400800
2/11/2020,7,0.193,0.01,0.0,0.0,0.19899999999999998,0.027999999999999997,22.0,21.9,22.1,0.203,1581404400
2/11/2020,8,0.22899999999999998,0.023,0.001,0.012,0.23199999999999998,0.034,22.0,21.9,22.1,0.252,1581408000
2/11/2020,9,0.198,0.032,0.0,0.032,0.18899999999999997,0.033,22.1,22.0,22.2,0.23,1581411600
2/11/2020,10,0.364,0.036000000000000004,0.0,0.055,0.344,0.027000000000000003,22.3,22.2,22.4,0.4,1581415200
2/11/2020,11,0.371,0.059000000000000004,0.003,0.09,0.32799999999999996,0.032,22.3,22.2,22.4,0.43,1581418800
2/11/2020,12,0.312,0.085,0.0,0.15,0.247,0.027999999999999997,22.5,22.3,22.6,0.397,1581422400
2/11/2020,13,0.17600000000000002,0.005,0.0,0.003,0.18100000000000002,0.024,22.6,22.5,22.6,0.18100000000000002,1581426000
2/11/2020,14,0.19699999999999998,0.011000000000000001,0.0,0.006,0.201,0.027000000000000003,22.6,22.6,22.7,0.20800000000000002,1581429600
2/11/2020,15,0.22,0.006999999999999999,0.0,0.0,0.22899999999999998,0.026000000000000002,22.6,22.6,22.8,0.22699999999999998,1581433200
2/11/2020,16,0.374,0.011000000000000001,0.0,0.013000000000000001,0.375,0.025,22.7,22.6,22.8,0.385,1581436800
2/11/2020,17,0.6609999999999999,0.39299999999999996,0.759,0.008,0.28800000000000003,0.026000000000000002,22.7,22.6,22.7,1.054,1581440400
2/11/2020,18,0.563,0.348,0.467,0.20199999999999999,0.254,0.027000000000000003,22.6,22.5,22.7,0.9109999999999999,1581444000
2/11/2020,19,0.278,0.004,0.0,0.0,0.29,0.025,22.5,22.4,22.6,0.282,1581447600
2/11/2020,20,0.539,0.023,0.012,0.033,0.526,0.027999999999999997,22.3,22.2,22.4,0.562,1581451200
2/11/2020,21,0.451,0.10300000000000001,0.006,0.17800000000000002,0.377,0.033,22.2,22.1,22.3,0.5539999999999999,1581454800
2/11/2020,22,0.254,0.009000000000000001,0.001,0.004,0.262,0.026000000000000002,22.1,22.0,22.2,0.263,1581458400
2/11/2020,23,0.551,0.321,0.621,0.0,0.265,0.02,22.0,21.9,22.1,0.872,1581462000
2/12/2020,0,0.185,0.006999999999999999,0.0,0.0,0.193,0.013999999999999999,21.9,21.9,22.0,0.192,1581465600
2/12/2020,1,0.21899999999999997,0.006999999999999999,0.0,0.0,0.228,0.019,21.8,21.8,21.9,0.226,1581469200
2/12/2020,2,0.267,0.006999999999999999,0.0,0.0,0.27399999999999997,0.019,21.7,21.6,21.8,0.27399999999999997,1581472800
2/12/2020,3,0.127,0.006999999999999999,0.0,0.0,0.139,0.015,21.6,21.5,21.7,0.134,1581476400
2/12/2020,4,0.128,0.008,0.0,0.0,0.139,0.015,21.5,21.4,21.6,0.136,1581480000
2/12/2020,5,0.163,0.009000000000000001,0.001,0.001,0.16899999999999998,0.013000000000000001,21.4,21.2,21.4,0.172,1581483600
2/12/2020,6,0.12,0.008,0.0,0.0,0.133,0.013000000000000001,21.3,21.2,21.3,0.128,1581487200
2/12/2020,7,0.129,0.025,0.001,0.026000000000000002,0.128,0.028999999999999998,21.2,21.2,21.3,0.154,1581490800
2/12/2020,8,0.309,0.156,0.251,0.004,0.191,0.045,21.4,21.2,21.4,0.465,1581494400
2/12/2020,9,1.0,0.826,1.571,0.027999999999999997,0.203,0.031,21.5,21.4,21.7,1.8259999999999998,1581498000
2/12/2020,10,0.168,0.039,0.001,0.002,0.175,0.055999999999999994,21.9,21.7,21.9,0.207,1581501600
2/12/2020,11,0.11900000000000001,0.009000000000000001,0.0,0.0,0.129,0.027999999999999997,22.0,21.9,22.1,0.128,1581505200
2/12/2020,12,0.27699999999999997,0.006999999999999999,0.0,0.002,0.28600000000000003,0.026000000000000002,22.1,22.0,22.1,0.284,1581508800
2/12/2020,13,0.51,0.247,0.47200000000000003,0.002,0.287,0.027999999999999997,22.1,22.1,22.2,0.757,1581512400
2/12/2020,14,0.187,0.008,0.0,0.0,0.2,0.027000000000000003,22.2,22.1,22.2,0.195,1581516000
2/12/2020,15,0.326,0.126,0.0,0.22699999999999998,0.222,0.028999999999999998,22.2,22.2,22.2,0.452,1581519600
2/12/2020,16,0.607,0.326,0.5429999999999999,0.08199999999999999,0.319,0.027999999999999997,22.2,22.2,22.3,0.9329999999999999,1581523200
2/12/2020,17,0.434,0.006999999999999999,0.0,0.001,0.44,0.025,22.3,22.2,22.3,0.441,1581526800
2/12/2020,18,0.49700000000000005,0.28,0.536,0.0,0.247,0.027000000000000003,22.2,22.1,22.3,0.777,1581530400
2/12/2020,19,0.337,0.045,0.008,0.055999999999999994,0.314,0.033,22.1,22.1,22.2,0.382,1581534000
2/12/2020,20,0.513,0.07400000000000001,0.001,0.126,0.469,0.027000000000000003,22.0,22.0,22.1,0.5870000000000001,1581537600
2/12/2020,21,0.226,0.005,0.0,0.0,0.23600000000000002,0.025,22.0,21.9,22.1,0.231,1581541200
2/12/2020,22,0.515,0.053,0.0,0.08900000000000001,0.483,0.026000000000000002,21.9,21.8,22.0,0.568,1581544800
2/12/2020,23,0.642,0.245,0.34600000000000003,0.13,0.419,0.018000000000000002,21.9,21.8,21.9,0.887,1581548400
2/13/2020,0,0.29100000000000004,0.057999999999999996,0.002,0.1,0.249,0.019,21.9,21.8,21.9,0.349,1581552000
2/13/2020,1,0.146,0.006,0.0,0.0,0.152,0.013000000000000001,21.8,21.7,21.9,0.152,1581555600
2/13/2020,2,0.16399999999999998,0.006999999999999999,0.0,0.0,0.175,0.013999999999999999,21.7,21.6,21.7,0.171,1581559200
2/13/2020,3,0.158,0.008,0.002,0.002,0.163,0.013999999999999999,21.6,21.5,21.6,0.166,1581562800
2/13/2020,4,0.122,0.008,0.0,0.0,0.135,0.013999999999999999,21.5,21.4,21.6,0.13,1581566400
2/13/2020,5,0.154,0.006999999999999999,0.0,0.0,0.163,0.013000000000000001,21.5,21.4,21.5,0.161,1581570000
2/13/2020,6,0.278,0.028999999999999998,0.0,0.044000000000000004,0.266,0.015,21.4,21.4,21.5,0.307,1581573600
2/13/2020,7,1.111,0.847,1.629,0.003,0.3,0.037000000000000005,21.5,21.4,21.7,1.9580000000000002,1581577200
2/13/2020,8,0.961,0.743,1.4340000000000002,0.004,0.24,0.031,22.0,21.7,22.2,1.704,1581580800
2/13/2020,9,0.478,0.337,0.636,0.006,0.168,0.031,22.4,22.2,22.4,0.815,1581584400
2/13/2020,10,0.23399999999999999,0.006,0.0,0.0,0.243,0.026000000000000002,22.6,22.4,22.8,0.24,1581588000
2/13/2020,11,0.525,0.055,0.001,0.003,0.526,0.07200000000000001,22.9,22.7,23.3,0.58,1581591600
2/13/2020,12,0.409,0.099,0.0,0.174,0.33,0.028999999999999998,23.2,23.0,23.3,0.508,1581595200
2/13/2020,13,0.21600000000000003,0.005,0.001,0.006,0.218,0.023,23.5,23.3,23.7,0.221,1581598800
2/13/2020,14,0.319,0.113,0.207,0.0,0.22399999999999998,0.027999999999999997,23.8,23.6,23.9,0.43200000000000005,1581602400
2/13/2020,15,0.43,0.23600000000000002,0.45399999999999996,0.0,0.21,0.026000000000000002,24.0,23.9,24.1,0.6659999999999999,1581606000
2/13/2020,16,0.141,0.001,0.0,0.0,0.151,0.022000000000000002,24.0,23.9,24.1,0.142,1581609600
2/13/2020,17,0.349,0.184,0.35600000000000004,0.003,0.183,0.024,24.0,23.9,24.0,0.5329999999999999,1581613200
2/13/2020,18,0.466,0.036000000000000004,0.006999999999999999,0.063,0.439,0.025,24.0,23.9,24.1,0.502,1581616800
2/13/2020,19,0.613,0.23,0.435,0.011000000000000001,0.405,0.024,23.9,23.9,24.0,0.843,1581620400
2/13/2020,20,0.377,0.005,0.001,0.001,0.381,0.025,23.8,23.7,23.9,0.382,1581624000
2/13/2020,21,0.264,0.027000000000000003,0.0,0.046,0.252,0.023,23.8,23.7,23.9,0.29100000000000004,1581627600
2/13/2020,22,0.39399999999999996,0.13699999999999998,0.259,0.001,0.278,0.025,23.7,23.6,23.7,0.531,1581631200
2/13/2020,23,0.462,0.213,0.419,0.0,0.27699999999999997,0.01,23.6,23.5,23.6,0.675,1581634800
2/14/2020,0,0.23199999999999998,0.0,0.001,0.0,0.23600000000000002,0.006999999999999999,23.4,23.3,23.6,0.23199999999999998,1581638400
2/14/2020,1,0.209,0.0,0.0,0.0,0.21899999999999997,0.006,23.3,23.2,23.4,0.209,1581642000
2/14/2020,2,0.17800000000000002,0.0,0.0,0.0,0.18899999999999997,0.006999999999999999,23.1,22.9,23.3,0.17800000000000002,1581645600
2/14/2020,3,0.14,0.001,0.0,0.0,0.14800000000000002,0.006999999999999999,22.9,22.8,23.0,0.141,1581649200
2/14/2020,4,0.153,0.003,0.0,0.0,0.162,0.008,22.7,22.5,22.8,0.156,1581652800
2/14/2020,5,0.158,0.004,0.0,0.0,0.17,0.01,22.5,22.4,22.6,0.162,1581656400
2/14/2020,6,0.11599999999999999,0.017,0.001,0.004,0.128,0.02,22.7,22.4,23.1,0.133,1581660000
2/14/2020,7,0.149,0.002,0.0,0.0,0.157,0.023,23.3,23.1,23.4,0.151,1581663600
2/14/2020,8,0.171,0.002,0.002,0.001,0.17600000000000002,0.023,23.2,23.1,23.3,0.17300000000000001,1581667200
2/14/2020,9,0.26899999999999996,0.002,0.002,0.001,0.27399999999999997,0.023,23.3,23.2,23.6,0.271,1581670800
2/14/2020,10,0.762,0.499,0.9740000000000001,0.0,0.28,0.023,23.7,23.6,23.8,1.261,1581674400
2/14/2020,11,0.142,0.001,0.0,0.0,0.153,0.022000000000000002,24.0,23.7,24.2,0.14300000000000002,1581678000
2/14/2020,12,0.293,0.001,0.0,0.0,0.303,0.022000000000000002,24.2,24.1,24.4,0.294,1581681600
2/14/2020,13,0.195,0.001,0.0,0.0,0.205,0.022000000000000002,24.4,24.3,24.6,0.196,1581685200
2/14/2020,14,0.179,0.001,0.001,0.001,0.185,0.023,24.5,24.4,24.6,0.18,1581688800
2/14/2020,15,0.315,0.096,0.0,0.18899999999999997,0.23,0.022000000000000002,24.6,24.5,24.6,0.41100000000000003,1581692400
2/14/2020,16,0.247,0.001,0.0,0.0,0.255,0.022000000000000002,24.5,24.4,24.6,0.248,1581696000
2/14/2020,17,0.41,0.001,0.0,0.0,0.415,0.022000000000000002,24.5,24.4,24.6,0.41100000000000003,1581699600
2/14/2020,18,0.511,0.095,0.127,0.057,0.433,0.023,24.4,24.4,24.5,0.606,1581703200
2/14/2020,19,0.7979999999999999,0.406,0.747,0.052000000000000005,0.42,0.024,24.5,24.4,24.5,1.204,1581706800
2/14/2020,20,0.325,0.096,0.146,0.03,0.25,0.027000000000000003,24.5,24.4,24.6,0.42100000000000004,1581710400
2/14/2020,21,0.226,0.04,0.0,0.003,0.23399999999999999,0.057999999999999996,24.5,24.4,24.5,0.266,1581714000
2/14/2020,22,0.276,0.003,0.0,0.003,0.28600000000000003,0.023,24.4,24.3,24.4,0.27899999999999997,1581717600
2/14/2020,23,0.47600000000000003,0.19699999999999998,0.34,0.053,0.302,0.015,24.2,24.2,24.3,0.6729999999999999,1581721200
2/15/2020,0,0.248,0.0,0.0,0.0,0.26,0.006999999999999999,24.1,24.0,24.2,0.248,1581724800
2/15/2020,1,0.218,0.0,0.0,0.0,0.23,0.005,23.9,23.8,24.0,0.218,1581728400
2/15/2020,2,0.253,0.0,0.0,0.0,0.264,0.005,23.8,23.7,23.9,0.253,1581732000
2/15/2020,3,0.24600000000000002,0.004,0.001,0.001,0.252,0.015,23.6,23.5,23.7,0.25,1581735600
2/15/2020,4,0.157,0.0,0.0,0.0,0.165,0.006999999999999999,23.4,23.3,23.6,0.157,1581739200
2/15/2020,5,0.129,0.0,0.0,0.0,0.139,0.006999999999999999,23.3,23.2,23.4,0.129,1581742800
2/15/2020,6,0.185,0.017,0.001,0.006,0.18899999999999997,0.022000000000000002,23.2,23.1,23.3,0.20199999999999999,1581746400
2/15/2020,7,0.138,0.001,0.0,0.0,0.14800000000000002,0.022000000000000002,23.2,23.1,23.3,0.139,1581750000
2/15/2020,8,0.147,0.001,0.001,0.001,0.156,0.022000000000000002,23.5,23.3,23.6,0.14800000000000002,1581753600
2/15/2020,9,0.17800000000000002,0.001,0.0,0.0,0.191,0.022000000000000002,23.8,23.6,23.9,0.179,1581757200
2/15/2020,10,0.445,0.251,0.496,0.0,0.21600000000000003,0.024,24.1,23.9,24.4,0.696,1581760800
2/15/2020,11,0.21899999999999997,0.001,0.0,0.0,0.231,0.022000000000000002,24.5,24.3,24.6,0.22,1581764400
2/15/2020,12,0.24600000000000002,0.002,0.0,0.003,0.255,0.022000000000000002,24.8,24.6,24.9,0.248,1581768000
2/15/2020,13,0.32899999999999996,0.043,0.0,0.085,0.29600000000000004,0.024,25.1,24.9,25.2,0.37200000000000005,1581771600
2/15/2020,14,0.19,0.0,0.0,0.0,0.2,0.022000000000000002,25.3,25.2,25.5,0.19,1581775200
2/15/2020,15,0.204,0.002,0.001,0.002,0.21,0.022000000000000002,25.6,25.4,25.7,0.20600000000000002,1581778800
2/15/2020,16,0.301,0.001,0.001,0.001,0.308,0.022000000000000002,25.8,25.7,25.9,0.302,1581782400
2/15/2020,17,0.33,0.07400000000000001,0.001,0.142,0.263,0.025,25.9,25.8,25.9,0.40399999999999997,1581786000
2/15/2020,18,0.812,0.5579999999999999,0.415,0.706,0.298,0.045,25.9,25.8,25.9,1.37,1581789600
2/15/2020,19,0.223,0.005,0.0,0.001,0.23,0.023,25.9,25.8,25.9,0.228,1581793200
2/15/2020,20,0.23800000000000002,0.021,0.0,0.036000000000000004,0.22899999999999998,0.023,25.9,25.8,25.9,0.259,1581796800
2/15/2020,21,0.331,0.006999999999999999,0.002,0.002,0.33799999999999997,0.027000000000000003,25.9,25.8,25.9,0.33799999999999997,1581800400
2/15/2020,22,0.627,0.433,0.8590000000000001,0.0,0.24,0.025,25.8,25.8,25.9,1.06,1581804000
2/15/2020,23,0.226,0.0,0.0,0.001,0.233,0.006,25.8,25.8,25.9,0.226,1581807600
2/16/2020,0,0.214,0.002,0.0,0.0,0.225,0.018000000000000002,25.7,25.6,25.8,0.21600000000000003,1581811200
2/16/2020,1,0.258,0.001,0.002,0.001,0.266,0.008,25.5,25.4,25.6,0.259,1581814800
2/16/2020,2,0.14300000000000002,0.001,0.0,0.001,0.153,0.006999999999999999,25.4,25.3,25.5,0.14400000000000002,1581818400
2/16/2020,3,0.133,0.002,0.002,0.001,0.138,0.013999999999999999,25.2,25.2,25.3,0.135,1581822000
2/16/2020,4,0.151,0.0,0.0,0.001,0.159,0.006,25.1,24.9,25.3,0.151,1581825600
2/16/2020,5,0.14800000000000002,0.001,0.0,0.002,0.152,0.006999999999999999,24.9,24.8,25.0,0.149,1581829200
2/16/2020,6,0.142,0.0,0.0,0.0,0.151,0.006,25.0,24.7,25.4,0.142,1581832800
2/16/2020,7,0.159,0.001,0.0,0.0,0.168,0.022000000000000002,25.5,25.1,25.7,0.16,1581836400
2/16/2020,8,0.205,0.002,0.001,0.003,0.213,0.022000000000000002,25.5,25.4,25.6,0.207,1581840000
2/16/2020,9,0.395,0.155,0.0,0.303,0.267,0.022000000000000002,25.6,25.5,25.8,0.55,1581843600
2/16/2020,10,0.5539999999999999,0.22899999999999998,0.0,0.44799999999999995,0.35100000000000003,0.022000000000000002,25.9,25.8,26.1,0.7829999999999999,1581847200
2/16/2020,11,1.2429999999999999,0.8490000000000001,1.159,0.565,0.441,0.033,26.3,26.0,26.6,2.092,1581850800
2/16/2020,12,0.838,0.384,0.0,0.747,0.48700000000000004,0.022000000000000002,26.7,26.4,27.2,1.222,1581854400
2/16/2020,13,0.594,0.20800000000000002,0.011000000000000001,0.392,0.414,0.031,27.2,26.9,27.6,0.802,1581858000
2/16/2020,14,0.6779999999999999,0.382,0.001,0.733,0.336,0.023,27.0,26.9,27.1,1.06,1581861600
2/16/2020,15,0.32899999999999996,0.11699999999999999,0.005,0.222,0.23199999999999998,0.024,26.8,26.8,27.0,0.446,1581865200
2/16/2020,16,0.65,0.331,0.002,0.642,0.35,0.023,26.7,26.6,26.8,0.981,1581868800
2/16/2020,17,0.624,0.257,0.001,0.503,0.38299999999999995,0.023,26.6,26.5,26.8,0.8809999999999999,1581872400
2/16/2020,18,0.667,0.217,0.392,0.038,0.479,0.024,26.4,26.3,26.6,0.884,1581876000
2/16/2020,19,0.557,0.024,0.0,0.048,0.5489999999999999,0.022000000000000002,26.3,26.2,26.4,0.581,1581879600
2/16/2020,20,0.35200000000000004,0.053,0.001,0.1,0.318,0.023,26.1,26.0,26.3,0.405,1581883200
2/16/2020,21,0.38799999999999996,0.024,0.002,0.042,0.37799999999999995,0.023,25.9,25.8,26.1,0.41200000000000003,1581886800
2/16/2020,22,0.299,0.002,0.0,0.0,0.307,0.023,25.9,25.8,25.9,0.301,1581890400
2/16/2020,23,0.326,0.005,0.0,0.008,0.33299999999999996,0.013000000000000001,25.8,25.8,25.9,0.331,1581894000
2/17/2020,0,0.3,0.0,0.0,0.0,0.31,0.011000000000000001,25.8,25.7,25.9,0.3,1581897600
2/17/2020,1,0.163,0.002,0.001,0.001,0.171,0.011000000000000001,25.8,25.8,25.9,0.165,1581901200
2/17/2020,2,0.171,0.0,0.0,0.0,0.183,0.005,25.7,25.6,25.8,0.171,1581904800
2/17/2020,3,0.16,0.0,0.0,0.0,0.16899999999999998,0.005,25.6,25.5,25.7,0.16,1581908400
2/17/2020,4,0.149,0.0,0.0,0.0,0.161,0.004,25.5,25.4,25.6,0.149,1581912000
2/17/2020,5,0.183,0.0,0.0,0.001,0.19399999999999998,0.006,25.3,25.3,25.4,0.183,1581915600
2/17/2020,6,0.27899999999999997,0.161,0.271,0.004,0.16,0.03,25.4,25.2,25.8,0.44,1581919200
2/17/2020,7,0.151,0.001,0.0,0.0,0.165,0.022000000000000002,25.8,25.4,26.0,0.152,1581922800
2/17/2020,8,0.218,0.003,0.0,0.0,0.226,0.025,25.6,25.4,25.7,0.221,1581926400
2/17/2020,9,0.36200000000000004,0.16699999999999998,0.32799999999999996,0.004,0.21,0.025,25.8,25.6,26.1,0.529,1581930000
2/17/2020,10,0.38799999999999996,0.153,0.001,0.3,0.248,0.023,26.1,25.9,26.2,0.541,1581933600
2/17/2020,11,0.698,0.536,1.04,0.036000000000000004,0.19399999999999998,0.034,26.4,26.1,26.6,1.234,1581937200
2/17/2020,12,0.5820000000000001,0.217,0.002,0.423,0.371,0.022000000000000002,26.7,26.6,26.9,0.799,1581940800
2/17/2020,13,0.446,0.1,0.002,0.196,0.359,0.024,27.1,26.8,27.6,0.546,1581944400
2/17/2020,14,0.381,0.113,0.004,0.21600000000000003,0.28600000000000003,0.022000000000000002,27.3,27.2,27.5,0.494,1581948000
2/17/2020,15,0.304,0.11599999999999999,0.001,0.226,0.19899999999999998,0.023,27.5,27.4,27.6,0.42,1581951600
2/17/2020,16,0.605,0.368,0.002,0.721,0.264,0.022000000000000002,27.5,27.4,27.6,0.973,1581955200
2/17/2020,17,0.489,0.257,0.0,0.5,0.258,0.023,27.5,27.4,27.5,0.746,1581958800
2/17/2020,18,0.769,0.573,0.29,0.8540000000000001,0.23800000000000002,0.025,27.3,27.2,27.4,1.3419999999999999,1581962400
2/17/2020,19,0.747,0.38,0.006,0.721,0.40700000000000003,0.03,27.2,27.1,27.4,1.127,1581966000
2/17/2020,20,0.537,0.022000000000000002,0.0,0.042,0.523,0.022000000000000002,27.0,26.9,27.1,0.5589999999999999,1581969600
2/17/2020,21,0.517,0.163,0.308,0.006,0.375,0.027999999999999997,27.0,26.9,27.1,0.68,1581973200
2/17/2020,22,0.413,0.002,0.0,0.0,0.42,0.023,27.0,26.9,27.1,0.415,1581976800
2/17/2020,23,0.321,0.094,0.187,0.0,0.242,0.006999999999999999,27.0,26.9,27.1,0.415,1581980400
2/18/2020,0,0.254,0.001,0.0,0.0,0.265,0.006,26.9,26.8,26.9,0.255,1581984000
2/18/2020,1,0.192,0.001,0.0,0.0,0.204,0.006999999999999999,26.7,26.6,26.8,0.193,1581987600
2/18/2020,2,0.128,0.001,0.0,0.0,0.139,0.013000000000000001,26.5,26.4,26.7,0.129,1581991200
2/18/2020,3,0.245,0.003,0.002,0.001,0.25,0.009000000000000001,26.4,26.2,26.5,0.248,1581994800
2/18/2020,4,0.237,0.0,0.0,0.0,0.242,0.006,26.2,26.1,26.3,0.237,1581998400
2/18/2020,5,0.174,0.0,0.0,0.001,0.179,0.006999999999999999,26.0,25.9,26.1,0.174,1582002000
2/18/2020,6,0.245,0.08199999999999999,0.126,0.013000000000000001,0.188,0.015,26.2,25.9,26.4,0.327,1582005600
2/18/2020,7,0.171,0.001,0.0,0.0,0.17800000000000002,0.022000000000000002,26.7,26.4,26.8,0.172,1582009200
2/18/2020,8,0.146,0.001,0.0,0.0,0.155,0.022000000000000002,26.7,26.6,26.8,0.147,1582012800
2/18/2020,9,0.522,0.34700000000000003,0.0,0.6809999999999999,0.198,0.022000000000000002,26.8,26.7,26.9,0.8690000000000001,1582016400
2/18/2020,10,0.478,0.188,0.0,0.365,0.308,0.022000000000000002,27.0,26.9,27.1,0.6659999999999999,1582020000
2/18/2020,11,0.606,0.293,0.0,0.5720000000000001,0.332,0.022000000000000002,27.2,27.1,27.4,0.899,1582023600
2/18/2020,12,0.47,0.22399999999999998,0.0,0.43700000000000006,0.261,0.022000000000000002,27.5,27.3,27.7,0.6940000000000001,1582027200
2/18/2020,13,0.626,0.391,0.005,0.754,0.262,0.024,27.8,27.7,28.0,1.0170000000000001,1582030800
2/18/2020,14,0.45399999999999996,0.295,0.001,0.5710000000000001,0.179,0.022000000000000002,28.1,27.9,28.3,0.7490000000000001,1582034400
2/18/2020,15,0.461,0.225,0.0,0.43799999999999994,0.256,0.022000000000000002,28.4,28.2,28.6,0.6859999999999999,1582038000
2/18/2020,16,0.632,0.289,0.01,0.5539999999999999,0.35600000000000004,0.027000000000000003,28.6,28.5,28.7,0.9209999999999999,1582041600
2/18/2020,17,0.797,0.361,0.012,0.695,0.455,0.026000000000000002,28.5,28.4,28.7,1.158,1582045200
2/18/2020,18,0.593,0.342,0.006,0.659,0.27899999999999997,0.025,28.5,28.4,28.5,0.935,1582048800
2/18/2020,19,0.22399999999999998,0.001,0.0,0.0,0.235,0.022000000000000002,28.3,28.1,28.5,0.225,1582052400
2/18/2020,20,0.812,0.15,0.24100000000000002,0.003,0.703,0.049,28.1,28.1,28.2,0.9620000000000001,1582056000
2/18/2020,21,0.894,0.439,0.305,0.5710000000000001,0.48200000000000004,0.026000000000000002,28.0,27.9,28.2,1.3330000000000002,1582059600
2/18/2020,22,1.012,0.696,0.569,0.8440000000000001,0.377,0.027999999999999997,27.9,27.8,28.0,1.7080000000000002,1582063200
2/18/2020,23,0.82,0.478,0.736,0.213,0.379,0.011000000000000001,27.7,27.7,27.9,1.298,1582066800
2/19/2020,0,0.34,0.018000000000000002,0.0,0.035,0.33299999999999996,0.017,27.7,27.6,27.8,0.358,1582070400
2/19/2020,1,0.22899999999999998,0.0,0.0,0.0,0.243,0.006,27.5,27.3,27.6,0.22899999999999998,1582074000
2/19/2020,2,0.174,0.001,0.0,0.0,0.185,0.005,27.2,27.1,27.4,0.175,1582077600
2/19/2020,3,0.18,0.0,0.0,0.0,0.191,0.008,27.0,26.9,27.1,0.18,1582081200
2/19/2020,4,0.13,0.0,0.001,0.001,0.14,0.006,26.9,26.8,26.9,0.13,1582084800
2/19/2020,5,0.154,0.001,0.0,0.003,0.163,0.006999999999999999,26.7,26.6,26.8,0.155,1582088400
2/19/2020,6,0.289,0.096,0.18600000000000003,0.003,0.20600000000000002,0.008,26.7,26.6,26.9,0.385,1582092000
2/19/2020,7,0.25,0.001,0.0,0.0,0.258,0.022000000000000002,27.2,26.9,27.2,0.251,1582095600
2/19/2020,8,0.18600000000000003,0.002,0.001,0.004,0.187,0.023,27.2,27.1,27.2,0.188,1582099200
2/19/2020,9,0.174,0.001,0.0,0.0,0.179,0.023,27.3,27.2,27.4,0.175,1582102800
2/19/2020,10,0.586,0.419,0.327,0.486,0.207,0.027000000000000003,27.4,27.4,27.6,1.005,1582106400
2/19/2020,11,0.295,0.14,0.005,0.265,0.174,0.023,27.6,27.5,27.7,0.435,1582110000
2/19/2020,12,0.609,0.34600000000000003,0.036000000000000004,0.64,0.289,0.025,27.8,27.6,27.9,0.955,1582113600
2/19/2020,13,0.743,0.451,0.002,0.878,0.32299999999999995,0.023,27.9,27.9,28.0,1.194,1582117200
2/19/2020,14,0.742,0.494,0.004,0.9690000000000001,0.285,0.024,28.0,27.9,28.1,1.236,1582120800
2/19/2020,15,0.446,0.213,0.0,0.376,0.276,0.036000000000000004,28.0,27.9,28.1,0.659,1582124400
2/19/2020,16,0.38299999999999995,0.23800000000000002,0.0,0.384,0.209,0.044000000000000004,28.0,27.9,28.1,0.621,1582128000
2/19/2020,17,0.322,0.025,0.003,0.002,0.33,0.034,27.9,27.6,28.1,0.34700000000000003,1582131600
2/19/2020,18,0.56,0.16,0.298,0.02,0.428,0.025,27.6,27.4,27.8,0.72,1582135200
2/19/2020,19,0.5379999999999999,0.005,0.001,0.001,0.54,0.027000000000000003,27.5,27.5,27.6,0.5429999999999999,1582138800
2/19/2020,20,0.405,0.002,0.0,0.0,0.413,0.022000000000000002,27.5,27.4,27.6,0.40700000000000003,1582142400
2/19/2020,21,0.491,0.091,0.0,0.174,0.413,0.023,27.4,27.3,27.5,0.5820000000000001,1582146000
2/19/2020,22,0.29100000000000004,0.027999999999999997,0.001,0.0,0.3,0.046,27.2,27.1,27.4,0.319,1582149600
2/19/2020,23,0.315,0.001,0.001,0.001,0.32299999999999995,0.006,27.1,26.9,27.1,0.316,1582153200
2/20/2020,0,0.311,0.0,0.001,0.001,0.321,0.006,26.9,26.8,27.0,0.311,1582156800
2/20/2020,1,0.23600000000000002,0.0,0.0,0.0,0.244,0.005,26.8,26.7,26.9,0.23600000000000002,1582160400
2/20/2020,2,0.21600000000000003,0.0,0.0,0.0,0.228,0.005,26.7,26.6,26.8,0.21600000000000003,1582164000
2/20/2020,3,0.168,0.0,0.0,0.0,0.17800000000000002,0.005,26.5,26.4,26.6,0.168,1582167600
2/20/2020,4,0.142,0.0,0.001,0.0,0.153,0.004,26.4,26.3,26.5,0.142,1582171200
2/20/2020,5,0.187,0.0,0.0,0.0,0.198,0.006,26.3,26.2,26.4,0.187,1582174800
2/20/2020,6,0.271,0.115,0.226,0.003,0.16699999999999998,0.006999999999999999,26.1,26.1,26.2,0.386,1582178400
2/20/2020,7,0.14400000000000002,0.0,0.0,0.0,0.14800000000000002,0.022000000000000002,26.2,26.1,26.3,0.14400000000000002,1582182000
2/20/2020,8,0.159,0.006,0.0,0.0,0.163,0.027999999999999997,26.4,26.2,26.6,0.165,1582185600
2/20/2020,9,0.14,0.0,0.0,0.0,0.145,0.022000000000000002,26.8,26.5,26.9,0.14,1582189200
2/20/2020,10,0.8109999999999999,0.6,0.54,0.687,0.244,0.024,26.9,26.9,27.0,1.411,1582192800
2/20/2020,11,0.606,0.267,0.256,0.27399999999999997,0.35600000000000004,0.023,27.1,26.9,27.2,0.873,1582196400
2/20/2020,12,0.316,0.158,0.0,0.307,0.172,0.023,27.2,27.1,27.2,0.474,1582200000
2/20/2020,13,0.19699999999999998,0.0,0.0,0.001,0.20600000000000002,0.022000000000000002,27.3,27.2,27.4,0.19699999999999998,1582203600
2/20/2020,14,0.266,0.001,0.001,0.001,0.272,0.022000000000000002,27.3,27.2,27.4,0.267,1582207200
2/20/2020,15,0.13699999999999998,0.001,0.003,0.001,0.135,0.022000000000000002,27.3,27.2,27.3,0.138,1582210800
2/20/2020,16,0.139,0.001,0.0,0.0,0.142,0.022000000000000002,27.3,27.2,27.4,0.14,1582214400
2/20/2020,17,0.153,0.0,0.0,0.0,0.155,0.022000000000000002,27.4,27.3,27.4,0.153,1582218000
2/20/2020,18,0.405,0.174,0.341,0.004,0.247,0.024,27.2,27.1,27.4,0.579,1582221600
2/20/2020,19,0.457,0.006999999999999999,0.005,0.017,0.451,0.023,27.2,27.1,27.2,0.46399999999999997,1582225200
2/20/2020,20,0.299,0.001,0.0,0.0,0.305,0.023,27.2,27.1,27.2,0.3,1582228800
2/20/2020,21,0.7120000000000001,0.395,0.01,0.737,0.359,0.031,27.1,27.1,27.1,1.107,1582232400
2/20/2020,22,0.861,0.562,0.42200000000000004,0.6759999999999999,0.36200000000000004,0.03,27.1,27.1,27.1,1.423,1582236000
2/20/2020,23,0.298,0.064,0.11599999999999999,0.012,0.249,0.008,27.1,27.0,27.1,0.36200000000000004,1582239600
2/21/2020,0,0.312,0.001,0.0,0.001,0.317,0.005,27.0,26.9,27.1,0.313,1582243200
2/21/2020,1,0.26,0.0,0.0,0.0,0.272,0.004,26.9,26.8,27.0,0.26,1582246800
2/21/2020,2,0.16899999999999998,0.0,0.0,0.0,0.175,0.015,26.8,26.8,26.9,0.16899999999999998,1582250400
2/21/2020,3,0.171,0.001,0.002,0.001,0.174,0.012,26.7,26.6,26.8,0.172,1582254000
2/21/2020,4,0.168,0.0,0.0,0.0,0.175,0.013999999999999999,26.5,26.4,26.6,0.168,1582257600
2/21/2020,5,0.215,0.002,0.0,0.002,0.22399999999999998,0.011000000000000001,26.4,26.3,26.5,0.217,1582261200
2/21/2020,6,0.26,0.13,0.221,0.005,0.168,0.025,26.3,26.2,26.4,0.39,1582264800
2/21/2020,7,0.156,0.001,0.0,0.0,0.168,0.022000000000000002,26.2,26.1,26.3,0.157,1582268400
2/21/2020,8,0.6920000000000001,0.507,1.006,0.0,0.20800000000000002,0.024,26.2,26.1,26.2,1.199,1582272000
2/21/2020,9,0.18600000000000003,0.0,0.0,0.0,0.195,0.022000000000000002,26.2,26.1,26.2,0.18600000000000003,1582275600
2/21/2020,10,0.184,0.003,0.002,0.001,0.191,0.023,26.1,26.1,26.2,0.187,1582279200
2/21/2020,11,0.18,0.002,0.0,0.0,0.187,0.023,26.1,26.0,26.1,0.182,1582282800
2/21/2020,12,0.256,0.002,0.0,0.001,0.268,0.023,26.0,25.8,26.1,0.258,1582286400
2/21/2020,13,0.316,0.002,0.0,0.002,0.327,0.022000000000000002,25.9,25.8,25.9,0.318,1582290000
2/21/2020,14,0.331,0.001,0.0,0.0,0.33799999999999997,0.022000000000000002,25.9,25.8,26.0,0.332,1582293600
2/21/2020,15,0.23399999999999999,0.0,0.0,0.0,0.244,0.022000000000000002,25.8,25.7,25.9,0.23399999999999999,1582297200
2/21/2020,16,0.168,0.0,0.001,0.001,0.17800000000000002,0.022000000000000002,25.8,25.8,25.9,0.168,1582300800
2/21/2020,17,0.253,0.002,0.002,0.0,0.266,0.023,25.7,25.6,25.8,0.255,1582304400
2/21/2020,18,0.425,0.218,0.391,0.042,0.231,0.024,25.6,25.5,25.7,0.643,1582308000
2/21/2020,19,0.278,0.001,0.0,0.0,0.28800000000000003,0.022000000000000002,25.5,25.3,25.5,0.27899999999999997,1582311600
2/21/2020,20,0.733,0.501,0.993,0.001,0.273,0.025,25.2,25.2,25.3,1.234,1582315200
2/21/2020,21,0.245,0.002,0.0,0.003,0.257,0.022000000000000002,25.1,25.1,25.2,0.247,1582318800
2/21/2020,22,0.35200000000000004,0.002,0.0,0.003,0.361,0.022000000000000002,25.0,24.9,25.1,0.354,1582322400
2/21/2020,23,0.64,0.287,0.426,0.146,0.38299999999999995,0.01,24.9,24.9,25.0,0.927,1582326000
2/22/2020,0,0.225,0.001,0.0,0.0,0.235,0.006,24.8,24.6,24.9,0.226,1582329600
2/22/2020,1,0.159,0.001,0.0,0.0,0.171,0.017,24.6,24.4,24.7,0.16,1582333200
2/22/2020,2,0.139,0.001,0.001,0.001,0.14400000000000002,0.013000000000000001,24.4,24.3,24.5,0.14,1582336800
2/22/2020,3,0.141,0.0,0.0,0.0,0.15,0.005,24.3,24.2,24.4,0.141,1582340400
2/22/2020,4,0.136,0.0,0.0,0.0,0.14300000000000002,0.011000000000000001,24.2,24.1,24.3,0.136,1582344000
2/22/2020,5,0.136,0.0,0.0,0.0,0.142,0.006,24.1,24.0,24.1,0.136,1582347600
2/22/2020,6,0.188,0.009000000000000001,0.0,0.019,0.191,0.009000000000000001,24.0,23.9,24.1,0.19699999999999998,1582351200
2/22/2020,7,0.359,0.077,0.006,0.159,0.292,0.028999999999999998,23.9,23.8,23.9,0.436,1582354800
2/22/2020,8,0.475,0.002,0.0,0.001,0.47700000000000004,0.022000000000000002,23.8,23.7,23.9,0.47700000000000004,1582358400
2/22/2020,9,0.42200000000000004,0.05,0.0,0.002,0.42700000000000005,0.068,23.8,23.7,23.9,0.47200000000000003,1582362000
2/22/2020,10,0.27,0.019,0.0,0.003,0.27699999999999997,0.038,23.6,23.4,23.8,0.289,1582365600
2/22/2020,11,0.375,0.013999999999999999,0.0,0.026000000000000002,0.371,0.022000000000000002,23.4,23.3,23.5,0.389,1582369200
2/22/2020,12,0.446,0.019,0.0,0.037000000000000005,0.43799999999999994,0.022000000000000002,23.4,23.4,23.5,0.465,1582372800
2/22/2020,13,0.292,0.004,0.002,0.001,0.304,0.022000000000000002,23.6,23.5,23.6,0.29600000000000004,1582376400
2/22/2020,14,0.19699999999999998,0.004,0.002,0.006,0.20199999999999999,0.023,23.6,23.4,23.6,0.201,1582380000
2/22/2020,15,0.642,0.38799999999999996,0.627,0.155,0.289,0.025,23.4,23.3,23.5,1.03,1582383600
2/22/2020,16,0.34,0.129,0.24,0.002,0.23600000000000002,0.027999999999999997,23.4,23.4,23.6,0.469,1582387200
2/22/2020,17,0.20199999999999999,0.003,0.0,0.003,0.21,0.023,23.3,23.2,23.4,0.205,1582390800
2/22/2020,18,0.20800000000000002,0.001,0.0,0.001,0.221,0.022000000000000002,23.1,23.0,23.3,0.209,1582394400
2/22/2020,19,0.29,0.004,0.0,0.009000000000000001,0.299,0.022000000000000002,22.7,22.6,23.0,0.294,1582398000
2/22/2020,20,0.623,0.33,0.642,0.01,0.317,0.025,22.6,22.5,22.8,0.953,1582401600
2/22/2020,21,0.28600000000000003,0.001,0.0,0.001,0.301,0.022000000000000002,22.5,22.3,22.6,0.287,1582405200
2/22/2020,22,0.626,0.34299999999999997,0.526,0.152,0.316,0.025,22.3,22.1,22.4,0.9690000000000001,1582408800
2/22/2020,23,0.504,0.07,0.0,0.138,0.446,0.006999999999999999,22.2,22.1,22.2,0.574,1582412400
2/23/2020,0,0.28,0.005,0.0,0.001,0.29100000000000004,0.01,22.1,22.0,22.2,0.285,1582416000
2/23/2020,1,0.302,0.006999999999999999,0.002,0.002,0.311,0.013000000000000001,21.8,21.7,22.0,0.309,1582419600
2/23/2020,2,0.142,0.01,0.002,0.001,0.15,0.013000000000000001,21.6,21.6,21.8,0.152,1582423200
2/23/2020,3,0.132,0.009000000000000001,0.001,0.001,0.14,0.013999999999999999,21.5,21.4,21.6,0.141,1582426800
2/23/2020,4,0.134,0.009000000000000001,0.0,0.0,0.147,0.013999999999999999,21.3,21.2,21.4,0.14300000000000002,1582430400
2/23/2020,5,0.13,0.009000000000000001,0.0,0.0,0.142,0.013999999999999999,21.2,21.1,21.2,0.139,1582434000
2/23/2020,6,0.175,0.012,0.0,0.004,0.18,0.017,21.1,21.0,21.2,0.187,1582437600
2/23/2020,7,0.284,0.09,0.0,0.153,0.221,0.031,21.2,21.1,21.3,0.374,1582441200
2/23/2020,8,0.138,0.009000000000000001,0.0,0.0,0.146,0.027999999999999997,21.4,21.2,21.5,0.147,1582444800
2/23/2020,9,0.14400000000000002,0.009000000000000001,0.0,0.005,0.14800000000000002,0.027000000000000003,21.5,21.4,21.6,0.153,1582448400
2/23/2020,10,0.265,0.013000000000000001,0.0,0.01,0.266,0.027000000000000003,21.7,21.6,21.8,0.278,1582452000
2/23/2020,11,0.551,0.006999999999999999,0.0,0.001,0.555,0.026000000000000002,21.8,21.7,21.9,0.5579999999999999,1582455600
2/23/2020,12,0.444,0.006999999999999999,0.0,0.0,0.451,0.026000000000000002,21.9,21.8,22.0,0.451,1582459200
2/23/2020,13,0.327,0.006999999999999999,0.004,0.002,0.33399999999999996,0.027000000000000003,22.1,22.0,22.2,0.33399999999999996,1582462800
2/23/2020,14,0.43700000000000006,0.122,0.0,0.228,0.33899999999999997,0.026000000000000002,22.2,22.1,22.3,0.5589999999999999,1582466400
2/23/2020,15,0.20600000000000002,0.006,0.0,0.0,0.215,0.026000000000000002,22.3,22.2,22.3,0.212,1582470000
2/23/2020,16,0.35700000000000004,0.013000000000000001,0.0,0.016,0.35700000000000004,0.025,22.3,22.3,22.4,0.37,1582473600
2/23/2020,17,0.251,0.008,0.0,0.006,0.255,0.025,22.3,22.1,22.4,0.259,1582477200
2/23/2020,18,0.405,0.125,0.002,0.239,0.303,0.025,22.2,22.1,22.2,0.53,1582480800
2/23/2020,19,0.33899999999999997,0.055999999999999994,0.0,0.102,0.304,0.025,22.1,22.1,22.2,0.395,1582484400
2/23/2020,20,0.502,0.20199999999999999,0.001,0.38799999999999996,0.331,0.026000000000000002,22.1,22.1,22.2,0.7040000000000001,1582488000
2/23/2020,21,0.41600000000000004,0.135,0.247,0.004,0.306,0.03,22.1,22.1,22.2,0.551,1582491600
2/23/2020,22,1.421,1.175,2.2969999999999997,0.013999999999999999,0.302,0.036000000000000004,22.1,22.0,22.2,2.596,1582495200
2/23/2020,23,0.7020000000000001,0.46299999999999997,0.838,0.049,0.313,0.044000000000000004,22.2,22.1,22.2,1.165,1582498800
2/24/2020,0,0.314,0.008,0.001,0.002,0.319,0.016,22.2,22.1,22.2,0.322,1582502400
2/24/2020,1,0.20800000000000002,0.006999999999999999,0.0,0.0,0.217,0.012,22.0,21.9,22.2,0.215,1582506000
2/24/2020,2,0.159,0.006999999999999999,0.0,0.0,0.16899999999999998,0.011000000000000001,21.9,21.8,21.9,0.166,1582509600
2/24/2020,3,0.195,0.008,0.0,0.0,0.203,0.016,21.7,21.6,21.8,0.203,1582513200
2/24/2020,4,0.20199999999999999,0.009000000000000001,0.0,0.0,0.21,0.015,21.6,21.5,21.6,0.21100000000000002,1582516800
2/24/2020,5,0.15,0.01,0.0,0.001,0.155,0.013999999999999999,21.5,21.4,21.6,0.16,1582520400
2/24/2020,6,0.138,0.01,0.0,0.0,0.14400000000000002,0.013000000000000001,21.4,21.4,21.6,0.14800000000000002,1582524000
2/24/2020,7,0.147,0.01,0.0,0.0,0.157,0.028999999999999998,21.5,21.4,21.6,0.157,1582527600
2/24/2020,8,0.215,0.026000000000000002,0.0,0.035,0.20600000000000002,0.027000000000000003,21.8,21.6,21.9,0.24100000000000002,1582531200
2/24/2020,9,0.15,0.012,0.001,0.01,0.153,0.027000000000000003,22.0,21.9,22.2,0.162,1582534800
2/24/2020,10,0.32299999999999995,0.174,0.327,0.004,0.17300000000000001,0.027999999999999997,22.4,22.2,22.6,0.49700000000000005,1582538400
2/24/2020,11,0.34299999999999997,0.036000000000000004,0.0,0.064,0.318,0.024,22.8,22.6,23.0,0.379,1582542000
2/24/2020,12,0.375,0.003,0.0,0.0,0.38,0.023,23.2,22.9,23.4,0.37799999999999995,1582545600
2/24/2020,13,0.37799999999999995,0.048,0.0,0.09,0.345,0.024,23.5,23.3,23.8,0.426,1582549200
2/24/2020,14,0.27899999999999997,0.001,0.0,0.0,0.289,0.022000000000000002,24.1,23.7,24.2,0.28,1582552800
2/24/2020,15,0.267,0.003,0.0,0.006,0.272,0.022000000000000002,24.0,23.9,24.2,0.27,1582556400
2/24/2020,16,0.619,0.301,0.5920000000000001,0.003,0.342,0.025,24.0,24.0,24.1,0.92,1582560000
2/24/2020,17,0.927,0.664,1.311,0.003,0.293,0.027999999999999997,24.0,23.9,24.1,1.591,1582563600
2/24/2020,18,0.28800000000000003,0.002,0.0,0.003,0.293,0.022000000000000002,23.9,23.9,24.1,0.29,1582567200
2/24/2020,19,0.27699999999999997,0.001,0.0,0.0,0.278,0.022000000000000002,23.9,23.7,23.9,0.278,1582570800
2/24/2020,20,0.645,0.405,0.7709999999999999,0.03,0.287,0.026000000000000002,23.9,23.8,23.9,1.05,1582574400
2/24/2020,21,0.342,0.013999999999999999,0.001,0.025,0.33899999999999997,0.022000000000000002,23.8,23.6,23.9,0.35600000000000004,1582578000
2/24/2020,22,0.34299999999999997,0.079,0.004,0.153,0.278,0.022000000000000002,23.7,23.6,23.8,0.42200000000000004,1582581600
2/24/2020,23,0.322,0.003,0.001,0.005,0.326,0.006999999999999999,23.6,23.4,23.7,0.325,1582585200
2/25/2020,0,0.5379999999999999,0.302,0.597,0.0,0.25,0.016,23.5,23.4,23.6,0.84,1582588800
2/25/2020,1,0.307,0.001,0.002,0.001,0.313,0.008,23.5,23.4,23.6,0.308,1582592400
2/25/2020,2,0.315,0.001,0.0,0.002,0.324,0.004,23.4,23.4,23.5,0.316,1582596000
2/25/2020,3,0.13699999999999998,0.001,0.001,0.001,0.141,0.017,23.3,23.3,23.4,0.138,1582599600
2/25/2020,4,0.14800000000000002,0.0,0.0,0.0,0.152,0.006999999999999999,23.2,23.1,23.3,0.14800000000000002,1582603200
2/25/2020,5,0.14400000000000002,0.002,0.0,0.0,0.147,0.006,23.1,23.1,23.2,0.146,1582606800
2/25/2020,6,0.135,0.002,0.0,0.001,0.14400000000000002,0.008,23.0,22.9,23.1,0.13699999999999998,1582610400
2/25/2020,7,0.295,0.057999999999999996,0.0,0.10800000000000001,0.253,0.023,23.2,23.0,23.6,0.353,1582614000
2/25/2020,8,0.28,0.057999999999999996,0.005,0.1,0.247,0.026000000000000002,23.6,23.4,23.7,0.33799999999999997,1582617600
2/25/2020,9,0.275,0.06,0.003,0.11599999999999999,0.226,0.022000000000000002,23.9,23.7,24.1,0.335,1582621200
2/25/2020,10,0.332,0.051,0.0,0.096,0.29100000000000004,0.023,24.2,24.1,24.3,0.38299999999999995,1582624800
2/25/2020,11,0.45299999999999996,0.001,0.0,0.0,0.46299999999999997,0.022000000000000002,24.4,24.3,24.6,0.45399999999999996,1582628400
2/25/2020,12,0.34,0.001,0.0,0.001,0.34700000000000003,0.022000000000000002,24.7,24.5,24.9,0.341,1582632000
2/25/2020,13,0.266,0.002,0.0,0.003,0.276,0.022000000000000002,25.0,24.8,25.1,0.268,1582635600
2/25/2020,14,0.345,0.0,0.0,0.0,0.354,0.016,25.3,25.1,25.5,0.345,1582639200
2/25/2020,15,0.67,0.354,0.003,0.68,0.35200000000000004,0.023,25.4,25.4,25.5,1.024,1582642800
2/25/2020,16,0.909,0.602,0.466,0.718,0.35100000000000003,0.027999999999999997,25.4,25.3,25.4,1.511,1582646400
2/25/2020,17,0.86,0.504,0.302,0.7,0.4,0.026000000000000002,25.3,25.3,25.4,1.364,1582650000
2/25/2020,18,0.53,0.207,0.0,0.396,0.342,0.024,25.3,25.3,25.4,0.737,1582653600
2/25/2020,19,0.415,0.04,0.0,0.075,0.38299999999999995,0.022000000000000002,25.4,25.3,25.4,0.455,1582657200
2/25/2020,20,0.557,0.282,0.408,0.147,0.303,0.027000000000000003,25.3,25.3,25.4,0.8390000000000001,1582660800
2/25/2020,21,0.349,0.006,0.001,0.002,0.353,0.027999999999999997,25.2,25.1,25.4,0.355,1582664400
2/25/2020,22,0.33799999999999997,0.001,0.0,0.0,0.349,0.021,25.1,25.1,25.2,0.33899999999999997,1582668000
2/25/2020,23,0.298,0.0,0.001,0.0,0.306,0.008,25.0,24.9,25.2,0.298,1582671600
2/26/2020,0,0.196,0.0,0.0,0.0,0.203,0.008,24.9,24.8,25.0,0.196,1582675200
2/26/2020,1,0.162,0.001,0.0,0.001,0.16699999999999998,0.018000000000000002,24.8,24.6,24.9,0.163,1582678800
2/26/2020,2,0.2,0.0,0.0,0.0,0.212,0.009000000000000001,24.6,24.4,24.7,0.2,1582682400
2/26/2020,3,0.255,0.003,0.003,0.0,0.27,0.006999999999999999,24.4,24.3,24.5,0.258,1582686000
2/26/2020,4,0.16899999999999998,0.0,0.0,0.0,0.18100000000000002,0.006,24.3,24.3,24.4,0.16899999999999998,1582689600
2/26/2020,5,0.27399999999999997,0.004,0.0,0.006999999999999999,0.28,0.006999999999999999,24.2,24.1,24.3,0.278,1582693200
2/26/2020,6,0.332,0.145,0.251,0.012,0.217,0.022000000000000002,24.2,24.1,24.3,0.47700000000000004,1582696800
2/26/2020,7,0.14800000000000002,0.001,0.0,0.0,0.159,0.022000000000000002,24.2,24.1,24.3,0.149,1582700400
2/26/2020,8,0.147,0.002,0.0,0.0,0.155,0.023,24.2,24.2,24.3,0.149,1582704000
2/26/2020,9,0.433,0.233,0.004,0.46299999999999997,0.217,0.024,24.3,24.3,24.4,0.6659999999999999,1582707600
2/26/2020,10,1.143,0.9620000000000001,1.8869999999999998,0.024,0.22899999999999998,0.032,24.4,24.3,24.6,2.105,1582711200
2/26/2020,11,0.34700000000000003,0.001,0.0,0.0,0.358,0.022000000000000002,24.7,24.6,24.8,0.348,1582714800
2/26/2020,12,0.38799999999999996,0.006999999999999999,0.0,0.013999999999999999,0.38799999999999996,0.022000000000000002,24.8,24.7,24.9,0.395,1582718400
2/26/2020,13,0.698,0.366,0.72,0.005,0.358,0.026000000000000002,24.8,24.7,24.9,1.064,1582722000
2/26/2020,14,0.23,0.001,0.001,0.001,0.24,0.022000000000000002,24.9,24.8,25.0,0.231,1582725600
2/26/2020,15,0.26,0.0,0.0,0.0,0.266,0.022000000000000002,25.0,24.9,25.1,0.26,1582729200
2/26/2020,16,0.259,0.001,0.0,0.0,0.271,0.022000000000000002,24.9,24.8,25.0,0.26,1582732800
2/26/2020,17,0.26899999999999996,0.002,0.0,0.003,0.27699999999999997,0.022000000000000002,24.8,24.7,24.9,0.271,1582736400
2/26/2020,18,0.703,0.276,0.39799999999999996,0.14800000000000002,0.465,0.027000000000000003,24.7,24.7,24.8,0.9790000000000001,1582740000
2/26/2020,19,0.993,0.55,1.09,0.0,0.47200000000000003,0.024,24.7,24.7,24.8,1.5430000000000001,1582743600
2/26/2020,20,0.41700000000000004,0.015,0.0,0.027000000000000003,0.413,0.022000000000000002,24.8,24.7,24.9,0.43200000000000005,1582747200
2/26/2020,21,0.316,0.026000000000000002,0.0,0.0,0.325,0.046,24.7,24.6,24.8,0.342,1582750800
2/26/2020,22,0.532,0.259,0.488,0.021,0.308,0.04,24.5,24.4,24.7,0.7909999999999999,1582754400
2/26/2020,23,0.397,0.001,0.0,0.0,0.402,0.009000000000000001,24.4,24.3,24.6,0.39799999999999996,1582758000
2/27/2020,0,0.226,0.0,0.0,0.0,0.23600000000000002,0.011000000000000001,24.2,24.1,24.3,0.226,1582761600
2/27/2020,1,0.223,0.001,0.002,0.001,0.22899999999999998,0.006999999999999999,24.1,23.9,24.2,0.22399999999999998,1582765200
2/27/2020,2,0.17300000000000001,0.001,0.0,0.0,0.183,0.013999999999999999,23.8,23.7,24.0,0.174,1582768800
2/27/2020,3,0.282,0.0,0.0,0.0,0.29,0.009000000000000001,23.6,23.4,23.7,0.282,1582772400
2/27/2020,4,0.304,0.0,0.002,0.001,0.305,0.008,23.3,23.1,23.6,0.304,1582776000
2/27/2020,5,0.188,0.0,0.0,0.0,0.196,0.006,23.0,22.9,23.2,0.188,1582779600
2/27/2020,6,0.32799999999999996,0.091,0.179,0.004,0.244,0.01,22.9,22.9,23.0,0.419,1582783200
2/27/2020,7,0.16399999999999998,0.001,0.0,0.0,0.16699999999999998,0.022000000000000002,22.8,22.6,22.9,0.165,1582786800
2/27/2020,8,0.157,0.002,0.001,0.001,0.16399999999999998,0.022000000000000002,22.6,22.5,22.7,0.159,1582790400
2/27/2020,9,0.348,0.192,0.377,0.0,0.17300000000000001,0.024,22.6,22.4,22.7,0.54,1582794000
2/27/2020,10,0.215,0.001,0.0,0.0,0.225,0.022000000000000002,22.7,22.6,22.8,0.21600000000000003,1582797600
2/27/2020,11,0.21899999999999997,0.001,0.0,0.0,0.23199999999999998,0.022000000000000002,22.8,22.8,22.9,0.22,1582801200
2/27/2020,12,0.225,0.002,0.002,0.001,0.235,0.023,22.8,22.8,22.9,0.22699999999999998,1582804800
2/27/2020,13,0.506,0.163,0.317,0.003,0.35600000000000004,0.027999999999999997,22.8,22.8,22.9,0.669,1582808400
2/27/2020,14,0.275,0.001,0.0,0.002,0.282,0.022000000000000002,22.8,22.8,22.9,0.276,1582812000
2/27/2020,15,0.302,0.001,0.001,0.001,0.311,0.022000000000000002,22.7,22.6,22.8,0.303,1582815600
2/27/2020,16,0.23199999999999998,0.003,0.002,0.002,0.237,0.025,22.6,22.5,22.8,0.235,1582819200
2/27/2020,17,0.335,0.003,0.001,0.001,0.344,0.024,22.4,22.2,22.6,0.33799999999999997,1582822800
2/27/2020,18,0.613,0.29,0.452,0.114,0.35200000000000004,0.027000000000000003,22.2,22.1,22.3,0.903,1582826400
2/27/2020,19,0.467,0.142,0.214,0.06,0.34700000000000003,0.026000000000000002,22.1,22.0,22.2,0.609,1582830000
2/27/2020,20,0.5539999999999999,0.379,0.535,0.066,0.317,0.121,22.0,21.9,22.1,0.9329999999999999,1582833600
2/27/2020,21,0.5589999999999999,0.128,0.0,0.239,0.45799999999999996,0.026000000000000002,21.9,21.9,22.0,0.687,1582837200
2/27/2020,22,0.41200000000000003,0.069,0.0,0.11900000000000001,0.361,0.027000000000000003,21.9,21.8,21.9,0.48100000000000004,1582840800
2/27/2020,23,0.19699999999999998,0.006,0.0,0.0,0.20800000000000002,0.018000000000000002,21.7,21.6,21.8,0.203,1582844400
2/28/2020,0,0.152,0.006999999999999999,0.0,0.0,0.162,0.024,21.6,21.4,21.7,0.159,1582848000
2/28/2020,1,0.133,0.008,0.0,0.0,0.146,0.018000000000000002,21.4,21.3,21.5,0.141,1582851600
2/28/2020,2,0.132,0.01,0.0,0.0,0.14400000000000002,0.016,21.3,21.1,21.3,0.142,1582855200
2/28/2020,3,0.133,0.009000000000000001,0.003,0.001,0.141,0.016,21.1,21.0,21.2,0.142,1582858800
2/28/2020,4,0.184,0.01,0.001,0.0,0.19699999999999998,0.016,20.9,20.8,21.1,0.19399999999999998,1582862400
2/28/2020,5,0.314,0.018000000000000002,0.0,0.018000000000000002,0.313,0.017,20.8,20.7,20.9,0.332,1582866000
2/28/2020,6,0.257,0.07400000000000001,0.0,0.121,0.204,0.02,20.8,20.7,20.8,0.331,1582869600
2/28/2020,7,0.175,0.011000000000000001,0.0,0.001,0.184,0.028999999999999998,20.8,20.7,21.0,0.18600000000000003,1582873200
2/28/2020,8,0.17300000000000001,0.01,0.0,0.0,0.18600000000000003,0.027999999999999997,21.1,20.9,21.2,0.183,1582876800
2/28/2020,9,0.175,0.009000000000000001,0.0,0.0,0.179,0.027999999999999997,21.1,21.1,21.2,0.184,1582880400
2/28/2020,10,0.171,0.009000000000000001,0.0,0.0,0.18,0.027999999999999997,21.2,21.1,21.2,0.18,1582884000
2/28/2020,11,0.8740000000000001,0.6629999999999999,1.2890000000000001,0.005,0.24100000000000002,0.033,21.2,21.1,21.3,1.537,1582887600
2/28/2020,12,0.303,0.033,0.001,0.048,0.282,0.027000000000000003,21.4,21.2,21.4,0.336,1582891200
2/28/2020,13,0.2,0.006999999999999999,0.0,0.0,0.209,0.027000000000000003,21.5,21.4,21.6,0.207,1582894800
2/28/2020,14,0.17300000000000001,0.008,0.0,0.0,0.183,0.027000000000000003,21.4,21.4,21.5,0.18100000000000002,1582898400
2/28/2020,15,0.433,0.009000000000000001,0.004,0.0,0.441,0.027999999999999997,21.3,21.3,21.4,0.442,1582902000
2/28/2020,16,0.36200000000000004,0.013000000000000001,0.002,0.006999999999999999,0.365,0.027000000000000003,21.3,21.2,21.4,0.375,1582905600
2/28/2020,17,0.23199999999999998,0.008,0.0,0.0,0.24100000000000002,0.027000000000000003,21.3,21.2,21.4,0.24,1582909200
2/28/2020,18,0.627,0.40700000000000003,0.5489999999999999,0.243,0.259,0.03,21.2,21.2,21.3,1.034,1582912800
2/28/2020,19,0.35,0.084,0.0,0.15,0.287,0.027000000000000003,21.3,21.2,21.3,0.434,1582916400
2/28/2020,20,0.6609999999999999,0.39899999999999997,0.778,0.001,0.29,0.03,21.3,21.2,21.4,1.06,1582920000
2/28/2020,21,0.297,0.008,0.001,0.001,0.302,0.027000000000000003,21.2,21.2,21.3,0.305,1582923600
2/28/2020,22,0.39399999999999996,0.016,0.0,0.016,0.39399999999999996,0.027000000000000003,21.1,21.1,21.2,0.41,1582927200
2/28/2020,23,0.545,0.312,0.445,0.17,0.268,0.021,21.1,21.1,21.1,0.857,1582930800
2/29/2020,0,0.295,0.019,0.002,0.018000000000000002,0.295,0.017,21.1,21.0,21.2,0.314,1582934400
2/29/2020,1,0.292,0.01,0.002,0.0,0.3,0.017,21.0,20.9,21.1,0.302,1582938000
2/29/2020,2,0.289,0.009000000000000001,0.0,0.0,0.303,0.016,21.0,20.9,21.0,0.298,1582941600
2/29/2020,3,0.182,0.009000000000000001,0.0,0.001,0.191,0.018000000000000002,20.9,20.9,21.0,0.191,1582945200
2/29/2020,4,0.136,0.01,0.0,0.001,0.147,0.018000000000000002,20.9,20.8,21.0,0.146,1582948800
2/29/2020,5,0.134,0.009000000000000001,0.001,0.001,0.145,0.017,20.8,20.8,20.9,0.14300000000000002,1582952400
2/29/2020,6,0.132,0.01,0.0,0.0,0.14400000000000002,0.017,20.8,20.8,20.9,0.142,1582956000
2/29/2020,7,0.33799999999999997,0.105,0.0,0.188,0.26,0.028999999999999998,20.9,20.8,21.0,0.44299999999999995,1582959600
2/29/2020,8,0.156,0.012,0.0,0.003,0.16,0.028999999999999998,21.0,20.9,21.1,0.168,1582963200
2/29/2020,9,0.34299999999999997,0.195,0.368,0.0,0.16899999999999998,0.031,21.1,21.1,21.2,0.5379999999999999,1582966800
2/29/2020,10,0.162,0.012,0.0,0.008,0.16699999999999998,0.027000000000000003,21.2,21.1,21.3,0.174,1582970400
2/29/2020,11,0.22699999999999998,0.012,0.0,0.008,0.231,0.027999999999999997,21.4,21.2,21.5,0.239,1582974000
2/29/2020,12,0.22399999999999998,0.008,0.001,0.001,0.23,0.027999999999999997,21.5,21.4,21.6,0.23199999999999998,1582977600
2/29/2020,13,0.204,0.038,0.0,0.061,0.184,0.027000000000000003,21.7,21.6,21.8,0.242,1582981200
2/29/2020,14,0.9359999999999999,0.426,0.6579999999999999,0.059000000000000004,0.653,0.11800000000000001,21.8,21.7,22.2,1.3619999999999999,1582984800
2/29/2020,15,0.32,0.13699999999999998,0.242,0.002,0.20600000000000002,0.034,22.2,22.1,22.4,0.457,1582988400
2/29/2020,16,0.517,0.345,0.6609999999999999,0.0,0.204,0.033,22.3,22.2,22.4,0.862,1582992000
2/29/2020,17,0.23399999999999999,0.057,0.0,0.03,0.228,0.048,22.4,22.3,22.4,0.29100000000000004,1582995600
2/29/2020,18,0.401,0.08,0.001,0.071,0.368,0.048,22.3,22.2,22.4,0.48100000000000004,1582999200
2/29/2020,19,0.40399999999999997,0.043,0.0,0.0,0.41,0.048,22.2,22.1,22.3,0.447,1583002800
2/29/2020,20,0.425,0.174,0.002,0.271,0.311,0.045,22.2,22.1,22.2,0.599,1583006400
2/29/2020,21,0.377,0.06,0.0,0.109,0.33299999999999996,0.025,22.2,22.2,22.3,0.43700000000000006,1583010000
2/29/2020,22,0.348,0.005,0.0,0.0,0.358,0.025,22.2,22.1,22.2,0.353,1583013600
2/29/2020,23,0.27399999999999997,0.005,0.0,0.0,0.281,0.012,22.0,22.0,22.1,0.27899999999999997,1583017200
3/1/2020,0,0.244,0.005,0.0,0.0,0.252,0.011000000000000001,21.9,21.9,22.1,0.249,1583020800
3/1/2020,1,0.187,0.008,0.0,0.0,0.2,0.022000000000000002,21.8,21.7,21.9,0.195,1583024400
3/1/2020,2,0.14300000000000002,0.008,0.001,0.001,0.153,0.017,21.6,21.6,21.8,0.151,1583028000
3/1/2020,3,0.14,0.006999999999999999,0.001,0.0,0.147,0.013999999999999999,21.5,21.4,21.6,0.147,1583031600
3/1/2020,4,0.14300000000000002,0.006999999999999999,0.0,0.0,0.15,0.017,21.5,21.4,21.5,0.15,1583035200
3/1/2020,5,0.21,0.006999999999999999,0.0,0.0,0.217,0.016,21.3,21.2,21.4,0.217,1583038800
3/1/2020,6,0.177,0.008,0.0,0.001,0.184,0.015,21.2,21.2,21.3,0.185,1583042400
3/1/2020,7,0.292,0.008,0.001,0.001,0.299,0.027000000000000003,21.2,21.2,21.3,0.3,1583046000
3/1/2020,8,0.218,0.023,0.0,0.027000000000000003,0.209,0.027999999999999997,21.4,21.3,21.4,0.24100000000000002,1583049600
3/1/2020,9,0.664,0.171,0.006,0.32299999999999995,0.503,0.034,21.4,21.4,21.5,0.835,1583053200
3/1/2020,10,0.252,0.061,0.0,0.109,0.21100000000000002,0.026000000000000002,21.6,21.5,21.7,0.313,1583056800
3/1/2020,11,0.444,0.013000000000000001,0.005,0.017,0.444,0.028999999999999998,21.7,21.6,21.8,0.457,1583060400
3/1/2020,12,1.146,0.768,1.4809999999999999,0.039,0.414,0.049,21.9,21.8,22.1,1.9140000000000001,1583064000
3/1/2020,13,0.27399999999999997,0.044000000000000004,0.0,0.068,0.24100000000000002,0.031,22.2,22.1,22.4,0.318,1583067600
3/1/2020,14,0.308,0.121,0.0,0.226,0.214,0.026000000000000002,22.4,22.3,22.4,0.429,1583071200
3/1/2020,15,0.395,0.129,0.001,0.244,0.28,0.025,22.4,22.3,22.4,0.524,1583074800
3/1/2020,16,0.27899999999999997,0.006,0.0,0.0,0.287,0.025,22.3,22.2,22.4,0.285,1583078400
3/1/2020,17,0.442,0.149,0.002,0.28,0.318,0.028999999999999998,22.2,22.1,22.2,0.591,1583082000
3/1/2020,18,0.5529999999999999,0.016,0.0,0.023,0.552,0.025,22.1,22.1,22.2,0.569,1583085600
3/1/2020,19,0.424,0.022000000000000002,0.001,0.034,0.415,0.025,22.1,22.0,22.1,0.446,1583089200
3/1/2020,20,0.40299999999999997,0.067,0.0,0.10099999999999999,0.358,0.03,22.0,22.0,22.1,0.47,1583092800
3/1/2020,21,0.894,0.54,0.506,0.546,0.414,0.031,22.0,21.9,22.1,1.4340000000000002,1583096400
3/1/2020,22,1.113,0.706,1.1909999999999998,0.205,0.47600000000000003,0.037000000000000005,22.1,22.0,22.2,1.819,1583100000
3/1/2020,23,0.262,0.008,0.0,0.004,0.27,0.017,22.1,21.9,22.2,0.27,1583103600
3/2/2020,0,0.237,0.006,0.0,0.0,0.249,0.02,21.9,21.8,22.0,0.243,1583107200
3/2/2020,1,0.177,0.006999999999999999,0.0,0.0,0.188,0.021,21.7,21.6,21.8,0.184,1583110800
3/2/2020,2,0.131,0.006999999999999999,0.001,0.0,0.142,0.017,21.5,21.4,21.7,0.138,1583114400
3/2/2020,3,0.135,0.006999999999999999,0.0,0.0,0.145,0.016,21.4,21.3,21.5,0.142,1583118000
3/2/2020,4,0.135,0.009000000000000001,0.001,0.001,0.13699999999999998,0.018000000000000002,21.3,21.2,21.4,0.14400000000000002,1583121600
3/2/2020,5,0.15,0.008,0.002,0.001,0.155,0.016,21.1,21.0,21.2,0.158,1583125200
3/2/2020,6,0.207,0.076,0.0,0.084,0.17600000000000002,0.044000000000000004,21.1,21.0,21.1,0.28300000000000003,1583128800
3/2/2020,7,0.13,0.012,0.002,0.001,0.136,0.03,21.2,21.1,21.6,0.142,1583132400
3/2/2020,8,0.22899999999999998,0.009000000000000001,0.0,0.0,0.237,0.027999999999999997,21.5,21.4,21.6,0.23800000000000002,1583136000
3/2/2020,9,0.19,0.008,0.0,0.004,0.19399999999999998,0.026000000000000002,21.6,21.5,21.7,0.198,1583139600
3/2/2020,10,0.47600000000000003,0.264,0.507,0.002,0.24,0.028999999999999998,21.7,21.6,21.9,0.74,1583143200
3/2/2020,11,0.282,0.009000000000000001,0.002,0.001,0.28800000000000003,0.027999999999999997,21.9,21.9,22.0,0.29100000000000004,1583146800
3/2/2020,12,0.161,0.006,0.0,0.0,0.163,0.026000000000000002,22.0,21.9,22.2,0.16699999999999998,1583150400
3/2/2020,13,0.138,0.006,0.0,0.0,0.14300000000000002,0.026000000000000002,22.3,22.1,22.4,0.14400000000000002,1583154000
3/2/2020,14,0.134,0.005,0.0,0.0,0.139,0.025,22.4,22.3,22.4,0.139,1583157600
3/2/2020,15,0.715,0.513,1.006,0.0,0.228,0.03,22.5,22.4,22.5,1.228,1583161200
3/2/2020,16,0.14400000000000002,0.005,0.0,0.0,0.156,0.025,22.5,22.4,22.6,0.149,1583164800
3/2/2020,17,0.136,0.005,0.002,0.003,0.145,0.025,22.5,22.4,22.6,0.141,1583168400
3/2/2020,18,0.48200000000000004,0.335,0.49700000000000005,0.161,0.17300000000000001,0.026000000000000002,22.4,22.4,22.5,0.8170000000000001,1583172000
3/2/2020,19,0.6409999999999999,0.166,0.0,0.319,0.5,0.024,22.4,22.4,22.5,0.807,1583175600
3/2/2020,20,0.358,0.079,0.003,0.14,0.303,0.027999999999999997,22.4,22.4,22.4,0.43700000000000006,1583179200
3/2/2020,21,0.205,0.006,0.0,0.003,0.22,0.024,22.3,22.2,22.5,0.21100000000000002,1583182800
3/2/2020,22,0.498,0.028999999999999998,0.0,0.049,0.483,0.024,22.1,22.0,22.2,0.527,1583186400
3/2/2020,23,0.397,0.005,0.0,0.001,0.40299999999999997,0.013000000000000001,22.0,21.9,22.1,0.402,1583190000
